Region,Year,Month,Date,ST-10,ST-30,ST-50,Temperature
Srimongal,2001,1,1,21.75,22.2,22.1,18
Srimongal,2001,1,2,22.9,22.55,22.25,18.6
Srimongal,2001,1,3,22.5,22.6,22.4,19.4
Srimongal,2001,1,4,22.05,22.5,22.5,19
Srimongal,2001,1,5,20.4,21.7,22.2,16.4
Srimongal,2001,1,6,19.8,20.7,21.6,14
Srimongal,2001,1,7,18.9,20.1,21.2,12.7
Srimongal,2001,1,8,18.9,20.05,20.85,12.8
Srimongal,2001,1,9,18.7,19.9,20.3,13.5
Srimongal,2001,1,10,19.5,20.3,20.6,15.2
Srimongal,2001,1,11,18.3,19.6,20.2,14.1
Srimongal,2001,1,12,17.9,19.3,20.05,12.8
Srimongal,2001,1,13,18.3,19.2,19.9,12.9
Srimongal,2001,1,14,18.55,19.3,19.8,14.6
Srimongal,2001,1,15,18.45,19,19.75,13.2
Srimongal,2001,1,16,19.2,19.45,19.8,14.2
Srimongal,2001,1,17,19.4,19.6,19.9,14.9
Srimongal,2001,1,18,19.5,19.8,19.95,15.4
Srimongal,2001,1,19,19.9,20.2,20.1,15.1
Srimongal,2001,1,20,20.2,20.45,20.2,15.6
Srimongal,2001,1,21,20.6,20.5,20,17
Srimongal,2001,1,22,20.65,20.75,20.65,17
Srimongal,2001,1,23,20.45,20.85,20.55,17
Srimongal,2001,1,24,20.4,20.5,20.6,16.9
Srimongal,2001,1,25,19.6,20.5,20.6,17
Srimongal,2001,1,26,18.95,20,20.15,14.2
Srimongal,2001,1,27,19,19.85,20.15,14.3
Srimongal,2001,1,28,19.1,19.75,20.05,14.1
Srimongal,2001,1,29,19.2,19.7,20,14.8
Srimongal,2001,1,30,19.8,20.1,20.25,15.9
Srimongal,2001,1,31,20.25,20.3,20.25,17.1
Srimongal,2001,2,1,21.2,20.85,20.55,17.6
Srimongal,2001,2,2,22,21.5,21,20.3
Srimongal,2001,2,3,21.8,21.75,21.25,19.3
Srimongal,2001,2,4,21.1,21.35,21.2,17
Srimongal,2001,2,5,20.85,21.15,21.15,16.6
Srimongal,2001,2,6,21.1,21.2,21.1,17.1
Srimongal,2001,2,7,21,21.25,21.1,17
Srimongal,2001,2,8,20.6,20.9,21,16.7
Srimongal,2001,2,9,20.6,21.15,21.05,16.4
Srimongal,2001,2,10,20.35,20.6,20.9,16.5
Srimongal,2001,2,11,21,21.25,21,17.1
Srimongal,2001,2,12,21.25,21.4,21.1,17.3
Srimongal,2001,2,13,21.65,21.7,21.25,17.7
Srimongal,2001,2,14,22,21.9,21.5,18.3
Srimongal,2001,2,15,22.15,22.15,21.5,19.5
Srimongal,2001,2,16,22.3,22.5,21.9,18.9
Srimongal,2001,2,17,23.2,22.65,22,19.6
Srimongal,2001,2,18,23.6,23,22.2,20.5
Srimongal,2001,2,19,24,23.7,22.75,21.2
Srimongal,2001,2,20,23.7,23.9,23.4,22.2
Srimongal,2001,2,21,22.4,22.7,23.3,20.4
Srimongal,2001,2,22,24.35,24,23.15,21.5
Srimongal,2001,2,23,23.4,23.8,23.15,20.6
Srimongal,2001,2,24,24.2,24,23.25,21.3
Srimongal,2001,2,25,23.65,24.45,23.4,22.3
Srimongal,2001,2,26,21.9,23.4,23.4,22.1
Srimongal,2001,2,27,23.2,22.95,22.75,20.6
Srimongal,2001,2,28,24.1,23.7,23.1,22.1
Srimongal,2001,3,1,24.05,24.25,23.5,22.5
Srimongal,2001,3,2,24.1,24.1,23.3,22.5
Srimongal,2001,3,3,24.4,24.3,23.7,23
Srimongal,2001,3,4,23.7,24.2,23.6,21.8
Srimongal,2001,3,5,21.85,23.5,23.25,20
Srimongal,2001,3,6,23.3,23.1,22.9,19
Srimongal,2001,3,7,24.7,23.9,23.1,20.7
Srimongal,2001,3,8,23.8,24,23,20.6
Srimongal,2001,3,9,23.9,24.3,23.5,20.7
Srimongal,2001,3,10,24.7,24.6,23.5,21.2
Srimongal,2001,3,11,25.1,24.7,23.8,22.2
Srimongal,2001,3,12,25.35,24.95,24,21.3
Srimongal,2001,3,13,25.6,25.15,23.55,22
Srimongal,2001,3,14,25.8,25.3,24.2,21.6
Srimongal,2001,3,15,26.2,25.7,24.5,22.4
Srimongal,2001,3,16,26.9,26.3,24.95,23.2
Srimongal,2001,3,17,27.45,26.5,24.95,23.4
Srimongal,2001,3,18,28.1,27.15,25.4,25.4
Srimongal,2001,3,19,27.8,27.35,25.75,24.4
Srimongal,2001,3,20,27.6,28.1,25.8,22.4
Srimongal,2001,3,21,28.1,27.25,25.4,24
Srimongal,2001,3,22,29.3,28.25,26.3,25.3
Srimongal,2001,3,23,29.8,28.8,26.75,27.8
Srimongal,2001,3,24,29.5,28.9,27.05,25.7
Srimongal,2001,3,25,29.1,28.7,27.05,25.9
Srimongal,2001,3,26,29.3,28.7,27,25.4
Srimongal,2001,3,27,28.1,29.05,27.4,26.2
Srimongal,2001,3,28,25.7,27.5,26.8,24.5
Srimongal,2001,3,29,26.7,27.1,26.45,23.7
Srimongal,2001,3,30,25.1,26.7,26.15,26.5
Srimongal,2001,3,31,26.4,26.4,25.5,23.8
Srimongal,2001,4,1,26.6,27.15,25.6,24.8
Srimongal,2001,4,2,25.8,26.75,26.1,25.4
Srimongal,2001,4,3,27.7,27.3,26.1,24.8
Srimongal,2001,4,4,28.75,27.95,26.65,26.2
Srimongal,2001,4,5,29.65,28.45,27.1,26.5
Srimongal,2001,4,6,30.25,29.2,27.3,27.5
Srimongal,2001,4,7,31.15,29.8,28,28.3
Srimongal,2001,4,8,31.45,30.25,28.25,28.4
Srimongal,2001,4,9,30.85,30.3,28.4,28.8
Srimongal,2001,4,10,31.35,30.55,28.55,28.7
Srimongal,2001,4,11,26.7,30.7,28.8,28.2
Srimongal,2001,4,12,30.7,30.7,29,28.8
Srimongal,2001,4,13,28.15,29.35,28.6,26.8
Srimongal,2001,4,14,26.4,27.8,27.75,24.2
Srimongal,2001,4,15,29.55,29.4,27.3,23.9
Srimongal,2001,4,16,29.55,28.95,27.15,26.7
Srimongal,2001,4,17,29.35,29.55,28.1,27.1
Srimongal,2001,4,18,28.95,29.1,28.05,26.5
Srimongal,2001,4,19,28.05,29.5,28.2,25.7
Srimongal,2001,4,20,27.95,28.35,27.8,24.1
Srimongal,2001,4,21,28.7,29,27.7,26.2
Srimongal,2001,4,22,29.8,29.35,27.95,27.2
Srimongal,2001,4,23,30.1,29.75,28.25,27.2
Srimongal,2001,4,24,31,30.15,28.1,26.8
Srimongal,2001,4,25,31.1,30.6,28.8,27.6
Srimongal,2001,4,26,31.35,30.9,29.1,28.5
Srimongal,2001,4,27,31.1,30.9,29.2,28.6
Srimongal,2001,4,28,30,30.25,28.55,28.8
Srimongal,2001,4,29,27.2,29,28.6,25.8
Srimongal,2001,4,30,25.2,27.1,27.55,22.4
Srimongal,2001,5,1,27.5,27.65,27,23.6
Srimongal,2001,5,2,27.1,28,27.45,26.5
Srimongal,2001,5,3,26.55,27.4,27.2,24
Srimongal,2001,5,4,26.8,27.45,27.05,24.9
Srimongal,2001,5,5,25.4,27.1,26.95,24.3
Srimongal,2001,5,6,26.15,26.65,26.65,23.3
Srimongal,2001,5,7,25.75,26.7,26.5,24.9
Srimongal,2001,5,8,26.2,26.7,26.3,24.3
Srimongal,2001,5,9,24.15,25.85,26.3,24.5
Srimongal,2001,5,10,25.55,27.2,26.4,25.4
Srimongal,2001,5,11,25.3,25.5,25.4,21.1
Srimongal,2001,5,12,27.7,27.25,26,24.6
Srimongal,2001,5,13,28.65,28.25,26.8,26.4
Srimongal,2001,5,14,29.85,29.4,27.55,28
Srimongal,2001,5,15,31.65,30.5,28.2,29.3
Srimongal,2001,5,16,31.9,30.55,28.7,29.8
Srimongal,2001,5,17,30.6,30.45,28.7,27.8
Srimongal,2001,5,18,30.95,30.7,29,28.3
Srimongal,2001,5,19,29.35,29.7,27.8,28.6
Srimongal,2001,5,20,29.65,29.75,28.6,25.9
Srimongal,2001,5,21,30.05,29.85,28.7,27.5
Srimongal,2001,5,22,28.65,29.55,28.8,28.1
Srimongal,2001,5,23,26.9,28.6,28.3,25.2
Srimongal,2001,5,24,27.85,28.4,28,25
Srimongal,2001,5,25,28.9,29.2,28.1,27
Srimongal,2001,5,26,29.6,29.6,28.45,26.8
Srimongal,2001,5,27,30.4,30.2,28.7,27.6
Srimongal,2001,5,28,31.75,31,29.25,29.9
Srimongal,2001,5,29,29.2,30.2,29.3,30.1
Srimongal,2001,5,30,29.75,29.95,29,25.6
Srimongal,2001,5,31,28.1,28.9,28.5,28.7
Srimongal,2001,6,1,27.3,28.85,28.5,25.1
Srimongal,2001,6,2,28,28.7,28.2,25.2
Srimongal,2001,6,3,28.2,28.9,28.2,25.8
Srimongal,2001,6,4,26.7,28.5,28.2,27
Srimongal,2001,6,5,25.85,27.15,27.15,25.1
Srimongal,2001,6,6,25.2,26.6,26.7,23.4
Srimongal,2001,6,7,26.85,27.55,26.9,24.5
Srimongal,2001,6,8,28.6,28.4,27.35,26.3
Srimongal,2001,6,9,29.1,28.95,27.7,26.7
Srimongal,2001,6,10,30.7,29.65,28.1,26.8
Srimongal,2001,6,11,29.35,29.1,28.2,28.6
Srimongal,2001,6,12,30.9,30.45,28.7,27.4
Srimongal,2001,6,13,30.2,30.85,29.15,30
Srimongal,2001,6,14,28.7,29.9,29.1,28
Srimongal,2001,6,15,28.7,29.5,28.8,26.8
Srimongal,2001,6,16,28.6,28.7,28.5,26.5
Srimongal,2001,6,17,29.05,29.5,28.65,26.9
Srimongal,2001,6,18,28.5,29.6,28.6,27
Srimongal,2001,6,19,28.4,29.25,28.6,26.9
Srimongal,2001,6,20,28.85,28.8,28.5,27
Srimongal,2001,6,21,29.7,29.75,28.65,27.7
Srimongal,2001,6,22,31.3,30.2,28.9,28.1
Srimongal,2001,6,23,30.8,30.6,29.3,28.6
Srimongal,2001,6,24,31.2,30.7,29.5,28.9
Srimongal,2001,6,25,30.75,31.1,29.75,28.9
Srimongal,2001,6,26,31,30.9,29.7,28.7
Srimongal,2001,6,27,30.55,30.95,29.75,28.6
Srimongal,2001,6,28,31.65,31.35,29.85,28.5
Srimongal,2001,6,29,30.8,31.45,30.15,29.2
Srimongal,2001,6,30,29.9,30.8,30.1,28
Srimongal,2001,7,1,29.4,30.45,30.05,27.8
Srimongal,2001,7,2,29.5,30.2,29.3,26.5
Srimongal,2001,7,3,31.05,31.05,29.65,27.5
Srimongal,2001,7,4,32,31.6,30.05,29.4
Srimongal,2001,7,5,31.75,32.05,29.9,30.5
Srimongal,2001,7,6,32.1,31.7,30.5,29.2
Srimongal,2001,7,7,32.45,32.05,30.5,28.7
Srimongal,2001,7,8,32.4,32.25,30.55,29.3
Srimongal,2001,7,9,30.85,32.35,30.9,30.4
Srimongal,2001,7,10,30.3,31.2,30.5,27.7
Srimongal,2001,7,11,30.4,31,30.3,27.4
Srimongal,2001,7,12,30.2,30.7,30.1,28.2
Srimongal,2001,7,13,29.6,30.65,30,27.7
Srimongal,2001,7,14,29.35,30.4,29.7,27.3
Srimongal,2001,7,15,31.05,30.95,29.8,27.1
Srimongal,2001,7,16,31.1,31.4,30,29
Srimongal,2001,7,17,32,31.6,30.25,28.1
Srimongal,2001,7,18,30.9,30.95,30,28.4
Srimongal,2001,7,19,30.5,30.9,30.1,27.2
Srimongal,2001,7,20,29.8,30.8,29.95,27.8
Srimongal,2001,7,21,30.3,30.95,30.05,26.8
Srimongal,2001,7,22,30.95,31.2,30.2,28.2
Srimongal,2001,7,23,30.85,31.35,30.2,29
Srimongal,2001,7,24,30.4,31.1,30.1,28.3
Srimongal,2001,7,25,29.7,30.75,30.05,28.6
Srimongal,2001,7,26,29.8,30.6,29.95,27.3
Srimongal,2001,7,27,29.85,30.6,29.8,27.8
Srimongal,2001,7,28,29.55,30.35,29.7,27.8
Srimongal,2001,7,29,28.7,29.85,29.55,27.6
Srimongal,2001,7,30,27.9,29.1,29,26.7
Srimongal,2001,7,31,27.9,29.1,29,26.1
Srimongal,2001,8,1,28.5,28.9,28.8,26.2
Srimongal,2001,8,2,30.25,29.25,28.95,26.8
Srimongal,2001,8,3,31.4,30.9,29.3,28.2
Srimongal,2001,8,4,31.15,31.55,29.8,29.1
Srimongal,2001,8,5,30.4,30.6,29.9,27.5
Srimongal,2001,8,6,29.4,29.1,29.6,27.9
Srimongal,2001,8,7,31.2,30.7,29.45,26.2
Srimongal,2001,8,8,31.45,31.65,30.05,29.6
Srimongal,2001,8,9,31.05,31.2,30.05,27.7
Srimongal,2001,8,10,31.45,31.55,30.3,28.7
Srimongal,2001,8,11,31.4,31.55,30.35,29.3
Srimongal,2001,8,12,31.75,31.7,30.3,28.9
Srimongal,2001,8,13,31.4,31.8,30.4,29.8
Srimongal,2001,8,14,30.2,31.35,30.5,29.5
Srimongal,2001,8,15,30.7,30.9,30.1,26.8
Srimongal,2001,8,16,30.85,31.2,30.15,28.3
Srimongal,2001,8,17,30.8,31.3,30.2,28.8
Srimongal,2001,8,18,27,31.8,30.35,28.9
Srimongal,2001,8,19,31.8,31.8,30.5,29.6
Srimongal,2001,8,20,32.2,31.95,30.6,29.7
Srimongal,2001,8,21,30.5,31.5,30.4,29.1
Srimongal,2001,8,22,30.95,31.4,30.4,28.3
Srimongal,2001,8,23,31.65,31.5,30.3,28.9
Srimongal,2001,8,24,29.95,31.45,30.4,29
Srimongal,2001,8,25,30.5,30.85,30.1,27
Srimongal,2001,8,26,31.4,31.15,30.2,28.5
Srimongal,2001,8,27,30.5,31,30.2,29.1
Srimongal,2001,8,28,30.35,30.75,29.95,27.5
Srimongal,2001,8,29,31,31.4,30.2,28.3
Srimongal,2001,8,30,30.85,30.75,29.95,28.9
Srimongal,2001,8,31,31.5,31.3,30.1,28.9
Srimongal,2001,9,1,30.35,31.25,30.25,29.1
Srimongal,2001,9,2,30.2,30.6,29.4,28
Srimongal,2001,9,3,29.25,30.35,29.95,28.2
Srimongal,2001,9,4,30,30.3,29.55,26
Srimongal,2001,9,5,30.55,30.9,29.8,29
Srimongal,2001,9,6,30.8,31.1,30,28.3
Srimongal,2001,9,7,30.1,30.85,30.2,28.6
Srimongal,2001,9,8,30.5,30.8,30,27.5
Srimongal,2001,9,9,30.55,31,30.05,28.4
Srimongal,2001,9,10,30.6,31,30,28.3
Srimongal,2001,9,11,31.05,31.2,30.1,28.6
Srimongal,2001,9,12,30.7,31.35,30.1,28.4
Srimongal,2001,9,13,30.6,31,30.05,27.9
Srimongal,2001,9,14,31.2,31.1,30,28
Srimongal,2001,9,15,31.4,31.35,30.2,29
Srimongal,2001,9,16,30.2,30.9,30.15,29.3
Srimongal,2001,9,17,31.55,31.5,30.35,28.6
Srimongal,2001,9,18,28.6,30.5,30.1,27.8
Srimongal,2001,9,19,27.15,28.6,29.1,25.3
Srimongal,2001,9,20,27.2,27.25,27.6,24.9
Srimongal,2001,9,21,29,29.1,28.3,25.1
Srimongal,2001,9,22,30,30,28.9,28.3
Srimongal,2001,9,23,29.5,30,29.3,29.1
Srimongal,2001,9,24,29.25,30.45,29.35,27.1
Srimongal,2001,9,25,30.55,30.8,29.5,28.4
Srimongal,2001,9,26,30.6,30.9,30.7,27.9
Srimongal,2001,9,27,30.3,30.75,29.75,29.2
Srimongal,2001,9,28,31.5,31,29.7,27.7
Srimongal,2001,9,29,31.9,31.6,30,29.5
Srimongal,2001,9,30,29.85,31.4,30.15,29.7
Srimongal,2001,10,1,29.3,30.5,29.8,27
Srimongal,2001,10,2,28.7,28.7,29.3,26.7
Srimongal,2001,10,3,28.75,29.4,29.15,26.2
Srimongal,2001,10,4,28.3,29.2,28.8,25.2
Srimongal,2001,10,5,29.2,29.6,29,26.1
Srimongal,2001,10,6,29.15,30,29,27.5
Srimongal,2001,10,7,30.1,30.1,29.2,27.1
Srimongal,2001,10,8,28.9,29.8,29.1,28.9
Srimongal,2001,10,9,29.8,29.8,29.05,26.8
Srimongal,2001,10,10,27.8,28.6,28.6,27.3
Srimongal,2001,10,11,28.7,28.9,28.1,24.4
Srimongal,2001,10,12,29.4,29.6,28.6,27.2
Srimongal,2001,10,13,29,29.45,28.6,27.6
Srimongal,2001,10,14,26.6,28.2,28.5,27.5
Srimongal,2001,10,15,28.5,28.3,27.8,23.1
Srimongal,2001,10,16,29.2,29.1,28.5,28
Srimongal,2001,10,17,29.8,29.7,28.6,27.7
Srimongal,2001,10,18,26.7,28.5,28.3,27.5
Srimongal,2001,10,19,28,28.3,28,23.3
Srimongal,2001,10,20,28.1,28.7,28,25.1
Srimongal,2001,10,21,29,29.2,28.2,26.5
Srimongal,2001,10,22,29,29.3,28.4,27
Srimongal,2001,10,23,28.95,29.5,28.5,27.1
Srimongal,2001,10,24,28.6,29.4,28.5,26.6
Srimongal,2001,10,25,29.05,29.35,28.55,26.7
Srimongal,2001,10,26,28.9,29.3,28.4,26.6
Srimongal,2001,10,27,26.95,28.6,28.4,26.8
Srimongal,2001,10,28,28,28.65,28.1,24.6
Srimongal,2001,10,29,28.75,29.15,28.15,26.1
Srimongal,2001,10,30,27.8,28.7,28.3,26.4
Srimongal,2001,10,31,25.55,27.7,28,24.7
Srimongal,2001,11,1,27,27.6,27.2,22.1
Srimongal,2001,11,2,27.6,28,27.55,24.6
Srimongal,2001,11,3,27.15,27.9,27.55,24.7
Srimongal,2001,11,4,27.2,27.8,27.6,25.1
Srimongal,2001,11,5,26.9,27.8,27.4,24.8
Srimongal,2001,11,6,27.2,27.8,27.4,24
Srimongal,2001,11,7,26.4,27.7,27.5,25.8
Srimongal,2001,11,8,25.35,26.75,27,22.5
Srimongal,2001,11,9,25.7,26.65,26.65,21.8
Srimongal,2001,11,10,26.7,27.1,26.8,24.1
Srimongal,2001,11,11,25.7,27.2,27,25.3
Srimongal,2001,11,12,24.95,26.35,26.7,22.2
Srimongal,2001,11,13,26,27.2,26.4,22.3
Srimongal,2001,11,14,26.2,27.1,26.6,24.4
Srimongal,2001,11,15,26.35,27.1,26.7,24.1
Srimongal,2001,11,16,26.6,28.2,26.8,24.5
Srimongal,2001,11,17,25.5,26.6,26.6,23.2
Srimongal,2001,11,18,25.4,26.4,26.3,22.9
Srimongal,2001,11,19,24.5,25.9,26,22.9
Srimongal,2001,11,20,24.8,25.9,25.9,21.7
Srimongal,2001,11,21,24.5,25.7,25.8,22.2
Srimongal,2001,11,22,24.7,25.65,25.7,22.1
Srimongal,2001,11,23,24.1,25.4,25.6,22.1
Srimongal,2001,11,24,24.4,25.3,25.4,21.5
Srimongal,2001,11,25,24.2,24.6,25,20.8
Srimongal,2001,11,26,24.3,24.9,25.1,20.7
Srimongal,2001,11,27,24.9,25.1,25,20.9
Srimongal,2001,11,28,24.15,24.85,24.95,20.5
Srimongal,2001,11,29,23.35,24.35,24.7,19
Srimongal,2001,11,30,23.15,24.1,24.35,19
Srimongal,2001,12,1,22.05,23.5,24,18
Srimongal,2001,12,2,21.4,22.8,23.6,17.1
Srimongal,2001,12,3,21.5,22.7,23.3,16.8
Srimongal,2001,12,4,21.9,22.8,23.05,17.3
Srimongal,2001,12,5,21.7,22.4,22.9,17.2
Srimongal,2001,12,6,21.8,22.4,22.85,18.1
Srimongal,2001,12,7,22.25,22.9,22.85,18.2
Srimongal,2001,12,8,21.8,22.4,22.9,17.6
Srimongal,2001,12,9,22.7,22.9,22.85,18.7
Srimongal,2001,12,10,22.4,22.7,22.9,19.1
Srimongal,2001,12,11,21.9,22.5,22.9,17.6
Srimongal,2001,12,12,20.9,22.2,22.55,16.5
Srimongal,2001,12,13,21.55,22.15,22.35,16.6
Srimongal,2001,12,14,22.35,22.4,22.4,16.9
Srimongal,2001,12,15,22.15,22.5,22.55,17.4
Srimongal,2001,12,16,22.2,22.3,22.5,18.2
Srimongal,2001,12,17,21.55,22.25,22.35,17.3
Srimongal,2001,12,18,21.6,21.9,22.2,17.4
Srimongal,2001,12,19,21.7,22.1,22.25,17.1
Srimongal,2001,12,20,20.8,21.8,22.5,17.6
Srimongal,2001,12,21,20.55,21.7,22.1,17
Srimongal,2001,12,22,21.15,21.5,21.85,16.9
Srimongal,2001,12,23,21.25,21.6,21.85,16.9
Srimongal,2001,12,24,21,21.5,22,16.4
Srimongal,2001,12,25,21.5,21.7,21.75,17.3
Srimongal,2001,12,26,21.2,21.9,21.9,18
Srimongal,2001,12,27,22.1,22.2,21.95,18.7
Srimongal,2001,12,28,22.6,22.2,21.9,18.6
Srimongal,2001,12,29,21.7,21.9,22.3,18.3
Srimongal,2001,12,30,20.7,21.7,21.7,17.4
Srimongal,2001,12,31,20.7,21.45,21.55,16.4
Srimongal,2002,1,1,20.8,20.9,21.3,16
Srimongal,2002,1,2,20.55,21.05,21.25,15.6
Srimongal,2002,1,3,20.1,21,21,15.9
Srimongal,2002,1,4,20.7,21,21.3,16.6
Srimongal,2002,1,5,21.4,21.4,21.85,17.5
Srimongal,2002,1,6,21.3,21.4,21.3,17.5
Srimongal,2002,1,7,20.3,21.1,21.3,17.2
Srimongal,2002,1,8,20.15,20.7,21,16.1
Srimongal,2002,1,9,21.3,21.25,21.1,17.7
Srimongal,2002,1,10,21,21.2,21.2,18
Srimongal,2002,1,11,20.4,21.05,21.1,16.8
Srimongal,2002,1,12,20.25,20.9,21,16.4
Srimongal,2002,1,13,20.45,20.7,20.9,16.2
Srimongal,2002,1,14,20.45,20.7,20.9,15.9
Srimongal,2002,1,15,19.8,20.5,20.8,16.8
Srimongal,2002,1,16,20.45,20.75,20.8,16.7
Srimongal,2002,1,17,21.1,21.2,20.9,18.5
Srimongal,2002,1,18,21.75,21.6,21.3,18.7
Srimongal,2002,1,19,21.95,21.85,21.4,19.9
Srimongal,2002,1,20,22.15,22,21.6,19.6
Srimongal,2002,1,21,21.3,22.5,21.9,19.6
Srimongal,2002,1,22,22.1,22.4,22,20.7
Srimongal,2002,1,23,21.5,22.3,22,20.9
Srimongal,2002,1,24,21.2,21.95,21.85,19.4
Srimongal,2002,1,25,19.2,20.9,21.3,17.6
Srimongal,2002,1,26,18.7,20.2,21,14.8
Srimongal,2002,1,27,18.9,19.45,20,15.2
Srimongal,2002,1,28,16.55,19.4,20.3,15.5
Srimongal,2002,1,29,18.45,19.2,20,13.4
Srimongal,2002,1,30,20.2,20.4,20.3,17.3
Srimongal,2002,1,31,19.4,20.2,20.3,17.2
Srimongal,2002,2,1,19,19.5,20.2,15.9
Srimongal,2002,2,2,19.6,20.2,20.2,15.7
Srimongal,2002,2,3,19,20,20.25,16.3
Srimongal,2002,2,4,19.35,20.2,20.3,15.9
Srimongal,2002,2,5,19.65,20.05,20.15,16
Srimongal,2002,2,6,20.05,20.4,20.3,16.1
Srimongal,2002,2,7,20.25,20.8,20.5,16.9
Srimongal,2002,2,8,21.2,21.3,20.55,17.6
Srimongal,2002,2,9,22.95,22.2,21.3,20.8
Srimongal,2002,2,10,22.85,22.5,21.6,21.2
Srimongal,2002,2,11,23.1,23.1,21.9,19.5
Srimongal,2002,2,12,22.95,23.05,22.25,21
Srimongal,2002,2,13,23,22.95,22.1,20.7
Srimongal,2002,2,14,23.1,23.15,22.4,20
Srimongal,2002,2,15,22.45,22.8,22.3,18.8
Srimongal,2002,2,16,22.65,22.8,22.3,18.8
Srimongal,2002,2,17,23.3,23.15,22.35,19.9
Srimongal,2002,2,18,24,23.5,22.85,20.8
Srimongal,2002,2,19,23.6,23.6,22.9,21.1
Srimongal,2002,2,20,23.1,23.5,22.7,21
Srimongal,2002,2,21,22.8,23.35,22.85,19.7
Srimongal,2002,2,22,24.1,23.7,22.9,20.5
Srimongal,2002,2,23,24.95,24.5,23.5,22.9
Srimongal,2002,2,24,24.2,24.3,23.5,21.2
Srimongal,2002,2,25,24.75,24.5,23.55,21.7
Srimongal,2002,2,26,25.55,25.1,23.9,23.3
Srimongal,2002,2,27,24.95,25.05,24.2,22.3
Srimongal,2002,2,28,24.1,24.5,23.9,19.9
Srimongal,2002,3,1,24.7,24.6,23.8,19.8
Srimongal,2002,3,2,25.15,24.9,24,21.8
Srimongal,2002,3,3,22.9,24.35,24.1,22.3
Srimongal,2002,3,4,23.6,23.65,23.55,19.1
Srimongal,2002,3,5,25.05,26.65,23.7,22.3
Srimongal,2002,3,6,24.5,24.6,23.8,21.1
Srimongal,2002,3,7,24.8,24.7,24,21.1
Srimongal,2002,3,8,24.6,24.6,23.9,20.5
Srimongal,2002,3,9,24.9,24.65,23.95,20.3
Srimongal,2002,3,10,25.85,25.2,24.2,22
Srimongal,2002,3,11,27,26.15,24.7,23.9
Srimongal,2002,3,12,27.7,26.75,25.15,25.3
Srimongal,2002,3,13,27.3,26.95,25.45,24.7
Srimongal,2002,3,14,26.65,26.65,25.5,23
Srimongal,2002,3,15,26.9,26.7,25.6,23.3
Srimongal,2002,3,16,27.4,26.8,25.6,24.3
Srimongal,2002,3,17,27.55,26.9,25.75,23.3
Srimongal,2002,3,18,27.8,27.25,26,24.1
Srimongal,2002,3,19,27.55,27.45,26.2,24.1
Srimongal,2002,3,20,27.7,27.4,26.1,24.5
Srimongal,2002,3,21,28,27.5,26.3,24.3
Srimongal,2002,3,22,28,27.5,26.4,24.5
Srimongal,2002,3,23,26.15,27.3,26.45,25.4
Srimongal,2002,3,24,24.45,26.3,25.85,24.1
Srimongal,2002,3,25,24.8,25.4,25.3,23
Srimongal,2002,3,26,25,25.7,25.3,25.1
Srimongal,2002,3,27,23.95,25.3,25,22
Srimongal,2002,3,28,25.65,25.7,25.1,22.9
Srimongal,2002,3,29,25.4,26.1,25.3,24.1
Srimongal,2002,3,30,25.75,25.85,24.8,24.6
Srimongal,2002,3,31,27.15,26.75,25.5,24.5
Srimongal,2002,4,1,25.95,27.2,25.95,25.3
Srimongal,2002,4,2,23.25,24.7,25.25,21.5
Srimongal,2002,4,3,23.4,24.1,24.35,20.4
Srimongal,2002,4,4,24.85,24.65,24.2,20.6
Srimongal,2002,4,5,25.9,25.8,24.75,24.1
Srimongal,2002,4,6,27.7,26.7,25.4,25.3
Srimongal,2002,4,7,29.15,27.8,26.05,26.7
Srimongal,2002,4,8,30.2,28.6,26.6,27.7
Srimongal,2002,4,9,29,29.1,27.2,27.2
Srimongal,2002,4,10,29.6,28.7,27.2,26.8
Srimongal,2002,4,11,25.45,27,26.7,23.8
Srimongal,2002,4,12,25.9,26.65,26.15,22.5
Srimongal,2002,4,13,26.9,26.95,26.05,24.2
Srimongal,2002,4,14,28.2,27.7,26.2,24.4
Srimongal,2002,4,15,27.3,27.3,26.45,26.4
Srimongal,2002,4,16,27.9,27.4,26.5,24.9
Srimongal,2002,4,17,26.3,26.75,26.5,26.1
Srimongal,2002,4,18,27.6,27.2,26.2,25.2
Srimongal,2002,4,19,28.2,27.95,26.7,28.5
Srimongal,2002,4,20,29.7,28.6,27,28.4
Srimongal,2002,4,21,30.8,29.5,27.65,29.7
Srimongal,2002,4,22,28,28.9,27.7,28.4
Srimongal,2002,4,23,28.5,27.8,27.1,23.6
Srimongal,2002,4,24,30.15,29.6,27.3,26.5
Srimongal,2002,4,25,28,29.7,27.85,27.5
Srimongal,2002,4,26,28.7,28.6,27,26.3
Srimongal,2002,4,27,28.1,28.25,27.6,26.4
Srimongal,2002,4,28,28,28.65,27.65,25.9
Srimongal,2002,4,29,26.9,27.7,27.2,25.9
Srimongal,2002,4,30,26.8,27.7,27.1,24.9
Srimongal,2002,5,1,26.4,27.75,27.25,25.1
Srimongal,2002,5,2,24.9,26.3,26.5,22.8
Srimongal,2002,5,3,26.6,26.4,25.7,22.5
Srimongal,2002,5,4,26.85,27.35,26.65,25.5
Srimongal,2002,5,5,25.8,27,26.6,24.7
Srimongal,2002,5,6,24.9,26.25,26.3,23.4
Srimongal,2002,5,7,26.55,26.6,26,21.9
Srimongal,2002,5,8,27.3,27.1,26.4,27.2
Srimongal,2002,5,9,28.3,28.7,27.3,27
Srimongal,2002,5,10,27.1,27.3,27.5,28.4
Srimongal,2002,5,11,27.3,28.4,27.6,27.5
Srimongal,2002,5,12,26.85,28.1,27.4,25
Srimongal,2002,5,13,28.8,28.3,27.3,24.7
Srimongal,2002,5,14,27.45,28.25,27.8,29
Srimongal,2002,5,15,29.2,29.4,28,28.2
Srimongal,2002,5,16,30.2,30,28.35,27.3
Srimongal,2002,5,17,30.3,31,29.1,29.3
Srimongal,2002,5,18,30.9,31.5,29.5,30.1
Srimongal,2002,5,19,29.4,30.35,29.4,29.1
Srimongal,2002,5,20,29.2,29.5,28.9,24.8
Srimongal,2002,5,21,26.7,28.7,28.5,28.8
Srimongal,2002,5,22,25.9,27.6,27.8,24.1
Srimongal,2002,5,23,26.7,27.3,27.1,24.3
Srimongal,2002,5,24,27.6,28.15,27.4,24.5
Srimongal,2002,5,25,28.55,28.55,27.7,26.7
Srimongal,2002,5,26,25.15,27.65,27.7,25.7
Srimongal,2002,5,27,25.8,26.4,26.7,21.9
Srimongal,2002,5,28,26.75,27,26.55,24.3
Srimongal,2002,5,29,28,28.3,26.9,25.2
Srimongal,2002,5,30,29.5,29.3,27.8,26.7
Srimongal,2002,5,31,27.8,28.9,28.05,27.8
Srimongal,2002,6,1,26.8,27.65,27.55,24.9
Srimongal,2002,6,2,27.95,27.95,27.25,24.3
Srimongal,2002,6,3,29.15,28.8,27.65,27.4
Srimongal,2002,6,4,27.3,28.5,27.8,27.9
Srimongal,2002,6,5,29.85,29.2,27.9,24.9
Srimongal,2002,6,6,28.9,29.45,28.5,29.2
Srimongal,2002,6,7,27.4,28.8,28.1,26.3
Srimongal,2002,6,8,27.2,28.2,27.8,24.4
Srimongal,2002,6,9,28.05,28.5,27.65,25.3
Srimongal,2002,6,10,29.1,29.05,28,26.5
Srimongal,2002,6,11,29.3,29.5,28.3,26.9
Srimongal,2002,6,12,28.55,28.7,28.3,27.9
Srimongal,2002,6,13,26.7,27.7,27.5,26.6
Srimongal,2002,6,14,28.6,28.3,27.7,25.7
Srimongal,2002,6,15,27.25,28.2,27.95,27.7
Srimongal,2002,6,16,26.9,27.1,27.45,25.1
Srimongal,2002,6,17,29.1,28.75,27.7,25.9
Srimongal,2002,6,18,30.2,29.8,28.3,28.7
Srimongal,2002,6,19,29.45,30.1,28.75,29.8
Srimongal,2002,6,20,30.25,30.1,28.75,28.3
Srimongal,2002,6,21,29.95,30.1,29.1,28.8
Srimongal,2002,6,22,30.4,30.5,29.1,27.6
Srimongal,2002,6,23,30.8,30.7,29.45,29.4
Srimongal,2002,6,24,30.5,30.7,29.5,28.6
Srimongal,2002,6,25,30.4,30.85,29.5,28
Srimongal,2002,6,26,30.9,30.8,29.8,28.1
Srimongal,2002,6,27,29.85,30.7,29.75,28.7
Srimongal,2002,6,28,30.2,30.4,29.55,28.1
Srimongal,2002,6,29,30.55,30.9,29.75,28.3
Srimongal,2002,6,30,30,30.7,29.8,28.9
Srimongal,2002,7,1,29.25,30.4,29.6,28.4
Srimongal,2002,7,2,29.4,29.95,29.4,26.5
Srimongal,2002,7,3,29.45,29.95,29.35,28.1
Srimongal,2002,7,4,29.5,30,29.2,27.9
Srimongal,2002,7,5,29.7,30.1,29.35,26.7
Srimongal,2002,7,6,29.85,30.4,29.4,27.9
Srimongal,2002,7,7,29.95,30.25,29.4,28.3
Srimongal,2002,7,8,29.5,30,29.4,27.8
Srimongal,2002,7,9,29.95,30.25,29.5,27.8
Srimongal,2002,7,10,28.7,29.9,29.3,27.1
Srimongal,2002,7,11,29.05,29.55,29,26
Srimongal,2002,7,12,29.6,29.8,29.1,27.3
Srimongal,2002,7,13,29.6,30,29.2,28.1
Srimongal,2002,7,14,29.4,30,29,27.1
Srimongal,2002,7,15,30.4,30.2,29.2,26.7
Srimongal,2002,7,16,30.2,30.2,29.2,28.6
Srimongal,2002,7,17,30.5,29.5,29.2,27.8
Srimongal,2002,7,18,30.9,30.9,29.5,28.1
Srimongal,2002,7,19,30.4,30.95,29.75,28.5
Srimongal,2002,7,20,29.8,30.3,29.6,28.1
Srimongal,2002,7,21,29,29.9,29.5,27.9
Srimongal,2002,7,22,27.65,28.9,29,26.9
Srimongal,2002,7,23,27.75,28.4,28.55,25.3
Srimongal,2002,7,24,28.4,29,28.3,26.5
Srimongal,2002,7,25,28.75,29.2,28.45,26.8
Srimongal,2002,7,26,30.5,29.9,28.4,26.5
Srimongal,2002,7,27,30.1,30.9,29.1,29.5
Srimongal,2002,7,28,29.85,30.5,29.4,27.9
Srimongal,2002,7,29,29,30.1,29.1,27
Srimongal,2002,7,30,29.6,29.8,29.25,26.9
Srimongal,2002,7,31,29.35,30,29.1,27
Srimongal,2002,8,1,29.4,30.1,29,26.8
Srimongal,2002,8,2,28.1,29.85,29.3,27.4
Srimongal,2002,8,3,28.7,29.15,28.7,25.7
Srimongal,2002,8,4,29.2,29.4,28.8,26.6
Srimongal,2002,8,5,30.65,30.35,28.9,26.5
Srimongal,2002,8,6,30.35,30.6,29.3,28.6
Srimongal,2002,8,7,30,30.2,29.3,28.2
Srimongal,2002,8,8,31.75,31.2,29.5,28.1
Srimongal,2002,8,9,29.9,31,29.9,30.4
Srimongal,2002,8,10,29.4,30.2,29.8,28.3
Srimongal,2002,8,11,29.2,30.2,29.5,27.9
Srimongal,2002,8,12,29.3,30.3,29.4,28.2
Srimongal,2002,8,13,29.2,30.1,29.3,27.8
Srimongal,2002,8,14,27.9,29.7,29.3,27.5
Srimongal,2002,8,15,29.1,30,29.3,26.7
Srimongal,2002,8,16,29.4,30.1,29.2,27.3
Srimongal,2002,8,17,29.3,30.1,29.4,28.1
Srimongal,2002,8,18,29.1,29.9,29.4,27.5
Srimongal,2002,8,19,28.9,29.65,29.25,27
Srimongal,2002,8,20,28.7,29.3,29.1,27.2
Srimongal,2002,8,21,28.85,29.6,29,26.4
Srimongal,2002,8,22,30.2,30,29,26.7
Srimongal,2002,8,23,29.5,30.2,29.4,28.6
Srimongal,2002,8,24,29.4,30.2,30.35,26.7
Srimongal,2002,8,25,28.75,29.3,29.15,27.5
Srimongal,2002,8,26,29,28.9,28.9,25.6
Srimongal,2002,8,27,30.5,30.15,28.85,26.7
Srimongal,2002,8,28,30.45,30.7,29.3,28.6
Srimongal,2002,8,29,31,30.8,29.5,27.6
Srimongal,2002,8,30,31.4,31.3,29.9,29.6
Srimongal,2002,8,31,31.1,31,29.8,28.9
Srimongal,2002,9,1,31.5,31.5,30,29.1
Srimongal,2002,9,2,31.45,31.65,30.2,29.4
Srimongal,2002,9,3,31.1,31.2,30,28.6
Srimongal,2002,9,4,30.7,31.3,30.2,28.1
Srimongal,2002,9,5,31.7,31.85,30.25,28.7
Srimongal,2002,9,6,30.6,31.3,30.3,29.5
Srimongal,2002,9,7,31.1,31.3,30.2,26.9
Srimongal,2002,9,8,31.75,31.75,30.35,29
Srimongal,2002,9,9,30.2,31.5,30.1,29.6
Srimongal,2002,9,10,29.75,30.75,30.1,27.4
Srimongal,2002,9,11,28.95,29.85,29.7,26.8
Srimongal,2002,9,12,30.1,29.6,29,26.9
Srimongal,2002,9,13,30.5,30.8,29.7,28.3
Srimongal,2002,9,14,30.7,30.9,29.9,29.1
Srimongal,2002,9,15,31.2,30.9,29.9,28.7
Srimongal,2002,9,16,28.7,30.35,30,29
Srimongal,2002,9,17,29.35,29.8,29.4,25
Srimongal,2002,9,18,30.3,30.5,29.5,27.5
Srimongal,2002,9,19,31.85,31.2,29.85,28.1
Srimongal,2002,9,20,31.75,31.9,30.2,29.7
Srimongal,2002,9,21,31.5,31.6,30.35,28.3
Srimongal,2002,9,22,30.5,31,30.2,29.3
Srimongal,2002,9,23,30.05,30.9,30.1,27.3
Srimongal,2002,9,24,29,29.95,29.55,25.7
Srimongal,2002,9,25,29.65,30.2,29.5,26
Srimongal,2002,9,26,30.3,30.5,29.6,28.1
Srimongal,2002,9,27,27.7,29.65,29.55,28.7
Srimongal,2002,9,28,28.3,28.95,28.8,24.5
Srimongal,2002,9,29,29.15,29.55,29,27
Srimongal,2002,9,30,29.3,29.8,29,27.1
Srimongal,2002,10,1,28.65,29.7,29.2,28
Srimongal,2002,10,2,29.05,29.6,29,25.9
Srimongal,2002,10,3,29.25,29.75,29.2,27.2
Srimongal,2002,10,4,29.6,29.9,29,26.9
Srimongal,2002,10,5,29.6,29.8,29.2,28.2
Srimongal,2002,10,6,30.2,30.3,29.5,28.2
Srimongal,2002,10,7,30.9,30.9,29.7,28.9
Srimongal,2002,10,8,30.2,30.5,29.2,29.4
Srimongal,2002,10,9,29.8,30.6,29.6,27.7
Srimongal,2002,10,10,29.7,30.1,29.5,26.8
Srimongal,2002,10,11,29.6,30,29.3,26.6
Srimongal,2002,10,12,29.85,30.1,29.3,27.2
Srimongal,2002,10,13,29.8,30,29.3,27.1
Srimongal,2002,10,14,23.7,29.25,29,27.5
Srimongal,2002,10,15,27.3,28.7,28.7,24.6
Srimongal,2002,10,16,27.15,28.2,28.3,24.1
Srimongal,2002,10,17,28.7,28.1,28.1,24.5
Srimongal,2002,10,18,28.15,28.8,28.45,25.9
Srimongal,2002,10,19,26.9,28.4,28.3,25.8
Srimongal,2002,10,20,28.3,28.5,28,23.8
Srimongal,2002,10,21,28.5,28.8,28.1,25.4
Srimongal,2002,10,22,27.9,28.8,28.2,25.3
Srimongal,2002,10,23,27.5,28.4,28,24.6
Srimongal,2002,10,24,27.2,27.9,27.8,24.2
Srimongal,2002,10,25,26.9,27.9,27.5,23.6
Srimongal,2002,10,26,27.55,27.9,27.4,24.2
Srimongal,2002,10,27,27.3,27.8,27.4,24.5
Srimongal,2002,10,28,27.15,27.8,27.4,24.7
Srimongal,2002,10,29,27.4,27.5,27.2,23.7
Srimongal,2002,10,30,26.5,27.1,26.9,23.3
Srimongal,2002,10,31,26.7,27.2,26.9,23.1
Srimongal,2002,10,1,26.7,27,26.8,23.1
Srimongal,2002,11,2,26,26.9,26.9,23.6
Srimongal,2002,11,3,26.4,26.9,26.7,23.8
Srimongal,2002,11,4,27.6,27.65,26.75,23.8
Srimongal,2002,11,5,26.8,27.1,26.9,25
Srimongal,2002,11,6,26.7,27,26.65,22.7
Srimongal,2002,11,7,26.75,27.3,26.75,24.3
Srimongal,2002,11,8,26.7,27.4,27.2,24.7
Srimongal,2002,11,9,26.7,27.3,26.9,23.6
Srimongal,2002,11,10,27.55,27.3,26.8,23.9
Srimongal,2002,11,11,26.5,27.3,26.8,24.2
Srimongal,2002,11,12,23.75,25.9,26.8,24.1
Srimongal,2002,11,13,23.2,24.3,25.3,20.1
Srimongal,2002,11,14,24.5,25.2,25.1,21.5
Srimongal,2002,11,15,23.9,25,25.2,20.8
Srimongal,2002,11,16,24.1,24.95,25,21.1
Srimongal,2002,11,17,22.8,25,25,21.7
Srimongal,2002,11,18,24.5,25.1,25,21.3
Srimongal,2002,11,19,24.1,24.85,24.95,21.8
Srimongal,2002,11,20,24.1,24.6,24.9,21.2
Srimongal,2002,11,21,23.9,24.6,24.75,20.7
Srimongal,2002,11,22,24.4,24.75,24.6,20.7
Srimongal,2002,11,23,24.1,25.1,25,21.9
Srimongal,2002,11,24,23.8,24.5,24.6,20.9
Srimongal,2002,11,25,23.7,24.7,24.4,20.8
Srimongal,2002,11,26,24.85,25.25,24.85,22.3
Srimongal,2002,11,27,25.6,24.9,24.5,23.5
Srimongal,2002,11,28,25.65,25.4,25,22.9
Srimongal,2002,11,29,25.3,25.7,24.9,22.7
Srimongal,2002,11,30,25.5,25.65,25.2,23.3
Srimongal,2002,12,1,25.9,25,24.5,23.5
Srimongal,2002,12,2,25,25.5,25.1,22.5
Srimongal,2002,12,3,23.7,24.8,24.4,21.7
Srimongal,2002,12,4,23.6,24.45,24.6,20.8
Srimongal,2002,12,5,22.9,24.1,24,20.2
Srimongal,2002,12,6,23.25,23.9,24.1,20.4
Srimongal,2002,12,7,22.6,23.7,23.7,19.5
Srimongal,2002,12,8,22.85,23.3,23.65,19.2
Srimongal,2002,12,9,22.3,22.95,23.3,18.6
Srimongal,2002,12,10,22,22.6,23,18.5
Srimongal,2002,12,11,22,22.6,23,18.4
Srimongal,2002,12,12,21.8,22.5,22.9,18.1
Srimongal,2002,12,13,22.9,23,23,19.7
Srimongal,2002,12,14,23,23.1,23,20.7
Srimongal,2002,12,15,22.8,23,23.2,19.8
Srimongal,2002,12,16,22.1,22.7,23,19.8
Srimongal,2002,12,17,21.4,22.6,22.9,19.3
Srimongal,2002,12,18,21.65,22.5,22.8,18.9
Srimongal,2002,12,19,21.2,22.2,22.7,19.2
Srimongal,2002,12,20,21.1,21.8,22.4,19
Srimongal,2002,12,21,22.6,22.6,22.9,18.8
Srimongal,2002,12,22,22.05,22.65,22.65,19.9
Srimongal,2002,12,23,21.9,22.6,22.6,18
Srimongal,2002,12,24,21.7,22.3,22.3,17.5
Srimongal,2002,12,25,21.5,21.8,22.25,16.4
Srimongal,2002,12,26,20.1,21.4,22,16.6
Srimongal,2002,12,27,20.2,20.95,21.65,16
Srimongal,2002,12,28,19.5,21.1,21.6,16.2
Srimongal,2002,12,29,18.95,20.15,21.1,15.1
Srimongal,2002,12,30,19,20.45,20.85,15.1
Srimongal,2002,12,31,19.4,20.2,20.3,14.1
Srimongal,2003,1,1,19.3,20,20.4,14.8
Srimongal,2003,1,2,20.2,20.35,20.55,16.4
Srimongal,2003,1,3,19.55,20.1,20.45,16.2
Srimongal,2003,1,4,20.95,21.2,21.1,18
Srimongal,2003,1,5,20.55,20.85,21.1,19.4
Srimongal,2003,1,6,20.15,20.4,20.9,16.4
Srimongal,2003,1,7,18.2,19.85,20.5,15.9
Srimongal,2003,1,8,17.65,19.3,20.25,14
Srimongal,2003,1,9,19.1,19.3,19.7,14.2
Srimongal,2003,1,10,17.3,18.9,19.9,14.7
Srimongal,2003,1,11,18.25,19,19.7,14.1
Srimongal,2003,1,12,17.5,18.7,19.5,14.2
Srimongal,2003,1,13,17.4,18.65,19.4,14.2
Srimongal,2003,1,14,18,18.85,19.4,14.9
Srimongal,2003,1,15,19.75,19.55,19.4,13.9
Srimongal,2003,1,16,19.2,19.2,19,16.1
Srimongal,2003,1,17,19.8,19.2,19.25,14.3
Srimongal,2003,1,18,19.5,19.65,19.55,14.9
Srimongal,2003,1,19,19.4,19.7,19.6,16.5
Srimongal,2003,1,20,19.5,20,20,16.3
Srimongal,2003,1,21,19.05,19.5,19.9,16.3
Srimongal,2003,1,22,17.55,19,19.65,14.3
Srimongal,2003,1,23,17.05,18.45,19.1,12.6
Srimongal,2003,1,24,16.5,18,18.9,12.1
Srimongal,2003,1,25,17.5,18.1,18.85,14.6
Srimongal,2003,1,26,18.4,18.8,19,14.5
Srimongal,2003,1,27,18.05,18.65,19,15.2
Srimongal,2003,1,28,18.75,19,19.2,15
Srimongal,2003,1,29,23.85,19.2,19.3,16.1
Srimongal,2003,1,30,19.7,19.8,19.6,17.3
Srimongal,2003,1,31,21.1,20.4,19.7,17.9
Srimongal,2003,2,1,20.3,20.5,20.2,17.5
Srimongal,2003,2,2,21.2,20.85,20.4,17.8
Srimongal,2003,2,3,21,21.45,21,19.3
Srimongal,2003,2,4,22.3,21.75,21.05,18.2
Srimongal,2003,2,5,22.3,22.3,21.5,20.1
Srimongal,2003,2,6,23.2,22.2,21.6,19.7
Srimongal,2003,2,7,22.3,22.3,21.75,18.4
Srimongal,2003,2,8,21.6,21.8,21.5,18
Srimongal,2003,2,9,22.35,22.1,21.7,18.4
Srimongal,2003,2,10,22.75,22.55,22,19.4
Srimongal,2003,2,11,22.55,22.55,21.45,19.6
Srimongal,2003,2,12,22.85,22.65,22.1,19.4
Srimongal,2003,2,13,22.5,22.6,22,20.9
Srimongal,2003,2,14,22.2,22.05,22.1,19.9
Srimongal,2003,2,15,22.4,22,22,19.4
Srimongal,2003,2,16,22.15,22.15,21.85,19
Srimongal,2003,2,17,22.95,22.35,22,17.9
Srimongal,2003,2,18,18.15,22.65,22.1,19
Srimongal,2003,2,19,23.6,23,22.4,19.6
Srimongal,2003,2,20,25.05,24.35,22.95,22.4
Srimongal,2003,2,21,24.6,24.2,23.2,21.4
Srimongal,2003,2,22,24,24,23.3,19.4
Srimongal,2003,2,23,24.1,24,23.2,18.6
Srimongal,2003,2,24,24.3,24,23.3,19
Srimongal,2003,2,25,24.6,24.3,23.4,20.1
Srimongal,2003,2,26,24.1,24.5,23.5,20.4
Srimongal,2003,2,27,24.8,24.4,23.55,20.4
Srimongal,2003,2,28,26,25.3,23.95,22
Srimongal,2003,3,1,26.55,25.8,24.35,22.7
Srimongal,2003,3,2,27.1,26.1,24.65,24.5
Srimongal,2003,3,3,28,26.85,25.25,25.8
Srimongal,2003,3,4,28.2,27.3,25.6,26.2
Srimongal,2003,3,5,26.5,26.55,25.6,25.7
Srimongal,2003,3,6,24.5,25.8,24.9,16.6
Srimongal,2003,3,7,24.4,24.7,24.4,18.2
Srimongal,2003,3,8,24.2,24.8,24.4,18.9
Srimongal,2003,3,9,24.5,24.8,24.25,19.8
Srimongal,2003,3,10,24.55,24.8,24.3,19.9
Srimongal,2003,3,11,22.1,24.3,24.2,19.3
Srimongal,2003,3,12,21.6,23.05,23.4,17.5
Srimongal,2003,3,13,24.3,23.85,23.35,21.2
Srimongal,2003,3,14,24.3,24.7,23.8,21.3
Srimongal,2003,3,15,24,24.4,23.8,21.4
Srimongal,2003,3,16,25.5,25.15,24.25,23.5
Srimongal,2003,3,17,23.5,24.95,24.45,24.6
Srimongal,2003,3,18,24.35,24.5,24.2,21.7
Srimongal,2003,3,19,26.1,25.25,24.3,23.1
Srimongal,2003,3,20,26.9,26.4,24.9,23.9
Srimongal,2003,3,21,26.2,26.7,25.3,22.9
Srimongal,2003,3,22,26.75,26.25,25.15,22.4
Srimongal,2003,3,23,27.55,27.1,25.55,23
Srimongal,2003,3,24,27.8,26.6,25.25,23
Srimongal,2003,3,25,28.7,27.95,26.25,24.4
Srimongal,2003,3,26,26.8,27.9,26.55,25.9
Srimongal,2003,3,27,26.7,26.9,26.2,22.9
Srimongal,2003,3,28,26.15,26.75,25.95,23.8
Srimongal,2003,3,29,25.55,26.55,25.8,24.3
Srimongal,2003,3,30,25.2,26.8,26.25,25.5
Srimongal,2003,3,31,22.95,24.8,25.25,21
Srimongal,2003,4,1,24.1,24.75,24.6,20.8
Srimongal,2003,4,2,25.85,25.4,24.85,23.4
Srimongal,2003,4,3,29.45,26.8,25.15,26.2
Srimongal,2003,4,4,26.35,26.95,25.8,27
Srimongal,2003,4,5,28.3,27.15,25.95,24.7
Srimongal,2003,4,6,29.8,28.45,26.55,26.9
Srimongal,2003,4,7,30.3,29.2,27.15,26.7
Srimongal,2003,4,8,31.2,30.2,27.8,28.1
Srimongal,2003,4,9,31.35,30.2,28,28.6
Srimongal,2003,4,10,31.3,30.3,28.4,27.8
Srimongal,2003,4,11,31.85,30.8,28.7,27.8
Srimongal,2003,4,12,31.2,30.9,29.1,29.2
Srimongal,2003,4,13,28.5,29.55,28.65,26.6
Srimongal,2003,4,14,27.95,28.7,27.9,27.1
Srimongal,2003,4,15,28.8,29.05,27.9,26.3
Srimongal,2003,4,16,28.75,28.9,27.9,26.2
Srimongal,2003,4,17,27.3,28.6,27.9,27.3
Srimongal,2003,4,18,27.3,27.65,27.3,25.7
Srimongal,2003,4,19,28.9,28.5,27.4,26
Srimongal,2003,4,20,24.2,28.6,27.7,28.2
Srimongal,2003,4,21,26.75,27.6,27.1,24
Srimongal,2003,4,22,27.8,27.9,27,25.3
Srimongal,2003,4,23,27.5,28.1,27.3,25.1
Srimongal,2003,4,24,29.55,29.1,27.65,26.2
Srimongal,2003,4,25,30.1,29.75,28.2,28.7
Srimongal,2003,4,26,30.4,30.05,28.5,28.6
Srimongal,2003,4,27,31.5,30.3,28.7,28.2
Srimongal,2003,4,28,29.9,30.1,28.85,28.5
Srimongal,2003,4,29,29.9,29.8,28.6,25.6
Srimongal,2003,4,30,29.1,29.95,28.55,26.6
Srimongal,2003,5,1,28.9,29.45,28.5,27.1
Srimongal,2003,5,2,25.9,28.15,28.15,25.1
Srimongal,2003,5,3,25.9,26.8,27.2,22.8
Srimongal,2003,5,4,25.4,26.8,26.8,23.8
Srimongal,2003,5,5,27.1,27.1,26.5,23.5
Srimongal,2003,5,6,28.75,28.4,27.15,27.7
Srimongal,2003,5,7,28.95,28.95,27.6,28.3
Srimongal,2003,5,8,29.8,29.7,28.05,28.6
Srimongal,2003,5,9,27.8,28.8,28.1,27.2
Srimongal,2003,5,10,29.15,29.1,28,26.6
Srimongal,2003,5,11,29.6,29.5,28.2,26.8
Srimongal,2003,5,12,30.8,30.3,28.65,28.4
Srimongal,2003,5,13,31,30.75,29,28.4
Srimongal,2003,5,14,30.6,30.95,29.35,29.1
Srimongal,2003,5,15,30.35,30.8,29.3,28.4
Srimongal,2003,5,16,31.35,31,29.4,27.6
Srimongal,2003,5,17,32.1,31.55,29.65,28.4
Srimongal,2003,5,18,32.45,32,30.05,29.2
Srimongal,2003,5,19,32.6,32,30.2,29.1
Srimongal,2003,5,20,31.95,32.35,30.4,28.3
Srimongal,2003,5,21,29.7,30.7,30.05,29
Srimongal,2003,5,22,28.2,29.3,29.2,24.8
Srimongal,2003,5,23,28.15,28.4,28.45,25.6
Srimongal,2003,5,24,29.25,29.1,28.5,26.3
Srimongal,2003,5,25,29.4,29.8,28.7,26.7
Srimongal,2003,5,26,28.9,29.85,28.85,28.5
Srimongal,2003,5,27,29.35,29.45,28.7,26
Srimongal,2003,5,28,29.3,29.7,28.8,28.2
Srimongal,2003,5,29,30.65,30.5,29.1,28.2
Srimongal,2003,5,30,31.7,31.6,29.8,29.8
Srimongal,2003,5,31,31.7,31.6,29.8,30.6
Srimongal,2003,6,1,32.3,31.65,30.25,30.6
Srimongal,2003,6,2,33.05,32.55,30.65,30.5
Srimongal,2003,6,3,32.65,32.9,31,31.1
Srimongal,2003,6,4,31.05,31.7,31.25,29
Srimongal,2003,6,5,28.25,30.4,30.1,28.5
Srimongal,2003,6,6,28.5,29.5,29.25,24.7
Srimongal,2003,6,7,26.2,28.4,28.9,27.4
Srimongal,2003,6,8,28.25,28.35,27.85,23.1
Srimongal,2003,6,9,27.1,28.1,27.8,27
Srimongal,2003,6,10,26.55,27.4,27.5,25.8
Srimongal,2003,6,11,26.25,27.05,27.2,24.5
Srimongal,2003,6,12,26.8,27.3,27,24.2
Srimongal,2003,6,13,28.2,28.1,27.3,26.6
Srimongal,2003,6,14,28,27.95,27.8,28.4
Srimongal,2003,6,15,28.6,28.65,27.9,26.1
Srimongal,2003,6,16,29.6,29.55,28.4,28.3
Srimongal,2003,6,17,30.8,30.2,28.65,27.4
Srimongal,2003,6,18,30.9,30.6,29.1,28.7
Srimongal,2003,6,19,31.1,31,29.45,28.5
Srimongal,2003,6,20,29.7,30.5,29.5,28
Srimongal,2003,6,21,28.5,29.6,29.2,27.4
Srimongal,2003,6,22,27.55,28.5,28.45,25.8
Srimongal,2003,6,23,29.15,29,28.2,26
Srimongal,2003,6,24,30.4,30,28.7,28.1
Srimongal,2003,6,25,26.15,30.6,29.2,29
Srimongal,2003,6,26,29.6,30.15,29.3,28
Srimongal,2003,6,27,28.3,29.4,29.1,26.5
Srimongal,2003,6,28,27.7,28.75,28.5,26.7
Srimongal,2003,6,29,27.45,28.8,28.1,26.4
Srimongal,2003,6,30,28.4,28.5,27.8,25.8
Srimongal,2003,7,1,28.85,28.95,28.15,27.6
Srimongal,2003,7,2,29.45,29.45,28.4,26.9
Srimongal,2003,7,3,30.7,30.5,28.8,28.3
Srimongal,2003,7,4,30.8,30.85,29.2,28.3
Srimongal,2003,7,5,31.1,30.85,29.5,27.8
Srimongal,2003,7,6,30.4,30.8,29.6,28.9
Srimongal,2003,7,7,30.55,30.6,29.65,27.8
Srimongal,2003,7,8,30.5,30.7,29.75,28.6
Srimongal,2003,7,9,31.1,27.4,29.8,27.9
Srimongal,2003,7,10,30.05,31.1,29.95,29.2
Srimongal,2003,7,11,29.85,30.5,29.9,27.7
Srimongal,2003,7,12,29.5,30.2,29.5,28.1
Srimongal,2003,7,13,29.1,29.85,28.8,27.6
Srimongal,2003,7,14,29.25,30,29.3,27.4
Srimongal,2003,7,15,31.1,31,29.8,28.5
Srimongal,2003,7,16,31.05,31,29.9,28.2
Srimongal,2003,7,17,32,31.55,29.9,28.1
Srimongal,2003,7,18,31,31.75,30.35,29.2
Srimongal,2003,7,19,31.05,31.3,30.25,27.8
Srimongal,2003,7,20,30.6,31.05,30.2,28.5
Srimongal,2003,7,21,30.5,31.1,30.2,28.6
Srimongal,2003,7,22,31.35,31.35,30.15,28.3
Srimongal,2003,7,23,32.15,31.75,30.4,29.5
Srimongal,2003,7,24,32.5,32.2,30.5,29.8
Srimongal,2003,7,25,31.95,32.35,30.9,29.7
Srimongal,2003,7,26,31.75,32.1,30.4,29.6
Srimongal,2003,7,27,32.5,32.2,30.8,29.4
Srimongal,2003,7,28,31.5,32.25,31,30.3
Srimongal,2003,7,29,29.65,31,30.55,28.3
Srimongal,2003,7,30,29.6,30.4,30.1,26.7
Srimongal,2003,7,31,30.3,30.7,29.9,27.5
Srimongal,2003,8,1,30.65,30.85,30,27.6
Srimongal,2003,8,2,30.7,31,30.05,28
Srimongal,2003,8,3,31.7,31.35,30.1,27.6
Srimongal,2003,8,4,32.25,32.15,30.45,29.5
Srimongal,2003,8,5,32.2,32.1,30.6,28.5
Srimongal,2003,8,6,32.9,32.8,31,30.2
Srimongal,2003,8,7,31.8,32.4,31,30
Srimongal,2003,8,8,30.6,31.9,31,29.5
Srimongal,2003,8,9,31.05,31.6,30.6,28.1
Srimongal,2003,8,10,30.85,31.4,30.5,28.5
Srimongal,2003,8,11,30.3,30.9,30.3,28.1
Srimongal,2003,8,12,31,31.2,30.2,27.6
Srimongal,2003,8,13,31.6,31.7,30.4,28.8
Srimongal,2003,8,14,31.8,31.95,30.6,29.4
Srimongal,2003,8,15,31.1,31.8,30.7,28.8
Srimongal,2003,8,16,31.15,31.55,31.05,28.1
Srimongal,2003,8,17,30.9,31.6,30.6,28.5
Srimongal,2003,8,18,31.3,31.55,30.55,28.4
Srimongal,2003,8,19,30.1,30.9,30.45,28.5
Srimongal,2003,8,20,30.6,30.5,30.1,27.1
Srimongal,2003,8,21,31.35,31.35,30,28
Srimongal,2003,8,22,30.8,31.4,30.5,30.3
Srimongal,2003,8,23,29.9,30.8,30.15,28.4
Srimongal,2003,8,24,30,31,30.3,27.3
Srimongal,2003,8,25,31.7,31.2,30.05,28
Srimongal,2003,8,26,32.55,31.9,30.4,30.1
Srimongal,2003,8,27,31.8,31.9,30.7,31
Srimongal,2003,8,28,30.75,31.6,30.55,28.9
Srimongal,2003,8,29,31.4,31.45,30.4,27.9
Srimongal,2003,8,30,30,31.1,30.3,28.4
Srimongal,2003,8,31,30.95,31.15,30.3,27.8
Srimongal,2003,9,1,31.55,31.3,30.1,28.5
Srimongal,2003,9,2,29.85,31,30.25,28.5
Srimongal,2003,9,3,30.6,30.9,30.05,27.2
Srimongal,2003,9,4,32.25,31.5,30.1,28.4
Srimongal,2003,9,5,30.5,31.35,30.15,29
Srimongal,2003,9,6,29.95,31.05,30.2,28.3
Srimongal,2003,9,7,29.8,31.1,30.2,28
Srimongal,2003,9,8,29.95,30.75,30,27.3
Srimongal,2003,9,9,31,31.1,30.15,27.9
Srimongal,2003,9,10,31.9,31.6,30.4,28.9
Srimongal,2003,9,11,31.25,31.8,30.6,29.1
Srimongal,2003,9,12,30.65,31.05,30.4,28.8
Srimongal,2003,9,13,31.2,31.5,30.4,28.6
Srimongal,2003,9,14,30.1,30.75,30.2,28.2
Srimongal,2003,9,15,30.4,30.7,30.1,27.1
Srimongal,2003,9,16,30.9,30.85,30.1,27.8
Srimongal,2003,9,17,30.9,31.2,30.2,27.8
Srimongal,2003,9,18,30.5,31,30.4,28.4
Srimongal,2003,9,19,29.2,30.7,30.1,27.6
Srimongal,2003,9,20,28.6,30.25,29.95,27.3
Srimongal,2003,9,21,29.2,30.2,29.7,26.8
Srimongal,2003,9,22,30.8,30.7,29.8,27.8
Srimongal,2003,9,23,30.6,30.9,30,28.2
Srimongal,2003,9,24,29,30,30,28.1
Srimongal,2003,9,25,29.9,29.6,29.8,26.1
Srimongal,2003,9,26,29.6,29.9,29.6,26.6
Srimongal,2003,9,27,28.2,29.95,29.5,27.7
Srimongal,2003,9,28,28.7,29.9,29.45,26.3
Srimongal,2003,9,29,28.95,29.95,29.4,26.8
Srimongal,2003,9,30,30.25,30.4,29.4,27.3
Srimongal,2003,10,1,30.7,30.7,29.8,28.7
Srimongal,2003,10,2,29.65,30.5,29.75,28.8
Srimongal,2003,10,3,30,30.6,29.65,26.4
Srimongal,2003,10,4,30.8,30.65,29.85,27.9
Srimongal,2003,10,5,30.5,30.9,29.9,28.2
Srimongal,2003,10,6,29.6,30.5,29.9,26.6
Srimongal,2003,10,7,28.1,29.8,29.7,27.2
Srimongal,2003,10,8,27.4,28.9,29.1,25.1
Srimongal,2003,10,9,28.4,28.95,28.8,25
Srimongal,2003,10,10,28.2,28.8,28.55,26.6
Srimongal,2003,10,11,28.6,28.8,28.3,26.1
Srimongal,2003,10,12,28.4,29.25,28.4,26
Srimongal,2003,10,13,28.5,29.35,28.5,26.4
Srimongal,2003,10,14,29.35,29.6,28.7,26.5
Srimongal,2003,10,15,29.5,29.8,28.85,27.9
Srimongal,2003,10,16,30.5,30.2,29.2,28.2
Srimongal,2003,10,17,30.8,30.5,29.25,28
Srimongal,2003,10,18,29.2,30.1,29.5,28.4
Srimongal,2003,10,19,29.9,29.9,29,26.9
Srimongal,2003,10,20,29.8,30.2,29.2,27.8
Srimongal,2003,10,21,29.15,29.8,29.25,26.8
Srimongal,2003,10,22,29,29.75,29.25,27
Srimongal,2003,10,23,29.7,29.7,29.05,26.6
Srimongal,2003,10,24,29.6,29.85,29.1,27
Srimongal,2003,10,25,28.1,29.65,29.1,27.5
Srimongal,2003,10,26,28.85,29.1,28.6,25.8
Srimongal,2003,10,27,27.5,28.8,28.5,25.5
Srimongal,2003,10,28,29.35,28.7,28.35,24.8
Srimongal,2003,10,29,28.5,29.25,28.4,26.4
Srimongal,2003,10,30,29.35,29.2,28.45,26.5
Srimongal,2003,10,31,29.3,29.1,28.4,25.8
Srimongal,2003,11,1,28.8,28.7,28.6,25.7
Srimongal,2003,11,2,28.25,28.1,28.25,25.2
Srimongal,2003,11,3,27.9,27.9,28.1,24.5
Srimongal,2003,11,4,28.1,28.2,27.9,24.5
Srimongal,2003,11,5,27.6,27.55,27.7,23.7
Srimongal,2003,11,6,26.4,27,27.5,23.8
Srimongal,2003,11,7,26.3,26.35,27.1,22.5
Srimongal,2003,11,8,26.3,26.6,26.85,23.2
Srimongal,2003,11,9,26.7,26.5,26.6,22.9
Srimongal,2003,11,10,26.2,26.8,26.65,22.7
Srimongal,2003,11,11,25.5,26.35,25.95,22
Srimongal,2003,11,12,25.7,26.35,26.25,21.9
Srimongal,2003,11,13,25.85,26.4,26.25,22.3
Srimongal,2003,11,14,25.1,26.15,26.1,22.3
Srimongal,2003,11,15,24.5,26,26,21.2
Srimongal,2003,11,16,24.5,26.15,25.7,21.3
Srimongal,2003,11,17,24.2,25.6,25.55,21.3
Srimongal,2003,11,18,23.9,25.4,25.3,20.5
Srimongal,2003,11,19,24.7,25.3,25.3,20.3
Srimongal,2003,11,20,23.5,25,24.65,20.3
Srimongal,2003,11,21,23.8,24.55,23.9,20.9
Srimongal,2003,11,22,22.7,24.3,24.6,19.5
Srimongal,2003,11,23,23.25,24.35,23.9,19.6
Srimongal,2003,11,24,22.95,24.4,24.4,20.3
Srimongal,2003,11,25,23.3,24.4,24.3,20
Srimongal,2003,11,26,23.1,24.5,24.25,20.3
Srimongal,2003,11,27,22.8,24.1,24.1,20
Srimongal,2003,11,28,22.6,24.4,24,19.5
Srimongal,2003,11,29,22.5,23.8,23.9,19.1
Srimongal,2003,11,30,22.55,23.8,23.7,19
Srimongal,2003,12,1,22.2,23.15,23.4,18.9
Srimongal,2003,12,2,22.15,23.45,23.2,19
Srimongal,2003,12,3,22.7,23.3,23.1,19
Srimongal,2003,12,4,22.4,23.3,23.3,19.2
Srimongal,2003,12,5,21.4,23.15,23.25,18.9
Srimongal,2003,12,6,21.7,23,23.1,18.9
Srimongal,2003,12,7,21.25,23,23,18.8
Srimongal,2003,12,8,21.25,23,22.9,18.6
Srimongal,2003,12,9,23.1,23.4,23.1,20.1
Srimongal,2003,12,10,22.6,23.4,23.1,19.7
Srimongal,2003,12,11,22.3,23.15,23,19.3
Srimongal,2003,12,12,21.9,23.45,23,18.9
Srimongal,2003,12,13,22.35,22.9,22.95,18.8
Srimongal,2003,12,14,22.1,23,22.9,19.3
Srimongal,2003,12,15,22.2,23,22.8,19.1
Srimongal,2003,12,16,21.95,23.15,22.9,19.3
Srimongal,2003,12,17,21.85,22.8,22.8,20.6
Srimongal,2003,12,18,22.85,23.1,22.8,20.3
Srimongal,2003,12,19,22.05,23,23.1,21.5
Srimongal,2003,12,20,22.65,22.85,22.75,19.7
Srimongal,2003,12,21,23.2,23.25,23.1,20.6
Srimongal,2003,12,22,22.65,23.1,22.95,20.1
Srimongal,2003,12,23,21.2,22.65,22.85,19.1
Srimongal,2003,12,24,20.5,22.1,22.4,18.4
Srimongal,2003,12,25,20,21.7,22.15,18
Srimongal,2003,12,26,19.85,21.4,21.75,17.2
Srimongal,2003,12,27,19.4,21,21.65,16.7
Srimongal,2003,12,28,18.15,20.2,21.25,17.4
Srimongal,2003,12,29,21.5,19.8,20.85,15.9
Srimongal,2003,12,30,18.7,20,20.5,15
Srimongal,2003,12,31,17.15,19.7,20.75,14.9
Srimongal,2004,1,1,17.35,19.2,20.2,14.7
Srimongal,2004,1,2,18.55,19.8,20.1,15.1
Srimongal,2004,1,3,19.6,20.3,20.3,16.3
Srimongal,2004,1,4,17.85,19.45,20.3,15.8
Srimongal,2004,1,5,19.25,19.6,19.95,13.4
Srimongal,2004,1,6,18.85,20.4,20.1,16.9
Srimongal,2004,1,7,19.5,20.3,20.45,16.5
Srimongal,2004,1,8,20.1,20.7,20.7,16.9
Srimongal,2004,1,9,18.2,20.1,20.6,18.3
Srimongal,2004,1,10,20.1,20.25,20.35,14.6
Srimongal,2004,1,11,19.9,20.6,20.4,16.6
Srimongal,2004,1,12,19.9,20.55,20.4,16.5
Srimongal,2004,1,13,19.2,20.35,20.35,17.4
Srimongal,2004,1,14,21.6,20,20.3,17.1
Srimongal,2004,1,15,19.55,20.3,20.3,17.2
Srimongal,2004,1,16,20.75,20.95,20.5,17.1
Srimongal,2004,1,17,21.85,21.6,21.2,20.3
Srimongal,2004,1,18,21.2,21.3,21.15,18.4
Srimongal,2004,1,19,19.85,21,21,18.5
Srimongal,2004,1,20,20.3,21,20.9,18.7
Srimongal,2004,1,21,21.8,21.35,21,17.7
Srimongal,2004,1,22,20.55,21.3,21.1,17.3
Srimongal,2004,1,23,20.8,21,21.2,17.9
Srimongal,2004,1,24,21.1,21.5,21.15,18.8
Srimongal,2004,1,25,20.95,21.5,21.15,19.2
Srimongal,2004,1,26,19.9,20.9,21,16.9
Srimongal,2004,1,27,19.4,20.6,20.75,15.4
Srimongal,2004,1,28,18.75,20.35,20.45,14.8
Srimongal,2004,1,29,18.3,20.1,20.25,13.9
Srimongal,2004,1,30,20.75,20.3,20.1,14.8
Srimongal,2004,1,31,20.7,20.5,20.4,16.1
Srimongal,2004,2,1,21.35,20.9,20.6,17.7
Srimongal,2004,2,2,21.4,21.3,20.8,18.5
Srimongal,2004,2,3,20.45,21,20.8,18.1
Srimongal,2004,2,4,20,20.3,20.35,14.9
Srimongal,2004,2,5,19.45,19.8,20.2,14.6
Srimongal,2004,2,6,19.75,20.15,20.3,14.7
Srimongal,2004,2,7,19.8,20.25,20.35,15.8
Srimongal,2004,2,8,19.9,20.1,20.3,15.9
Srimongal,2004,2,9,21.2,20.7,20.3,16
Srimongal,2004,2,10,22.35,21.6,20.85,18.3
Srimongal,2004,2,11,22.7,22.1,21.1,19.2
Srimongal,2004,2,12,22.2,22.2,21.35,19.3
Srimongal,2004,2,13,22.9,22.4,21.5,19.2
Srimongal,2004,2,14,22.8,22.6,21.5,19.2
Srimongal,2004,2,15,22.5,22.5,21.75,19.2
Srimongal,2004,2,16,22.4,22.5,21.8,19
Srimongal,2004,2,17,23.1,22.8,21.9,19
Srimongal,2004,2,18,23.1,22.8,21.8,19.4
Srimongal,2004,2,19,23.3,23.05,22.2,20.2
Srimongal,2004,2,20,22.55,22.85,22.3,21
Srimongal,2004,2,21,22.4,22.75,22.45,19.7
Srimongal,2004,2,22,23.8,23.2,22.3,20.8
Srimongal,2004,2,23,23,23.15,22.45,19.6
Srimongal,2004,2,24,23.65,23.35,22.55,20.7
Srimongal,2004,2,25,24.3,23.8,22.7,20.7
Srimongal,2004,2,26,24.4,24.05,22.9,20.8
Srimongal,2004,2,27,24.9,24.25,23,21.9
Srimongal,2004,2,28,25.9,25.2,23.8,23.1
Srimongal,2004,2,29,27.1,25.7,24,25.2
Srimongal,2004,3,1,27.8,26.55,24.6,26.1
Srimongal,2004,3,2,27.8,26.6,24.35,25.5
Srimongal,2004,3,3,25.8,25.8,24.7,22.7
Srimongal,2004,3,4,25.3,25.7,24.5,21.2
Srimongal,2004,3,5,24.95,25.65,24.45,21.9
Srimongal,2004,3,6,25.8,25.7,24.5,22.2
Srimongal,2004,3,7,21.75,24.25,24.4,22.6
Srimongal,2004,3,8,23.6,23.4,23.2,19
Srimongal,2004,3,9,24.5,24.4,23.55,22.1
Srimongal,2004,3,10,23.2,24.3,24.1,24.5
Srimongal,2004,3,11,22.85,24.15,23.65,18.9
Srimongal,2004,3,12,25.4,24.7,23.35,20.2
Srimongal,2004,3,13,26.45,25.6,24.15,22.3
Srimongal,2004,3,14,27.5,26.4,24.7,23.9
Srimongal,2004,3,15,28.05,27.1,25.2,24.9
Srimongal,2004,3,16,26.8,27.1,25.4,24.8
Srimongal,2004,3,17,27.5,26.7,25.35,24.7
Srimongal,2004,3,18,28.8,27.65,25.6,26.4
Srimongal,2004,3,19,28.6,28,26.2,26.1
Srimongal,2004,3,20,28.95,28.4,26.5,27.1
Srimongal,2004,3,21,29.35,28.7,26.7,27.8
Srimongal,2004,3,22,29.6,28.8,26.9,27.7
Srimongal,2004,3,23,26.85,28.95,27.2,28
Srimongal,2004,3,24,30,29.35,27.4,28.1
Srimongal,2004,3,25,30.6,29.5,27.4,28.1
Srimongal,2004,3,26,31.2,30.1,27.8,28.2
Srimongal,2004,3,27,31.7,30.5,28.2,28.6
Srimongal,2004,3,28,31.5,30.6,28.25,28.8
Srimongal,2004,3,29,31.45,30.65,28.5,29.1
Srimongal,2004,3,30,31.45,30,28.75,28.9
Srimongal,2004,3,31,31.5,30.7,28.5,28
Srimongal,2004,4,1,27.8,29.55,28.6,29.1
Srimongal,2004,4,2,27.2,28.2,27.5,23.4
Srimongal,2004,4,3,26.8,28.2,27.2,26.1
Srimongal,2004,4,4,25.75,27.25,26.85,25.1
Srimongal,2004,4,5,26.55,26.95,26.5,23.8
Srimongal,2004,4,6,25.6,26.35,26,26
Srimongal,2004,4,7,24.6,25.3,25.2,23.1
Srimongal,2004,4,8,26.05,26.1,25.4,23
Srimongal,2004,4,9,25.2,26.1,25.7,25.4
Srimongal,2004,4,10,24.65,25.15,25.15,22.6
Srimongal,2004,4,11,25.05,26.25,25.3,22.7
Srimongal,2004,4,12,24.3,26,25.5,25.3
Srimongal,2004,4,13,24.75,24.95,24.7,24.3
Srimongal,2004,4,14,27.2,26.5,25.35,26.9
Srimongal,2004,4,15,27.4,27.15,25.9,29
Srimongal,2004,4,16,28.05,27.6,26.5,28.8
Srimongal,2004,4,17,27.9,27.65,26.5,28.3
Srimongal,2004,4,18,21.6,24,25.8,27.8
Srimongal,2004,4,19,21.9,23.6,24.25,22.1
Srimongal,2004,4,20,25.5,24.75,24.2,21.1
Srimongal,2004,4,21,27.95,26.8,25.3,25.4
Srimongal,2004,4,22,28.65,27.95,26.15,27.1
Srimongal,2004,4,23,26.55,27.4,26.6,28
Srimongal,2004,4,24,27,26.9,26,23.5
Srimongal,2004,4,25,28,28,26.5,26
Srimongal,2004,4,26,29.5,28.8,27.05,27
Srimongal,2004,4,27,28.8,28.9,27.4,27.6
Srimongal,2004,4,28,29.5,29.15,27.45,27
Srimongal,2004,4,29,28.85,29,27.6,27
Srimongal,2004,4,30,29.3,28.8,27.7,26.3
Srimongal,2004,5,1,29.6,29.25,27.75,26.9
Srimongal,2004,5,2,30.6,30.2,28.4,29.1
Srimongal,2004,5,3,30.8,30.4,28.6,29
Srimongal,2004,5,4,29.8,30.1,28.65,28.8
Srimongal,2004,5,5,30.7,30.5,28.8,28.4
Srimongal,2004,5,6,31.6,31,29,30.1
Srimongal,2004,5,7,31.45,31.1,29.35,29.6
Srimongal,2004,5,8,32.85,31.9,29.7,29.4
Srimongal,2004,5,9,32.6,31.7,29.9,30.1
Srimongal,2004,5,10,32.5,31.9,30.1,30.8
Srimongal,2004,5,11,32.55,31.95,30.15,30.8
Srimongal,2004,5,12,32.6,31.8,30,30.5
Srimongal,2004,5,13,31.35,31.85,30.05,30.6
Srimongal,2004,5,14,27.8,29.85,29.5,30
Srimongal,2004,5,15,30,29.3,28.3,25.8
Srimongal,2004,5,16,30.95,29.95,28.7,29.9
Srimongal,2004,5,17,29.8,30.95,29.65,30.2
Srimongal,2004,5,18,30.8,30.7,29.6,27.9
Srimongal,2004,5,19,31.55,31.2,29.85,29.7
Srimongal,2004,5,20,28.7,30.8,29.85,29.8
Srimongal,2004,5,21,26.9,28.3,28.8,25.7
Srimongal,2004,5,22,27.55,28.65,28.25,25.5
Srimongal,2004,5,23,25.9,26.65,27.4,26.4
Srimongal,2004,5,24,26.6,27.6,27.1,23.3
Srimongal,2004,5,25,27.3,27.85,27.3,25.6
Srimongal,2004,5,26,27.9,28.6,27.85,26.3
Srimongal,2004,5,27,29.2,29.2,27.9,26.9
Srimongal,2004,5,28,28.9,29.85,28.4,27
Srimongal,2004,5,29,27.55,29.1,28.4,27.4
Srimongal,2004,5,30,29.3,28.9,28.1,26.3
Srimongal,2004,5,31,29.3,28.9,28.1,28.1
Srimongal,2004,6,1,29.55,30.3,29.05,28.4
Srimongal,2004,6,2,29.1,30,28.9,27.4
Srimongal,2004,6,3,28.25,29.75,28.85,28.2
Srimongal,2004,6,4,28.7,29.2,28.6,25.4
Srimongal,2004,6,5,29.5,29.7,28.7,27.8
Srimongal,2004,6,6,28.3,29.55,28.85,27.8
Srimongal,2004,6,7,29.65,29.8,28.65,25.9
Srimongal,2004,6,8,30,30.4,29,29.5
Srimongal,2004,6,9,30.25,30.6,29.25,28.1
Srimongal,2004,6,10,31.65,31.4,29.7,28.7
Srimongal,2004,6,11,31.75,31.5,29.9,30.5
Srimongal,2004,6,12,30.8,31.1,29.9,28.3
Srimongal,2004,6,13,30.6,31.15,29.9,28.7
Srimongal,2004,6,14,29.85,30.6,29.75,28.4
Srimongal,2004,6,15,29.35,30.4,29.55,27
Srimongal,2004,6,16,30.1,30.7,29.65,27.4
Srimongal,2004,6,17,31.1,31.1,29.6,27.8
Srimongal,2004,6,18,30.35,31.1,30,28.3
Srimongal,2004,6,19,29.5,30.85,30,27.4
Srimongal,2004,6,20,28.8,30,29.6,27.5
Srimongal,2004,6,21,28,29.25,29.05,26.6
Srimongal,2004,6,22,27.5,28.45,28.45,26
Srimongal,2004,6,23,27,27.3,27.7,25.9
Srimongal,2004,6,24,26.75,26.95,26.9,24.7
Srimongal,2004,6,25,28.9,28.3,27.3,25.7
Srimongal,2004,6,26,29.45,29.3,28.2,27.6
Srimongal,2004,6,27,28.9,30,28.5,27.5
Srimongal,2004,6,28,29.35,30.35,28.95,28.2
Srimongal,2004,6,29,29.5,30.35,29.3,28.2
Srimongal,2004,6,30,29.4,30.5,29.35,27.9
Srimongal,2004,7,1,31.25,31.05,29.55,27
Srimongal,2004,7,2,31.2,31.3,29.8,29.9
Srimongal,2004,7,3,30.25,31.45,30.1,28.7
Srimongal,2004,7,4,29.9,30.9,30,27.9
Srimongal,2004,7,5,29.45,30.55,29.9,28.4
Srimongal,2004,7,6,28.65,29.95,29.45,26.9
Srimongal,2004,7,7,26.7,28.55,28.7,26.9
Srimongal,2004,7,8,27.4,28.05,28,24.9
Srimongal,2004,7,9,27.25,28.2,28.1,27
Srimongal,2004,7,10,27.75,28.2,27.85,26.1
Srimongal,2004,7,11,26.8,28.2,27.9,27.3
Srimongal,2004,7,12,27.25,28.6,27.6,25.5
Srimongal,2004,7,13,28.9,28.95,27.95,26.4
Srimongal,2004,7,14,29.8,29.6,28.3,27.6
Srimongal,2004,7,15,29.1,29.85,28.8,27.9
Srimongal,2004,7,16,28.35,29.65,28.85,27.1
Srimongal,2004,7,17,27.7,28.9,28.5,27.3
Srimongal,2004,7,18,27.75,28.6,28.3,27.1
Srimongal,2004,7,19,27,27.75,27.9,27.3
Srimongal,2004,7,20,25.4,26.3,26.5,25
Srimongal,2004,7,21,28.35,27.4,26.65,24
Srimongal,2004,7,22,29.8,29.4,27.7,27.4
Srimongal,2004,7,23,30.5,30.3,28.6,28.2
Srimongal,2004,7,24,29.6,30.45,29.05,28.8
Srimongal,2004,7,25,30.3,30.6,29.45,27.6
Srimongal,2004,7,26,29.2,30.1,29.2,27.9
Srimongal,2004,7,27,30.6,30.15,29.1,27.2
Srimongal,2004,7,28,29.95,30.85,29.6,28.9
Srimongal,2004,7,29,29.6,30.2,29.3,27.6
Srimongal,2004,7,30,29.85,30.45,29.4,27.3
Srimongal,2004,7,31,30.3,31,29.7,28.7
Srimongal,2004,8,1,31.6,31.3,29.8,29.1
Srimongal,2004,8,2,32.7,31.9,30.15,29.3
Srimongal,2004,8,3,33.45,32.85,30.65,29.6
Srimongal,2004,8,4,30.1,31.6,30.5,29.1
Srimongal,2004,8,5,29.95,31.2,30.3,27.9
Srimongal,2004,8,6,31.05,31.35,30.2,28.2
Srimongal,2004,8,7,30.7,31,30.1,29.2
Srimongal,2004,8,8,30.35,30.95,30.1,27.8
Srimongal,2004,8,9,30.65,31.2,30.05,28.2
Srimongal,2004,8,10,29.9,31.3,30.2,29.2
Srimongal,2004,8,11,29.7,31.5,30,28
Srimongal,2004,8,12,30.1,31.6,30.45,28.2
Srimongal,2004,8,13,30.05,30.9,30.2,27.5
Srimongal,2004,8,14,30.2,31.1,30.15,27.8
Srimongal,2004,8,15,30.95,31.45,30.25,28.2
Srimongal,2004,8,16,31.9,31.7,30.4,29.2
Srimongal,2004,8,17,32.25,32.45,30.8,29.9
Srimongal,2004,8,18,31.6,32.4,31,29.6
Srimongal,2004,8,19,31,32,30.8,29
Srimongal,2004,8,20,32,32.05,30.85,28
Srimongal,2004,8,21,32.55,32.6,31.1,29
Srimongal,2004,8,22,31.3,32.4,31.2,29.9
Srimongal,2004,8,23,31.35,32.1,31.1,29
Srimongal,2004,8,24,31.1,32.2,31,28.9
Srimongal,2004,8,25,30.9,31.8,30.9,25.5
Srimongal,2004,8,26,30.15,31.35,30.7,28.6
Srimongal,2004,8,27,29.85,31.2,30.5,27.6
Srimongal,2004,8,28,30.25,31.3,30.4,28
Srimongal,2004,8,29,30.85,31.55,30.5,28.3
Srimongal,2004,8,30,30.25,31.3,30.55,28.6
Srimongal,2004,8,31,29.45,30.75,30.25,27.5
Srimongal,2004,9,1,29.75,30.95,30.25,27.6
Srimongal,2004,9,2,29.8,30.75,30.2,28
Srimongal,2004,9,3,30.2,30.6,29.9,26.8
Srimongal,2004,9,4,30.15,30.85,30.1,28.2
Srimongal,2004,9,5,29.9,30.8,30.1,28.1
Srimongal,2004,9,6,29.6,30.7,29.9,27.9
Srimongal,2004,9,7,29.9,30.75,29.95,28.1
Srimongal,2004,9,8,29.95,30.85,30,28.7
Srimongal,2004,9,9,28.2,29.4,29.5,28
Srimongal,2004,9,10,28.8,29.3,28.95,25.8
Srimongal,2004,9,11,29,29.9,29.3,27.1
Srimongal,2004,9,12,26.3,28.8,28.7,27
Srimongal,2004,9,13,24.75,26.35,27.8,23.9
Srimongal,2004,9,14,28.1,28.4,27.5,24
Srimongal,2004,9,15,28.4,28.5,27.5,25
Srimongal,2004,9,16,28.2,28.9,28.3,27.6
Srimongal,2004,9,17,29.1,29.35,28.4,26.4
Srimongal,2004,9,18,29.2,29.8,28.6,27.2
Srimongal,2004,9,19,29.5,30.1,28.9,26.3
Srimongal,2004,9,20,29.35,29.8,29.1,27.8
Srimongal,2004,9,21,30,29.9,29,27.4
Srimongal,2004,9,22,28.7,30,29.05,27.8
Srimongal,2004,9,23,28.4,29.8,29.1,26.5
Srimongal,2004,9,24,28.6,29.8,29,25.9
Srimongal,2004,9,25,28.65,29.35,28.85,26.5
Srimongal,2004,9,26,30,30,28.8,26.3
Srimongal,2004,9,27,30.9,30.8,29.4,28.4
Srimongal,2004,9,28,29.15,30.4,29.6,28.8
Srimongal,2004,9,29,28.5,29.65,29.15,26
Srimongal,2004,9,30,30,30,28.9,25.8
Srimongal,2004,10,1,31.15,30.6,29.1,27.6
Srimongal,2004,10,2,31.1,31.2,29.75,28.6
Srimongal,2004,10,3,30.55,31.05,29.85,28.1
Srimongal,2004,10,4,29.6,30.85,29.9,27.8
Srimongal,2004,10,5,28,29.75,29.5,26.6
Srimongal,2004,10,6,27.4,28.85,28.85,25.4
Srimongal,2004,10,7,26.7,28.35,28.5,25
Srimongal,2004,10,8,27.05,28.1,27.95,24.8
Srimongal,2004,10,9,27.85,28.55,27.95,25.9
Srimongal,2004,10,10,28.55,28.95,28.2,24.8
Srimongal,2004,10,11,29,29.35,28.4,25.8
Srimongal,2004,10,12,29.35,29.8,28.7,26.5
Srimongal,2004,10,13,29.3,29.85,28.9,27.1
Srimongal,2004,10,14,27.8,29.35,28.85,27.3
Srimongal,2004,10,15,26,28.2,28.2,24.4
Srimongal,2004,10,16,26.75,27.5,27.6,22.2
Srimongal,2004,10,17,27.25,27.95,27.5,24
Srimongal,2004,10,18,27.8,28.7,27.75,25.2
Srimongal,2004,10,19,29,29.05,28.1,25.6
Srimongal,2004,10,20,28.75,29.25,28.3,26.3
Srimongal,2004,10,21,28.6,29.05,28.2,25.5
Srimongal,2004,10,22,28,29.25,28.35,21
Srimongal,2004,10,23,28.35,29,28.35,25.6
Srimongal,2004,10,24,27.9,28.65,28.1,25.7
Srimongal,2004,10,25,28.55,28.6,28.15,25.4
Srimongal,2004,10,26,28.5,28.75,28.05,25.7
Srimongal,2004,10,27,28.5,28.7,28,25.3
Srimongal,2004,10,28,28.1,28.55,27.95,24.8
Srimongal,2004,10,29,27.85,28.35,27.9,23.9
Srimongal,2004,10,30,27.4,28.1,27.55,23.9
Srimongal,2004,10,31,27.1,27.75,27.4,24.8
Srimongal,2004,11,1,27.1,27.75,27.4,23.4
Srimongal,2004,11,2,26.8,27.6,27.2,22.5
Srimongal,2004,11,3,26.4,27.6,27,23.5
Srimongal,2004,11,4,26.7,27.5,26.8,23
Srimongal,2004,11,5,27.4,27.65,26.9,24.4
Srimongal,2004,11,6,27.2,28,27.1,25
Srimongal,2004,11,7,27.35,27.8,27,25
Srimongal,2004,11,8,25.7,26.2,26.65,22.9
Srimongal,2004,11,9,25.15,26.9,26.45,22.6
Srimongal,2004,11,10,25.6,26.1,26.1,22.1
Srimongal,2004,11,11,23.9,25.45,25.75,20.5
Srimongal,2004,11,12,23.85,25.5,25.4,20.7
Srimongal,2004,11,13,23.75,25.8,25.4,20.8
Srimongal,2004,11,14,23.5,25.4,25.3,20.4
Srimongal,2004,11,15,23.05,24.8,24.95,20.2
Srimongal,2004,11,16,22.8,24.5,24.7,20.2
Srimongal,2004,11,17,23.8,24.55,24.5,20.7
Srimongal,2004,11,18,23.55,24.75,24.5,19.8
Srimongal,2004,11,19,23.6,24.7,24.55,20.4
Srimongal,2004,11,20,23.15,24.2,24.5,21.3
Srimongal,2004,11,21,23.1,24.2,24.45,19.8
Srimongal,2004,11,22,23.95,25.05,24.6,21.1
Srimongal,2004,11,23,23.85,24.8,24.55,21.3
Srimongal,2004,11,24,23.25,24.6,24.5,21.2
Srimongal,2004,11,25,23.5,24.2,24.1,20.4
Srimongal,2004,11,26,23.35,24.15,24,20.3
Srimongal,2004,11,27,23.3,24.5,24.1,20.6
Srimongal,2004,11,28,23.3,23.8,23,20.2
Srimongal,2004,11,29,24.1,24.35,24.1,21
Srimongal,2004,11,30,23.6,24.3,24.1,20.9
Srimongal,2004,12,1,23.6,24.25,24.1,20.2
Srimongal,2004,12,2,23.5,24.25,23.95,20.3
Srimongal,2004,12,3,23,24.2,23.9,20.1
Srimongal,2004,12,4,22.3,23.95,23.6,19.6
Srimongal,2004,12,5,23,23.95,23.55,19.2
Srimongal,2004,12,6,22.9,24.1,23.75,20.3
Srimongal,2004,12,7,22.8,24,23.7,19.7
Srimongal,2004,12,8,23.05,24.15,23.7,20.9
Srimongal,2004,12,9,22.6,24,23.7,20.8
Srimongal,2004,12,10,22.3,23.7,23.4,20.1
Srimongal,2004,12,11,23.3,24.3,23.45,19.8
Srimongal,2004,12,12,23.3,23.9,23.5,20.6
Srimongal,2004,12,13,23.15,23.9,23.55,20.1
Srimongal,2004,12,14,22.75,23.6,23.5,20.4
Srimongal,2004,12,15,23.5,24,23.45,20.4
Srimongal,2004,12,16,22.6,23.75,23.55,21.1
Srimongal,2004,12,17,23,23.8,23.5,19.8
Srimongal,2004,12,18,22.2,23.4,23.3,19
Srimongal,2004,12,19,21,22.95,23.05,18
Srimongal,2004,12,20,22.15,23.1,22.95,18.8
Srimongal,2004,12,21,20.8,22.2,22.7,18.6
Srimongal,2004,12,22,21.5,22.15,22.55,19
Srimongal,2004,12,23,21.4,22.05,22.5,19.6
Srimongal,2004,12,24,21.55,21.8,22.1,17.8
Srimongal,2004,12,25,20.85,22,22.3,18.2
Srimongal,2004,12,26,19.95,21.35,21.75,17
Srimongal,2004,12,27,18.1,20.6,21.4,14.8
Srimongal,2004,12,28,17.4,19.8,20.8,13.5
Srimongal,2004,12,29,18.45,19.6,20.45,13.4
Srimongal,2004,12,30,18.25,19.6,20.3,14.5
Srimongal,2004,12,31,19,19.6,20.3,14.7
Srimongal,2005,1,1,19.2,19.8,20.25,15.2
Srimongal,2005,1,2,19.75,20.2,20.4,16.3
Srimongal,2005,1,3,19.9,20.4,20.4,16.7
Srimongal,2005,1,4,20.5,21,20.75,17.5
Srimongal,2005,1,5,20.75,20.95,20.85,18.2
Srimongal,2005,1,6,20.4,20.8,20.9,17
Srimongal,2005,1,7,20.3,20.6,20.7,16.9
Srimongal,2005,1,8,19.55,21,20.75,17
Srimongal,2005,1,9,19.5,20.6,20.8,17
Srimongal,2005,1,10,18.4,20.5,20.35,16.1
Srimongal,2005,1,11,16.55,19.1,20.1,16.2
Srimongal,2005,1,12,19.15,19.7,19.7,15
Srimongal,2005,1,13,18.9,19.6,20.1,15.3
Srimongal,2005,1,14,18.8,19.6,19.9,15.4
Srimongal,2005,1,15,18.5,19.7,19.9,15.8
Srimongal,2005,1,16,19.2,20.1,20,15.6
Srimongal,2005,1,17,19.8,20.2,20.15,16.3
Srimongal,2005,1,18,19.25,20.15,20.2,16.5
Srimongal,2005,1,19,20.65,20.75,20.6,18
Srimongal,2005,1,20,19.7,20.4,20.3,17.2
Srimongal,2005,1,21,19.1,20.5,20.35,15.6
Srimongal,2005,1,22,17.5,19.7,20,14.8
Srimongal,2005,1,23,16.8,19.15,19.85,14.7
Srimongal,2005,1,24,18.9,19.35,19.65,15.1
Srimongal,2005,1,25,19.85,20.25,20.05,16.1
Srimongal,2005,1,26,19.4,20.2,20.1,16.3
Srimongal,2005,1,27,19.45,20,20.1,15.7
Srimongal,2005,1,28,19.4,20.2,20.1,16
Srimongal,2005,1,29,21.4,21.2,20.5,15.9
Srimongal,2005,1,30,21.55,21.3,20.7,17.9
Srimongal,2005,1,31,22.4,21.9,21.05,18.3
Srimongal,2005,2,1,21.35,22,21.6,19.6
Srimongal,2005,2,2,22.4,22.35,21.45,19.6
Srimongal,2005,2,3,20.65,21.85,21.3,18
Srimongal,2005,2,4,19.5,22.05,22,15
Srimongal,2005,2,5,20.35,21.35,21.1,15.4
Srimongal,2005,2,6,20.3,21.15,21,16.5
Srimongal,2005,2,7,21.85,21.7,21.2,17.3
Srimongal,2005,2,8,22.25,21.9,21.4,19
Srimongal,2005,2,9,23.2,22.75,21.65,19.7
Srimongal,2005,2,10,23.4,23.35,22.25,20.2
Srimongal,2005,2,11,23.5,23.4,22.45,20.2
Srimongal,2005,2,12,24.35,23.7,22.55,20.3
Srimongal,2005,2,13,24.05,24.25,23.05,22.3
Srimongal,2005,2,14,25.2,24.95,23.45,24.5
Srimongal,2005,2,15,25.1,24.9,23.5,24.4
Srimongal,2005,2,16,24.95,24.9,23.8,23.9
Srimongal,2005,2,17,24.95,25.05,24,25.1
Srimongal,2005,2,18,24.6,24.7,23.85,24.1
Srimongal,2005,2,19,25.35,24.85,23.9,23
Srimongal,2005,2,20,25.2,25.3,24.05,24.6
Srimongal,2005,2,21,25.45,25.7,24.45,24.4
Srimongal,2005,2,22,23.8,24.95,24.35,24.8
Srimongal,2005,2,23,23.25,24.1,23.85,22.4
Srimongal,2005,2,24,24.35,24.3,24.85,21.3
Srimongal,2005,2,25,23.75,24.5,23.7,22.2
Srimongal,2005,2,26,23.85,24.25,23.55,20.6
Srimongal,2005,2,27,23.5,24.3,23.5,20.8
Srimongal,2005,2,28,24.4,24.4,23.55,20.5
Srimongal,2005,3,1,24.7,24.9,23.7,21.2
Srimongal,2005,3,2,26.2,25.55,24.15,23
Srimongal,2005,3,3,28.05,26.7,24.85,26.5
Srimongal,2005,3,4,28,27.3,25.25,26.4
Srimongal,2005,3,5,28.85,28.05,25.75,27.9
Srimongal,2005,3,6,29.55,28.45,26.25,27.5
Srimongal,2005,3,7,28.95,28.25,26.5,28
Srimongal,2005,3,8,25.35,26.95,26.05,25.9
Srimongal,2005,3,9,25,25.8,24.8,23.3
Srimongal,2005,3,10,25,25.7,25.2,23.3
Srimongal,2005,3,11,24.65,25.45,25.2,25.5
Srimongal,2005,3,12,23.8,24.85,24.75,22.7
Srimongal,2005,3,13,25.4,25.45,24.65,22.5
Srimongal,2005,3,14,26.5,26.05,24.9,24.3
Srimongal,2005,3,15,26.45,26.75,25.4,25
Srimongal,2005,3,16,26.75,26.65,25.35,23.1
Srimongal,2005,3,17,28.85,27.3,25.7,23.8
Srimongal,2005,3,18,26.45,26.7,25.9,24.9
Srimongal,2005,3,19,27.4,26.75,25.5,23.5
Srimongal,2005,3,20,27.35,27.4,26.35,24.3
Srimongal,2005,3,21,26.1,26.7,25.85,24.8
Srimongal,2005,3,22,24.65,26.55,25.7,26.3
Srimongal,2005,3,23,22.4,24.75,25.4,25.3
Srimongal,2005,3,24,21.8,23.55,24.4,21.2
Srimongal,2005,3,25,24.4,24.25,24,20.4
Srimongal,2005,3,26,23.1,24.7,24.35,22.9
Srimongal,2005,3,27,24.55,24.95,24.35,22.6
Srimongal,2005,3,28,24.8,25.35,24.6,23.3
Srimongal,2005,3,29,25.35,25.65,25,24.7
Srimongal,2005,3,30,27,26.5,25.05,25.2
Srimongal,2005,3,31,25.8,26.3,25.4,25.9
Srimongal,2005,4,1,27.05,26.75,25.45,23.1
Srimongal,2005,4,2,27.7,27.8,26.1,26.3
Srimongal,2005,4,3,27,27.4,26.1,25.9
Srimongal,2005,4,4,26.3,27.15,26.1,25.5
Srimongal,2005,4,5,26.35,27.2,26.2,24.7
Srimongal,2005,4,6,27.5,27.85,26.3,25.8
Srimongal,2005,4,7,28.7,28.35,26.7,26.5
Srimongal,2005,4,8,28.8,28.8,27.1,27.7
Srimongal,2005,4,9,29.35,29.25,27.35,28
Srimongal,2005,4,10,27.1,27.6,27.35,27.5
Srimongal,2005,4,11,27.8,27.95,26.9,24.8
Srimongal,2005,4,12,28,28.3,27,26.9
Srimongal,2005,4,13,28.05,28.55,27.4,26.8
Srimongal,2005,4,14,27.8,28.6,27.4,26.5
Srimongal,2005,4,15,29.1,29.2,27.65,26.8
Srimongal,2005,4,16,29.8,29.5,27.9,27.9
Srimongal,2005,4,17,28.35,29.45,28.1,28.2
Srimongal,2005,4,18,28.2,29,27.85,27.2
Srimongal,2005,4,19,30.4,30.1,28.3,28.1
Srimongal,2005,4,20,30.05,30.05,28.55,29.3
Srimongal,2005,4,21,28.6,29.5,28.4,27.2
Srimongal,2005,4,22,29.65,30,28.55,28.2
Srimongal,2005,4,23,30.4,30.45,28.75,29.1
Srimongal,2005,4,24,29.65,30.5,29.05,28
Srimongal,2005,4,25,29.2,30.15,28.95,26.8
Srimongal,2005,4,26,29.2,30.1,28.8,26.9
Srimongal,2005,4,27,26.7,29.4,28.6,26.5
Srimongal,2005,4,28,25,27.8,27.9,24
Srimongal,2005,4,29,24.9,27,27.1,22.9
Srimongal,2005,4,30,27.55,27.8,27,23.6
Srimongal,2005,5,1,28.9,29,27.65,26.3
Srimongal,2005,5,2,28.8,29.5,28.1,26.9
Srimongal,2005,5,3,28.6,29.7,28.35,27.7
Srimongal,2005,5,4,27.4,28.7,28.1,25.4
Srimongal,2005,5,5,24.85,27.2,27.5,24.3
Srimongal,2005,5,6,26.9,27.6,26.95,21.5
Srimongal,2005,5,7,27.6,28.7,27.55,26.3
Srimongal,2005,5,8,26.9,28.4,27.75,25.7
Srimongal,2005,5,9,27.6,27.35,27.1,24.3
Srimongal,2005,5,10,27.85,28.8,27.7,26.5
Srimongal,2005,5,11,27.55,28.25,27.7,25.7
Srimongal,2005,5,12,27.9,28.45,27.65,25.9
Srimongal,2005,5,13,27.4,28.2,27.7,25.8
Srimongal,2005,5,14,27,28.65,27.75,24.8
Srimongal,2005,5,15,27.2,28,27.55,25.7
Srimongal,2005,5,16,27.15,28.2,27.6,25
Srimongal,2005,5,17,25.6,26.85,27.25,25.5
Srimongal,2005,5,18,27.6,27.9,27.2,23.7
Srimongal,2005,5,19,25.4,26.6,27.4,27.6
Srimongal,2005,5,20,25.85,27.75,27,22.9
Srimongal,2005,5,21,25.6,26.1,26.4,23.8
Srimongal,2005,5,22,24.9,25.4,26.25,24.9
Srimongal,2005,5,23,25.7,26.25,26.2,24.1
Srimongal,2005,5,24,26.6,26.6,26,23.3
Srimongal,2005,5,25,27.8,27.45,26.35,24.4
Srimongal,2005,5,26,28.3,28.4,27.05,27.2
Srimongal,2005,5,27,29.5,29.4,27.65,27.6
Srimongal,2005,5,28,29.5,29.65,27.85,29.3
Srimongal,2005,5,29,31,30.55,28.7,29.7
Srimongal,2005,5,30,31.7,31.2,29.2,29.5
Srimongal,2005,5,31,31.9,31.65,29.6,30.3
Srimongal,2005,6,1,31.2,31.65,29.95,30.6
Srimongal,2005,6,2,31.55,31.6,29.8,30.2
Srimongal,2005,6,3,31.9,32.05,30.1,30.6
Srimongal,2005,6,4,29.65,30.8,29.9,29.4
Srimongal,2005,6,5,30.35,30.2,29.4,27.8
Srimongal,2005,6,6,32,31.7,29.9,29
Srimongal,2005,6,7,31.35,32.05,30.3,29.7
Srimongal,2005,6,8,32.3,32.5,30.4,28.7
Srimongal,2005,6,9,28.9,30.5,30.3,30.4
Srimongal,2005,6,10,30.5,30.7,29.7,27.6
Srimongal,2005,6,11,30.8,31.1,29.9,30.1
Srimongal,2005,6,12,31.35,31.55,30.1,28.5
Srimongal,2005,6,13,31.3,32,30.45,30.3
Srimongal,2005,6,14,28.7,30.15,30.05,28.5
Srimongal,2005,6,15,30,30.4,29.7,27.3
Srimongal,2005,6,16,29.9,30.6,30,28.6
Srimongal,2005,6,17,29.5,30.2,29.7,27.9
Srimongal,2005,6,18,30.85,30.65,29.6,27.6
Srimongal,2005,6,19,30.35,31.3,30,30.6
Srimongal,2005,6,20,30.4,30.9,29.9,28.5
Srimongal,2005,6,21,30.1,31.15,29.95,28.7
Srimongal,2005,6,22,30.4,30.7,29.9,28.3
Srimongal,2005,6,23,29.4,30.7,29.8,28.3
Srimongal,2005,6,24,29.7,30.75,29.75,27.7
Srimongal,2005,6,25,29.7,30.85,29.9,28.1
Srimongal,2005,6,26,30.3,31,29.8,27.2
Srimongal,2005,6,27,29.85,30.85,30.05,27.7
Srimongal,2005,6,28,29.75,30.7,29.95,29
Srimongal,2005,6,29,29.7,30.5,29.7,28.9
Srimongal,2005,6,30,29.75,30.25,29.55,28.4
Srimongal,2005,7,1,29.85,30.5,29.6,27.2
Srimongal,2005,7,2,29.7,30.3,29.55,27.4
Srimongal,2005,7,3,30.15,30.65,29.45,27.5
Srimongal,2005,7,4,29.75,30.75,29.75,27.8
Srimongal,2005,7,5,30.1,30.6,29.8,27.4
Srimongal,2005,7,6,31.5,30.95,29.7,27.7
Srimongal,2005,7,7,31.45,31.8,30.1,28.3
Srimongal,2005,7,8,30.8,31.65,30.55,29.6
Srimongal,2005,7,9,30.55,31.3,30.35,28
Srimongal,2005,7,10,29.5,30.7,30.1,28.4
Srimongal,2005,7,11,29.3,30.4,29.75,27.1
Srimongal,2005,7,12,28.5,29.7,29.45,27.4
Srimongal,2005,7,13,28.15,29.65,29.2,26.4
Srimongal,2005,7,14,28.1,29.1,28.9,26.6
Srimongal,2005,7,15,27.7,28.9,28.75,26.5
Srimongal,2005,7,16,28.85,29.2,28.5,25.2
Srimongal,2005,7,17,29.9,29.9,28.9,27.5
Srimongal,2005,7,18,29.7,30,29.2,28.5
Srimongal,2005,7,19,29.7,30.1,29.25,27.6
Srimongal,2005,7,20,27.4,28.3,28.7,28.6
Srimongal,2005,7,21,29.55,29.45,28.7,26.4
Srimongal,2005,7,22,31.1,30.85,29.3,27.9
Srimongal,2005,7,23,31.6,31.1,29.8,29.5
Srimongal,2005,7,24,31.8,31.75,30.15,29
Srimongal,2005,7,25,31.85,31.85,30.4,28.8
Srimongal,2005,7,26,32.2,32.15,30.5,29.6
Srimongal,2005,7,27,31.8,32,30.6,29.2
Srimongal,2005,7,28,30.85,32.2,30.55,28.6
Srimongal,2005,7,29,32.6,32.4,30.9,28.4
Srimongal,2005,7,30,32,32.75,31.1,29.1
Srimongal,2005,7,31,32.45,32.65,31.2,29.8
Srimongal,2005,8,1,32.8,32.8,31.2,30
Srimongal,2005,8,2,32.45,32.95,31.3,30.2
Srimongal,2005,8,3,31.35,32.3,31.2,28.6
Srimongal,2005,8,4,30.4,31.9,31,29.2
Srimongal,2005,8,5,29.75,30.7,30.65,28.9
Srimongal,2005,8,6,29,30.4,30.2,27.5
Srimongal,2005,8,7,29,29.95,29.8,26.8
Srimongal,2005,8,8,29.8,30.1,29.6,27.4
Srimongal,2005,8,9,30.25,30.4,29.7,28
Srimongal,2005,8,10,29.6,30.5,29.9,28.7
Srimongal,2005,8,11,29.25,30.05,29.65,27.6
Srimongal,2005,8,12,30.4,30.5,29.7,28.2
Srimongal,2005,8,13,31.3,31,29.75,27.4
Srimongal,2005,8,14,31,31.5,30.3,30.3
Srimongal,2005,8,15,31.3,31.35,30.2,28.6
Srimongal,2005,8,16,31.2,31.4,30.3,28.9
Srimongal,2005,8,17,30.6,31.15,30.35,28.4
Srimongal,2005,8,18,31.9,31.5,30.2,28.6
Srimongal,2005,8,19,31.25,31.7,30.45,29.2
Srimongal,2005,8,20,30,31.1,30.4,28.2
Srimongal,2005,8,21,29.6,30.7,30.15,27.7
Srimongal,2005,8,22,29,30.1,29.8,27.4
Srimongal,2005,8,23,28.95,29.95,29.55,27.2
Srimongal,2005,8,24,29.1,30.3,29.65,27.2
Srimongal,2005,8,25,29,29.8,29,27.4
Srimongal,2005,8,26,29.8,30.25,29.4,27
Srimongal,2005,8,27,29.35,30.45,29.65,28.3
Srimongal,2005,8,28,30,30.3,29.5,26.6
Srimongal,2005,8,29,30.1,30.15,29.4,28.2
Srimongal,2005,8,30,30.8,30.9,29.75,28.7
Srimongal,2005,8,31,31.4,31.1,29.8,28
Srimongal,2005,9,1,30.7,31.15,30.1,29.6
Srimongal,2005,9,2,30.35,31.3,30.1,27.7
Srimongal,2005,9,3,31.1,31.2,30.2,28.8
Srimongal,2005,9,4,31.65,31.6,30.3,28.9
Srimongal,2005,9,5,31.4,31.75,30.4,28.5
Srimongal,2005,9,6,32,31.6,30.4,28.7
Srimongal,2005,9,7,30.9,31.5,30.5,30
Srimongal,2005,9,8,31.5,31.45,30.3,27.4
Srimongal,2005,9,9,31.7,31.6,30.4,29
Srimongal,2005,9,10,31.8,32,30.6,28.9
Srimongal,2005,9,11,31.6,31.6,30.4,28.3
Srimongal,2005,9,12,31.1,31.9,30.55,28.4
Srimongal,2005,9,13,30.35,31.7,30.5,28.4
Srimongal,2005,9,14,32.4,32.25,30.8,28.1
Srimongal,2005,9,15,33.1,33,31.1,29.5
Srimongal,2005,9,16,32.25,32.85,31.2,30.9
Srimongal,2005,9,17,31.85,32.6,31.3,29.9
Srimongal,2005,9,18,32.8,33.2,31.1,29.7
Srimongal,2005,9,19,32.55,32.8,31.3,30.9
Srimongal,2005,9,20,28.4,29.55,30.5,29
Srimongal,2005,9,21,28.1,29.1,29.2,24.8
Srimongal,2005,9,22,29.45,30.1,29.45,26
Srimongal,2005,9,23,28.8,30.3,29.65,26.8
Srimongal,2005,9,24,29.5,29.95,29.6,26.7
Srimongal,2005,9,25,29.2,29.75,29.35,27.5
Srimongal,2005,9,26,30.05,30.15,29.25,25.7
Srimongal,2005,9,27,31.3,30.85,29.65,28.4
Srimongal,2005,9,28,31.9,31.2,29.8,29.8
Srimongal,2005,9,29,30.25,31.05,30,28.7
Srimongal,2005,9,30,30.2,30.7,29.3,26.8
Srimongal,2005,10,1,28.5,29.6,29.4,26
Srimongal,2005,10,2,28.4,29.5,29.1,26
Srimongal,2005,10,3,29.6,29.7,29,25.9
Srimongal,2005,10,4,29.1,29.85,29.15,27.9
Srimongal,2005,10,5,30.4,30.25,29.15,27
Srimongal,2005,10,6,30.3,30.5,29.4,28.2
Srimongal,2005,10,7,30.35,30.5,29.5,27.8
Srimongal,2005,10,8,30.45,30.8,29.65,27.9
Srimongal,2005,10,9,31.3,31,29.4,28
Srimongal,2005,10,10,30.65,30.95,29.8,28.5
Srimongal,2005,10,11,30.4,31.2,30,28.7
Srimongal,2005,10,12,30.9,31,30,28.3
Srimongal,2005,10,13,31.3,31.2,30,28.7
Srimongal,2005,10,14,31.4,31.8,30.25,29.5
Srimongal,2005,10,15,31.3,31.8,30.5,29.2
Srimongal,2005,10,16,30.85,31.35,30.3,28.6
Srimongal,2005,10,17,29.6,30.55,30.05,27.6
Srimongal,2005,10,18,28.8,30,29.6,25.9
Srimongal,2005,10,19,29.7,30.05,29.35,25.7
Srimongal,2005,10,20,28.35,29.8,29.6,27.3
Srimongal,2005,10,21,28,29.1,29.2,24.9
Srimongal,2005,10,22,27.05,28.7,28.65,25.2
Srimongal,2005,10,23,24.5,26.25,27.55,24.5
Srimongal,2005,10,24,26.1,26,26.5,21.2
Srimongal,2005,10,25,27.15,27.4,26.95,24.3
Srimongal,2005,10,26,27.8,28.6,27.6,26.1
Srimongal,2005,10,27,28.5,29,28,26.3
Srimongal,2005,10,28,28.1,28.7,28.2,27
Srimongal,2005,10,29,28.9,29,28.05,26.2
Srimongal,2005,10,30,28.2,29,28.3,26.4
Srimongal,2005,10,31,27.95,28.75,28,25.9
Srimongal,2005,11,1,26.8,28.4,28.05,25.6
Srimongal,2005,11,2,26.95,28,27.7,23.7
Srimongal,2005,11,3,27.05,28,27.5,24
Srimongal,2005,11,4,26.8,27.8,27.5,23.9
Srimongal,2005,11,5,26.3,27.05,27.3,23.2
Srimongal,2005,11,6,26,27.45,27.1,22.7
Srimongal,2005,11,7,26.35,27.25,26.9,23.1
Srimongal,2005,11,8,26.3,27.15,26.95,24.4
Srimongal,2005,11,9,27.5,27.9,27.15,24.8
Srimongal,2005,11,10,32.85,28.2,27.4,25
Srimongal,2005,11,11,27.2,28.05,27.4,24.9
Srimongal,2005,11,12,25.9,27.5,27.05,23.3
Srimongal,2005,11,13,25.05,26.7,26.85,22.2
Srimongal,2005,11,14,24.25,26,26.25,20.9
Srimongal,2005,11,15,24.6,25.8,25.95,21.1
Srimongal,2005,11,16,24.6,26.1,26,22.1
Srimongal,2005,11,17,25,25.9,25.9,22
Srimongal,2005,11,18,24.65,25.85,25.75,22.4
Srimongal,2005,11,19,25.5,26.2,25.85,22.6
Srimongal,2005,11,20,24.2,25.7,25.7,21.2
Srimongal,2005,11,21,23.3,25.05,25.35,20.3
Srimongal,2005,11,22,23.75,25.05,25.15,20.4
Srimongal,2005,11,23,23.3,25,25.05,20.3
Srimongal,2005,11,24,23.1,24.45,24.7,20.6
Srimongal,2005,11,25,23.4,24.5,24.6,19.7
Srimongal,2005,11,26,22.65,24.1,24.35,19.7
Srimongal,2005,11,27,24.15,24.65,24.45,19.6
Srimongal,2005,11,28,22.8,24.4,24.4,19.6
Srimongal,2005,11,29,22.5,23.9,24.1,18.9
Srimongal,2005,11,30,22.35,23.75,23.95,19.2
Srimongal,2005,12,1,22.1,23.6,23.9,18.8
Srimongal,2005,12,2,22.3,23.6,23.7,18.7
Srimongal,2005,12,3,22.2,23.45,23.55,19.4
Srimongal,2005,12,4,22.8,23.7,23.65,19.4
Srimongal,2005,12,5,22.7,23.7,23.7,20.1
Srimongal,2005,12,6,22.05,23.55,23.5,18.9
Srimongal,2005,12,7,21.55,23,23.25,17.9
Srimongal,2005,12,8,21.4,22.7,23,18.2
Srimongal,2005,12,9,21.8,22.8,23,18.7
Srimongal,2005,12,10,21.45,22.8,22.95,18.9
Srimongal,2005,12,11,21.7,22.7,23,18.4
Srimongal,2005,12,12,21.35,22.55,22.7,18.6
Srimongal,2005,12,13,21.5,22.7,22.75,18.9
Srimongal,2005,12,14,21.6,22.6,22.7,18.4
Srimongal,2005,12,15,22.05,22.65,22.55,19.1
Srimongal,2005,12,16,23.4,23.6,23,20.8
Srimongal,2005,12,17,22.55,23.5,23.25,21
Srimongal,2005,12,18,23.05,23.55,23.2,20.8
Srimongal,2005,12,19,22.8,23.5,23.25,20.4
Srimongal,2005,12,20,22.2,23.2,23.1,18.8
Srimongal,2005,12,21,21.5,22.9,22.9,19
Srimongal,2005,12,22,21.9,23,23,20.1
Srimongal,2005,12,23,22,22.9,23,20.4
Srimongal,2005,12,24,22,22.6,22.6,18.6
Srimongal,2005,12,25,22.15,22.85,22.75,19.2
Srimongal,2005,12,26,22,22.7,22.7,19.6
Srimongal,2005,12,27,21.25,22.2,22.5,18.8
Srimongal,2005,12,28,21.6,22.3,22.35,18
Srimongal,2005,12,29,20.3,21.7,22.1,17.2
Srimongal,2005,12,30,19.6,21.1,21.65,16.3
Srimongal,2005,12,31,19.9,21,21.5,15.2
Srimongal,2006,1,1,20,21.1,21.4,16.1
Srimongal,2006,1,2,20.05,21.15,21.35,16.7
Srimongal,2006,1,3,20,21.05,21.4,16.6
Srimongal,2006,1,4,19.8,20.9,21.1,16.3
Srimongal,2006,1,5,19.9,20.8,20.95,16.2
Srimongal,2006,1,6,20,20.85,21.1,16.7
Srimongal,2006,1,7,19.5,20.5,21,16
Srimongal,2006,1,8,19.75,20.6,20.9,16.1
Srimongal,2006,1,9,20.2,20.9,21.15,16.3
Srimongal,2006,1,10,21.5,21.4,21.1,17
Srimongal,2006,1,11,20.3,20.9,21.2,16.6
Srimongal,2006,1,12,20.8,20.9,21,15.3
Srimongal,2006,1,13,19.9,20.8,20.9,15.4
Srimongal,2006,1,14,19.4,20.55,20.9,15.1
Srimongal,2006,1,15,20,20.4,20.8,15.4
Srimongal,2006,1,16,18.8,20.2,20.5,15.9
Srimongal,2006,1,17,18.7,20.1,20.5,15.6
Srimongal,2006,1,18,21.1,20.9,20.55,16.3
Srimongal,2006,1,19,22.35,22.05,21.2,21.3
Srimongal,2006,1,20,20.65,21.5,21.35,19.7
Srimongal,2006,1,21,19.9,21.05,21.15,17.8
Srimongal,2006,1,22,19.8,20.8,20.9,16.1
Srimongal,2006,1,23,19.3,20.65,20.7,15.9
Srimongal,2006,1,24,19,20.1,20.5,14.9
Srimongal,2006,1,25,20.95,20.75,20.6,16.9
Srimongal,2006,1,26,20.35,21,20.8,17.3
Srimongal,2006,1,27,21,21.15,20.9,17.7
Srimongal,2006,1,28,21.2,21.7,21.1,17.8
Srimongal,2006,1,29,21.45,21.65,21.1,18.5
Srimongal,2006,1,30,21.4,21.7,21.25,18.6
Srimongal,2006,1,31,21.85,21.95,21.3,18.7
Srimongal,2006,2,1,22.15,22.1,21.55,19
Srimongal,2006,2,2,22.45,22.3,21.6,19.5
Srimongal,2006,2,3,21.9,22.6,21.9,19.8
Srimongal,2006,2,4,22.45,22.55,22,19.8
Srimongal,2006,2,5,22.6,22.65,22.1,20.3
Srimongal,2006,2,6,23.2,22.9,22.1,19.4
Srimongal,2006,2,7,27.45,22.9,22.2,19.5
Srimongal,2006,2,8,23.1,23.2,22.4,19.7
Srimongal,2006,2,9,23.05,23.25,22.35,20.3
Srimongal,2006,2,10,23.15,23.25,22.4,19.9
Srimongal,2006,2,11,22.6,23.1,22.4,19.7
Srimongal,2006,2,12,23.35,23.3,22.45,19.7
Srimongal,2006,2,13,20.95,22.5,22.5,20.4
Srimongal,2006,2,14,23.3,23.15,22.65,20
Srimongal,2006,2,15,25,24.2,23,23.5
Srimongal,2006,2,16,25.5,24.9,23.6,24.9
Srimongal,2006,2,17,26.7,25.5,23.9,25.1
Srimongal,2006,2,18,27.15,25.8,24.2,24.6
Srimongal,2006,2,19,27.1,26,24.4,24.2
Srimongal,2006,2,20,27.6,26.2,24.8,23.8
Srimongal,2006,2,21,26.7,26.25,24.95,24.5
Srimongal,2006,2,22,26.75,26.4,25.1,25.3
Srimongal,2006,2,23,27,26.45,25,24.8
Srimongal,2006,2,24,27.65,26.7,25.35,24.8
Srimongal,2006,2,25,27.7,27,25.35,25.1
Srimongal,2006,2,26,28.2,27.2,25.6,25.4
Srimongal,2006,2,27,28,27.3,25.8,26.3
Srimongal,2006,2,28,28.65,27.8,26,27.3
Srimongal,2006,3,1,28.65,27.8,26.15,26.9
Srimongal,2006,3,2,28.4,27.9,26.2,25.3
Srimongal,2006,3,3,27.65,27.65,26.3,25.1
Srimongal,2006,3,4,27.1,26.4,25.9,22.1
Srimongal,2006,3,5,26.4,26.65,25.7,22.5
Srimongal,2006,3,6,28.25,24.3,25.8,24.4
Srimongal,2006,3,7,28.55,27.3,26.1,24.5
Srimongal,2006,3,8,29.3,28.4,26.55,25.4
Srimongal,2006,3,9,28.6,28,26.5,25
Srimongal,2006,3,10,29.2,28.4,26.65,25.3
Srimongal,2006,3,11,26.75,27.95,26.7,25.9
Srimongal,2006,3,12,27.85,27.5,26.4,23.2
Srimongal,2006,3,13,28.1,27.5,26.3,22.3
Srimongal,2006,3,14,28.85,28.3,26.65,24.1
Srimongal,2006,3,15,28.65,28.25,26.8,23.4
Srimongal,2006,3,16,28.95,28.55,24.4,24.6
Srimongal,2006,3,17,29.3,28.7,27,25
Srimongal,2006,3,18,28.7,28.6,27.1,24.1
Srimongal,2006,3,19,27.95,28.25,27,22.4
Srimongal,2006,3,20,27.45,28,26.75,21.6
Srimongal,2006,3,21,27.7,27.65,26.45,22.3
Srimongal,2006,3,22,28.75,28.3,26.85,23.3
Srimongal,2006,3,23,30.55,29.2,27.3,26.9
Srimongal,2006,3,24,30,29.15,27.5,25.1
Srimongal,2006,3,25,30.1,29.4,27.7,25.8
Srimongal,2006,3,26,30.9,30.05,27.85,28.1
Srimongal,2006,3,27,31.8,30.75,28.5,29.8
Srimongal,2006,3,28,32,30.9,28.7,29.2
Srimongal,2006,3,29,31.7,31,28.9,27.7
Srimongal,2006,3,30,30.2,30,28.65,25.5
Srimongal,2006,3,31,30.1,30.1,28.5,26
Srimongal,2006,4,1,31.4,30.45,28.65,26.6
Srimongal,2006,4,2,31.95,31,28.9,27.5
Srimongal,2006,4,3,26.65,30.4,29.1,29.3
Srimongal,2006,4,4,24.2,26.65,27.4,23.1
Srimongal,2006,4,5,25.4,26.45,26.2,22.1
Srimongal,2006,4,6,26.3,27.2,26.3,23.5
Srimongal,2006,4,7,26.9,27.65,26.8,26.2
Srimongal,2006,4,8,27.5,28.35,27.1,27.3
Srimongal,2006,4,9,27.15,28.45,27.4,26.9
Srimongal,2006,4,10,27.8,28.5,27.6,26.9
Srimongal,2006,4,11,27.7,28.4,27.6,28.2
Srimongal,2006,4,12,28.25,28.6,27.6,28.2
Srimongal,2006,4,13,28.9,29.1,27.85,28.6
Srimongal,2006,4,14,30,29.7,28.1,27.4
Srimongal,2006,4,15,30.9,30.45,28.6,28.9
Srimongal,2006,4,16,29.15,30.3,28.75,29
Srimongal,2006,4,17,29.55,30.05,28.1,27.1
Srimongal,2006,4,18,27.5,28.5,28.1,25.9
Srimongal,2006,4,19,27.1,28.45,28.3,24.4
Srimongal,2006,4,20,28.2,28.8,27.8,23.9
Srimongal,2006,4,21,28.75,29.2,27.9,25
Srimongal,2006,4,22,28.3,29.4,28.2,26.1
Srimongal,2006,4,23,28.5,29.15,28,26.3
Srimongal,2006,4,24,27,29.3,28.3,26.7
Srimongal,2006,4,25,28.25,28.9,28,23.8
Srimongal,2006,4,26,29.5,29.65,28.4,27.4
Srimongal,2006,4,27,27.8,29.6,28.45,28.8
Srimongal,2006,4,28,28.9,29.65,28.55,25.7
Srimongal,2006,4,29,29.3,30,28.65,27.5
Srimongal,2006,4,30,29.65,30,28.65,29
Srimongal,2006,5,1,29.8,30.2,29,29
Srimongal,2006,5,2,29.25,29.9,28.9,28.8
Srimongal,2006,5,3,29.9,30.4,29,27
Srimongal,2006,5,4,30.4,30.75,29.3,28.1
Srimongal,2006,5,5,30.1,30.8,29.45,28.5
Srimongal,2006,5,6,28.6,30.5,29.6,28.9
Srimongal,2006,5,7,27,28.7,28.6,25.4
Srimongal,2006,5,8,28.85,29.35,28.4,24.7
Srimongal,2006,5,9,29.4,30.4,28.5,28.1
Srimongal,2006,5,10,29.45,30.25,29.15,27.5
Srimongal,2006,5,11,27.4,29,29.5,27.3
Srimongal,2006,5,12,25.4,27.1,27.95,25.1
Srimongal,2006,5,13,27.55,27.65,27.2,22.5
Srimongal,2006,5,14,28.05,28.4,27.8,26.8
Srimongal,2006,5,15,29.3,29.05,27.9,25.1
Srimongal,2006,5,16,30,30.1,28.4,27.6
Srimongal,2006,5,17,30.4,30.7,28.9,28.1
Srimongal,2006,5,18,30.95,31,29.3,28.1
Srimongal,2006,5,19,31.75,31.8,29.7,29.2
Srimongal,2006,5,20,30.9,31.3,29.75,29.6
Srimongal,2006,5,21,31.95,31.7,29.9,27.7
Srimongal,2006,5,22,32.1,32.3,30.25,29.9
Srimongal,2006,5,23,32.5,32.6,30.45,30.2
Srimongal,2006,5,24,32.5,32.55,30.55,29.9
Srimongal,2006,5,25,33.3,33,30.8,29.9
Srimongal,2006,5,26,29.65,31.5,30.75,30
Srimongal,2006,5,27,27,29.35,29.65,25.8
Srimongal,2006,5,28,26.9,28.65,28.6,25
Srimongal,2006,5,29,26.9,27.7,27.8,25.5
Srimongal,2006,5,30,26.1,27.4,27.6,25.9
Srimongal,2006,5,31,27,27.85,27.45,25.7
Srimongal,2006,6,1,26.5,27.45,27.35,25.2
Srimongal,2006,6,2,26.9,27.5,27.2,24.7
Srimongal,2006,6,3,29.05,28.6,27.55,25.1
Srimongal,2006,6,4,29.9,29.55,27.7,28.6
Srimongal,2006,6,5,29.7,30,28.55,28
Srimongal,2006,6,6,29.7,30.15,28.95,28.2
Srimongal,2006,6,7,29.9,30.3,28.9,28.7
Srimongal,2006,6,8,29.95,30.3,29.1,28.9
Srimongal,2006,6,9,29.3,30,29.1,28.3
Srimongal,2006,6,10,27.95,29.25,28.95,27.1
Srimongal,2006,6,11,28.7,28.9,28.4,25.7
Srimongal,2006,6,12,27.1,28.1,28.05,29.6
Srimongal,2006,6,13,26.3,27.5,27.55,25
Srimongal,2006,6,14,26.6,27.35,27.05,24.4
Srimongal,2006,6,15,28.8,28.3,27.2,24.5
Srimongal,2006,6,16,27.85,28.75,27.85,28.3
Srimongal,2006,6,17,28,28.95,28.15,26.1
Srimongal,2006,6,18,28.95,29.15,28.2,26.5
Srimongal,2006,6,19,31,30.25,28.6,28.2
Srimongal,2006,6,20,28.6,31.05,29.1,30.1
Srimongal,2006,6,21,31.1,31.2,29.5,27.8
Srimongal,2006,6,22,31.2,31.15,29.7,28.7
Srimongal,2006,6,23,30.1,30.35,29.55,28.6
Srimongal,2006,6,24,30.4,30.5,29.6,28.1
Srimongal,2006,6,25,30.1,30.4,29.45,27.3
Srimongal,2006,6,26,29.7,30.25,29.5,27.7
Srimongal,2006,6,27,30.2,30.3,29.4,27.3
Srimongal,2006,6,28,30.15,30.5,29.4,27.7
Srimongal,2006,6,29,31,30.5,29.7,28
Srimongal,2006,6,30,31.75,31.75,29.95,29.2
Srimongal,2006,7,1,32.6,32.15,30.3,29.3
Srimongal,2006,7,2,32.6,32.75,30.75,30.2
Srimongal,2006,7,3,31.75,32.6,30.9,29.6
Srimongal,2006,7,4,30.8,31.8,30.65,28.7
Srimongal,2006,7,5,31,31.7,30.4,28.4
Srimongal,2006,7,6,30.2,31.2,30.4,28.3
Srimongal,2006,7,7,29.15,30.2,29.75,28
Srimongal,2006,7,8,29.1,29.4,29.1,26.6
Srimongal,2006,7,9,29.95,30.25,29.35,27.7
Srimongal,2006,7,10,29.75,30.25,29.5,28.3
Srimongal,2006,7,11,29.3,30.1,29.4,27.4
Srimongal,2006,7,12,30.05,30.5,29.45,27.7
Srimongal,2006,7,13,30.55,30.75,29.6,29
Srimongal,2006,7,14,31.4,31.2,29.9,29.2
Srimongal,2006,7,15,31.75,31.9,30.2,29.6
Srimongal,2006,7,16,32.95,32.35,30.45,29.4
Srimongal,2006,7,17,32,32.3,30.8,29.3
Srimongal,2006,7,18,31.35,32.1,30.75,29.6
Srimongal,2006,7,19,30.45,31.4,30.5,28.7
Srimongal,2006,7,20,30.6,31.3,30.2,28
Srimongal,2006,7,21,30.7,31.5,30.35,28.3
Srimongal,2006,7,22,29.9,31.15,30.35,28.2
Srimongal,2006,7,23,30.2,31,30.2,27.2
Srimongal,2006,7,24,30.7,31.5,30.2,27.3
Srimongal,2006,7,25,30.8,31.55,30.3,28.3
Srimongal,2006,7,26,29.8,30.5,30.05,28.5
Srimongal,2006,7,27,30.65,30.7,29.75,26.8
Srimongal,2006,7,28,30,31.15,29.95,28
Srimongal,2006,7,29,30.25,31.3,30.25,27.5
Srimongal,2006,7,30,31,31.3,30.2,27.4
Srimongal,2006,7,31,32.25,31.95,30.45,29.1
Srimongal,2006,8,1,31.5,31.9,30.7,29.3
Srimongal,2006,8,2,32,32.55,30.8,29.2
Srimongal,2006,8,3,29.1,30.7,30.5,28.7
Srimongal,2006,8,4,29.15,30.4,29.9,25.6
Srimongal,2006,8,5,29.15,30.45,29.9,26.9
Srimongal,2006,8,6,28.85,30.2,29.65,26
Srimongal,2006,8,7,28.6,29.6,29.4,26.4
Srimongal,2006,8,8,30.35,30.6,29.55,26.8
Srimongal,2006,8,9,31.65,31.3,30,28.4
Srimongal,2006,8,10,32,31.8,30.4,28.8
Srimongal,2006,8,11,32.75,32.7,30.9,30.6
Srimongal,2006,8,12,32.9,33.15,31.25,30.4
Srimongal,2006,8,13,32.5,32.9,31.2,30.7
Srimongal,2006,8,14,32.4,32.85,31.45,29
Srimongal,2006,8,15,32.7,32.95,31.5,28.8
Srimongal,2006,8,16,32.8,33,31.7,29.9
Srimongal,2006,8,17,32.6,33.25,31.75,30.8
Srimongal,2006,8,18,31.65,32.75,31.65,28.9
Srimongal,2006,8,19,32.1,32.7,31.45,28.3
Srimongal,2006,8,20,32.15,32.85,31.5,29.1
Srimongal,2006,8,21,31.65,32.65,31.55,28.7
Srimongal,2006,8,22,30.6,32,31.25,27.7
Srimongal,2006,8,23,30.5,31.7,31,28.1
Srimongal,2006,8,24,29.75,31.2,30.65,27.7
Srimongal,2006,8,25,30.4,31.2,30.4,27.5
Srimongal,2006,8,26,31.3,31.8,30.6,28.4
Srimongal,2006,8,27,32,32.05,30.75,29
Srimongal,2006,8,28,31.55,32.65,31.15,29.7
Srimongal,2006,8,29,29.55,31.35,30.8,28.4
Srimongal,2006,8,30,30.25,30.95,30.35,26.3
Srimongal,2006,8,31,31.5,31.7,30.6,28.2
Srimongal,2006,9,1,31.8,32.2,31,28.8
Srimongal,2006,9,2,31.5,32.15,30.85,29.1
Srimongal,2006,9,3,31.6,32.1,30.9,28.8
Srimongal,2006,9,4,31.65,32.3,31.2,28.8
Srimongal,2006,9,5,31.3,31.75,31,28.3
Srimongal,2006,9,6,31.8,32.8,31.2,28.6
Srimongal,2006,9,7,31.1,31.85,31.1,28.8
Srimongal,2006,9,8,31,31.6,30.7,28
Srimongal,2006,9,9,30.8,31.45,30.7,27.6
Srimongal,2006,9,10,29.4,30.75,30.5,27.6
Srimongal,2006,9,11,28.7,29.8,29.8,26.3
Srimongal,2006,9,12,28.5,29.6,29.5,26.4
Srimongal,2006,9,13,29.5,29.95,29.4,25.8
Srimongal,2006,9,14,30.4,30.5,29.6,27.1
Srimongal,2006,9,15,30.5,31.35,29.85,28.8
Srimongal,2006,9,16,31.45,31.5,30.15,28
Srimongal,2006,9,17,30.8,31.25,30.35,28.5
Srimongal,2006,9,18,31.25,31.5,30.25,27.3
Srimongal,2006,9,19,31.35,31.7,30.4,28.7
Srimongal,2006,9,20,29.3,31.05,30.4,29.2
Srimongal,2006,9,21,28.1,28.3,29.8,25.7
Srimongal,2006,9,22,27.55,29.15,29.3,25.3
Srimongal,2006,9,23,28.25,29.2,29,25.2
Srimongal,2006,9,24,29,29.65,29.05,26.5
Srimongal,2006,9,25,30.25,30.4,29.3,27.5
Srimongal,2006,9,26,30.7,30.75,29.6,27.9
Srimongal,2006,9,27,31.45,31.3,29.95,28.5
Srimongal,2006,9,28,31,31.85,30.25,29.5
Srimongal,2006,9,29,30.9,31.7,30.35,28.7
Srimongal,2006,9,30,30.5,31.3,30.35,28.2
Srimongal,2006,10,1,28.15,28.9,29.75,28.3
Srimongal,2006,10,2,29.4,29.25,29.2,25.4
Srimongal,2006,10,3,30.6,30.85,29.6,28.1
Srimongal,2006,10,4,29.3,30.35,29.8,28.9
Srimongal,2006,10,5,27.95,28.6,29,25.8
Srimongal,2006,10,6,29.15,29.55,28.8,25.8
Srimongal,2006,10,7,29.7,30.1,29.25,27.5
Srimongal,2006,10,8,29.75,30.2,29.35,27.7
Srimongal,2006,10,9,30.4,30.7,29.4,27.8
Srimongal,2006,10,10,30.15,30.9,29.7,28.6
Srimongal,2006,10,11,30.85,31.1,29.85,28.2
Srimongal,2006,10,12,30.15,30.7,29.8,27.7
Srimongal,2006,10,13,29.8,30.6,29.75,27.8
Srimongal,2006,10,14,30.5,30.5,29.7,27.3
Srimongal,2006,10,15,30.5,30.8,29.75,27.5
Srimongal,2006,10,16,30.4,30.8,29.75,28
Srimongal,2006,10,17,29.9,30.3,29.75,27.6
Srimongal,2006,10,18,30.2,29.25,29.8,28.5
Srimongal,2006,10,19,29.5,30.35,29.75,27.6
Srimongal,2006,10,20,29.2,30.05,29.55,26.8
Srimongal,2006,10,21,29.65,30.1,29.4,26
Srimongal,2006,10,22,29.2,30,29.35,26
Srimongal,2006,10,23,28.95,29.8,29.1,26
Srimongal,2006,10,24,28.8,29.55,28.95,25.7
Srimongal,2006,10,25,28.35,29.35,29,26.1
Srimongal,2006,10,26,27.75,29.3,28.7,25.2
Srimongal,2006,10,27,28.85,29.45,28.65,25.7
Srimongal,2006,10,28,28.75,29.45,28.75,26.7
Srimongal,2006,10,29,28.5,29.4,28.65,26
Srimongal,2006,10,30,27.7,29.05,28.55,25.1
Srimongal,2006,10,31,27.9,28.3,28.45,25.5
Srimongal,2006,11,1,27.1,28.3,28.2,24.9
Srimongal,2006,11,2,27.7,28.4,28,24.5
Srimongal,2006,11,3,27.45,28.4,27.9,24.4
Srimongal,2006,11,4,27.4,28.6,28,25.2
Srimongal,2006,11,5,27.1,28.1,27.9,25.1
Srimongal,2006,11,6,27.5,28.25,27.8,23.6
Srimongal,2006,11,7,27.4,28.2,27.75,25.2
Srimongal,2006,11,8,27.4,28.15,27.6,24.6
Srimongal,2006,11,9,26.2,27.55,27.5,24.3
Srimongal,2006,11,10,26.7,27.55,27.35,23.9
Srimongal,2006,11,11,26.1,27.35,27.25,24.2
Srimongal,2006,11,12,27,27.7,27.2,22.9
Srimongal,2006,11,13,25.85,27.8,27.3,24.9
Srimongal,2006,11,14,27.3,27.9,27.25,24.6
Srimongal,2006,11,15,26.4,27.7,27.25,24.6
Srimongal,2006,11,16,25.7,27.4,27.1,24.3
Srimongal,2006,11,17,25.4,26.9,26.85,23.1
Srimongal,2006,11,18,24.95,26.6,26.5,22.2
Srimongal,2006,11,19,24.45,26.15,26.35,21.7
Srimongal,2006,11,20,24.05,26.7,28.6,22
Srimongal,2006,11,21,24.15,25.65,25.75,21.8
Srimongal,2006,11,22,23.15,25.45,25.55,21.1
Srimongal,2006,11,23,23,25,25.35,20.5
Srimongal,2006,11,24,23.7,25.15,25.25,21.1
Srimongal,2006,11,25,23.9,25.1,25.25,21.9
Srimongal,2006,11,26,23.7,25.3,25.2,22.2
Srimongal,2006,11,27,22.4,24.4,24.85,19.6
Srimongal,2006,11,28,21.2,24,24.55,18.8
Srimongal,2006,11,29,20.5,22.95,23.9,16.8
Srimongal,2006,11,30,20.5,22.7,23.5,16.7
Srimongal,2006,12,1,20.65,22.6,23.35,16.9
Srimongal,2006,12,2,20.45,22.5,23.1,17.1
Srimongal,2006,12,3,20.3,22.15,22.8,16.5
Srimongal,2006,12,4,20.65,22.3,22.8,16.7
Srimongal,2006,12,5,20.75,22.2,22.65,17.7
Srimongal,2006,12,6,20.9,22.5,22.7,18.2
Srimongal,2006,12,7,21,22.35,22.65,18.1
Srimongal,2006,12,8,21,22.45,22.7,18.2
Srimongal,2006,12,9,20.85,22.4,22.7,18.5
Srimongal,2006,12,10,21.2,22.3,22.5,18.4
Srimongal,2006,12,11,20.9,21.85,22.5,18.1
Srimongal,2006,12,12,21.05,22.2,22.5,18.2
Srimongal,2006,12,13,21,22.45,22.6,18.9
Srimongal,2006,12,14,19.3,21.65,22.3,15.6
Srimongal,2006,12,15,19.2,21.55,22,16.1
Srimongal,2006,12,16,20.1,21.5,21.9,16.6
Srimongal,2006,12,17,20.6,21.55,21.8,18
Srimongal,2006,12,18,21.35,22.5,22.25,20.5
Srimongal,2006,12,19,21.35,22.2,22.3,19.7
Srimongal,2006,12,20,21.75,22.6,22.4,19.8
Srimongal,2006,12,21,21.7,22.45,22.4,19.8
Srimongal,2006,12,22,20.8,22.65,22.4,19.9
Srimongal,2006,12,23,21.2,22.25,22.4,19.2
Srimongal,2006,12,24,20.95,22.25,22.35,18.5
Srimongal,2006,12,25,20.15,21.85,22.1,17.9
Srimongal,2006,12,26,19,21.5,21.9,17.8
Srimongal,2006,12,27,19.2,21,21.65,16.9
Srimongal,2006,12,28,19.4,20.7,21.4,16.1
Srimongal,2006,12,29,19.5,20.85,21.3,16.4
Srimongal,2006,12,30,19.9,20.9,21.3,16.4
Srimongal,2006,12,31,18.9,20.5,21.1,16
Srimongal,2007,1,1,20.65,22.6,23.35,15.5
Srimongal,2007,1,2,20.45,22.5,23.1,15.1
Srimongal,2007,1,3,20.2,22.15,21.05,14.6
Srimongal,2007,1,4,20.65,22.3,22.8,14.2
Srimongal,2007,1,5,20.75,22.2,22.65,13.7
Srimongal,2007,1,6,23.4,22.5,22.7,14.2
Srimongal,2007,1,7,21,22.35,22.65,15
Srimongal,2007,1,8,21,22.45,22.7,15.1
Srimongal,2007,1,9,20.85,22.4,22.7,13.7
Srimongal,2007,1,10,21.1,22.3,22.5,14.6
Srimongal,2007,1,11,18.6,19.6,19.9,14.3
Srimongal,2007,1,12,17.9,19.3,19.85,14.9
Srimongal,2007,1,13,17.4,19.2,19.7,14.6
Srimongal,2007,1,14,16.8,18.95,19.45,14.9
Srimongal,2007,1,15,16.6,18.5,19.2,13.8
Srimongal,2007,1,16,16.7,18.5,19,12.3
Srimongal,2007,1,17,16.7,18.3,18.9,12.9
Srimongal,2007,1,18,16.7,18.4,19,13.3
Srimongal,2007,1,19,17.1,18.6,19,13.8
Srimongal,2007,1,20,16.8,18.6,19,14
Srimongal,2007,1,21,17.5,18.7,19,14.6
Srimongal,2007,1,22,18.15,19.15,19.2,15.4
Srimongal,2007,1,23,17.9,19,19.1,14.8
Srimongal,2007,1,24,18.1,18.9,19,14.4
Srimongal,2007,1,25,18.4,19.3,19.3,14.9
Srimongal,2007,1,26,18.8,19.4,19.4,15.9
Srimongal,2007,1,27,19.1,19.9,19.6,16.9
Srimongal,2007,1,28,19.6,20.25,19.85,17.5
Srimongal,2007,1,29,19.5,20.3,20,18.1
Srimongal,2007,1,30,20.1,20,20.2,18.6
Srimongal,2007,1,31,20.7,20.8,20.4,19.2
Srimongal,2007,2,1,22.5,21.4,20.3,19.1
Srimongal,2007,2,2,22,21.95,21.15,20.8
Srimongal,2007,2,3,22.3,21.9,21.4,18.4
Srimongal,2007,2,4,21.3,21.85,21.4,19.4
Srimongal,2007,2,5,19.9,21.35,20.8,20.1
Srimongal,2007,2,6,20.25,21,21,17.8
Srimongal,2007,2,7,21.8,21.7,21.2,19.4
Srimongal,2007,2,8,21.6,22.1,21.5,21
Srimongal,2007,2,9,22.05,22.5,21.85,20
Srimongal,2007,2,10,19.35,22.6,21.8,20.3
Srimongal,2007,2,11,21.85,22.6,22.1,20.1
Srimongal,2007,2,12,21.7,22.45,22,20.3
Srimongal,2007,2,13,21.05,22.2,21.8,18.9
Srimongal,2007,2,14,20.6,21.3,21.9,20.3
Srimongal,2007,2,15,20.7,21.5,21.45,17.6
Srimongal,2007,2,16,19.5,21.05,21.15,17.2
Srimongal,2007,2,17,20.25,21.3,21.2,17
Srimongal,2007,2,18,20.15,21.35,21.1,17.8
Srimongal,2007,2,19,20.1,21.4,21.15,17.7
Srimongal,2007,2,20,19.9,21.2,21.1,17.5
Srimongal,2007,2,21,20.45,21.4,21.2,17.3
Srimongal,2007,2,22,21,21.6,21.3,18.5
Srimongal,2007,2,23,21.35,22,21.6,19.5
Srimongal,2007,2,24,21.6,22.35,21.75,20.2
Srimongal,2007,2,25,21.9,22.4,21.9,20.5
Srimongal,2007,2,26,22.4,23.2,22.1,21.2
Srimongal,2007,2,27,23.3,23.4,22.45,21.3
Srimongal,2007,2,28,24.1,23.35,23.75,20.3
Srimongal,2007,3,1,20.65,22.25,22.4,20.3
Srimongal,2007,3,2,20.8,21.65,21.8,18.7
Srimongal,2007,3,3,21.6,22,21.6,18.4
Srimongal,2007,3,4,22.35,22.6,21.9,19.8
Srimongal,2007,3,5,23.6,23,22.55,20
Srimongal,2007,3,6,23.5,23.5,22.8,19.9
Srimongal,2007,3,7,23.6,23.95,22.95,19.6
Srimongal,2007,3,8,23.6,23.65,22.85,18.7
Srimongal,2007,3,9,24.6,24.2,17.6,18.8
Srimongal,2007,3,10,24.6,23.8,23.2,19.9
Srimongal,2007,3,11,25.9,25,23.6,21
Srimongal,2007,3,12,26.6,25.5,24.1,22.4
Srimongal,2007,3,13,28.3,27.05,24.9,25
Srimongal,2007,3,14,26.7,26.9,24.75,24.9
Srimongal,2007,3,15,27.3,26.55,25.1,22.6
Srimongal,2007,3,16,27.1,26.05,24.6,22.9
Srimongal,2007,3,17,26.2,26.1,25.1,20
Srimongal,2007,3,18,25.8,25.8,24.9,19.5
Srimongal,2007,3,19,26.3,25.9,24.9,20.4
Srimongal,2007,3,20,26.7,26.1,24.8,21.4
Srimongal,2007,3,21,26.2,26.6,25.2,23.9
Srimongal,2007,3,22,24.3,25.6,25.15,24
Srimongal,2007,3,23,25.35,24.8,24.3,20.7
Srimongal,2007,3,24,26.2,25.3,24.3,25.3
Srimongal,2007,3,25,26.8,26.5,25.15,26.9
Srimongal,2007,3,26,26.3,26.3,24.6,25.1
Srimongal,2007,3,27,27.4,27,25.5,24.3
Srimongal,2007,3,28,27.8,27.3,25.85,24.1
Srimongal,2007,3,29,28.5,28,26.2,24.3
Srimongal,2007,3,30,28.5,28.05,26.25,24.8
Srimongal,2007,3,31,29.1,28.55,26.8,25.3
Srimongal,2007,4,1,29.65,28.8,26.9,26.3
Srimongal,2007,4,2,30.1,29.3,27.4,27.1
Srimongal,2007,4,3,28.25,28.7,27.3,27.6
Srimongal,2007,4,4,29.45,28.9,27.3,28.5
Srimongal,2007,4,5,28.4,28.8,27.4,28.1
Srimongal,2007,4,6,29.05,28.95,27.4,27.4
Srimongal,2007,4,7,28,28.7,27.5,27.6
Srimongal,2007,4,8,26.7,27.85,26.9,26.9
Srimongal,2007,4,9,29.2,27.7,26.9,25.9
Srimongal,2007,4,10,26.65,27.6,26.95,26.2
Srimongal,2007,4,11,24.5,25.9,23.8,24.4
Srimongal,2007,4,12,22.35,24.8,25.35,21.1
Srimongal,2007,4,13,24.1,24.2,24.25,18.9
Srimongal,2007,4,14,26.8,26.35,25.15,24.2
Srimongal,2007,4,15,27.3,27.6,26.25,26
Srimongal,2007,4,16,29.05,28.35,26.55,26.9
Srimongal,2007,4,17,29.05,28.85,27,28.1
Srimongal,2007,4,18,30.05,29.15,27.35,26.5
Srimongal,2007,4,19,30,29.95,27.9,27.7
Srimongal,2007,4,20,30.1,29.9,28.25,27.2
Srimongal,2007,4,21,28.4,29.3,28.4,27.6
Srimongal,2007,4,22,28,28.75,27.8,25
Srimongal,2007,4,23,25,26.9,26.5,23.3
Srimongal,2007,4,24,25.05,26.25,26.25,23
Srimongal,2007,4,25,23.9,24.9,24.4,23.1
Srimongal,2007,4,26,25.95,26.3,25.9,23.2
Srimongal,2007,4,27,24.6,25.8,24.9,24.6
Srimongal,2007,4,28,27.15,27.15,26.1,24.2
Srimongal,2007,4,29,28.1,28.2,26.35,27.2
Srimongal,2007,4,30,30.25,29.35,27.35,27.6
Srimongal,2007,5,1,29.6,28.7,27.05,28.1
Srimongal,2007,5,2,30.45,29.9,27.8,28.4
Srimongal,2007,5,3,31.9,30.65,28.5,29.8
Srimongal,2007,5,4,32.15,31.4,29.3,28.7
Srimongal,2007,5,5,32.85,31.7,29.5,28.6
Srimongal,2007,5,6,32.7,32,29.9,30.3
Srimongal,2007,5,7,29.7,31.6,30,29.3
Srimongal,2007,5,8,32.1,31.8,30,27.6
Srimongal,2007,5,9,30.95,31.7,30,28.5
Srimongal,2007,5,10,31.3,31.15,29.7,27.7
Srimongal,2007,5,11,30,30.2,29.7,29
Srimongal,2007,5,12,29.7,30.3,29.45,27.4
Srimongal,2007,5,13,29.6,30.2,29.5,27.9
Srimongal,2007,5,14,27.7,29.95,29.3,28.9
Srimongal,2007,5,15,25.95,27.55,27.65,24.1
Srimongal,2007,5,16,28.1,28.5,27.9,24.2
Srimongal,2007,5,17,30,29.6,27.8,27
Srimongal,2007,5,18,30.3,30.3,28.9,28.2
Srimongal,2007,5,19,30.3,30.6,29.2,28.7
Srimongal,2007,5,20,29.45,30.05,29.15,28.2
Srimongal,2007,5,21,28.9,29.7,29,26.9
Srimongal,2007,5,22,29.55,29.8,29,27
Srimongal,2007,5,23,28.7,29.25,28.6,27.1
Srimongal,2007,5,24,28.8,29.7,28.6,28.8
Srimongal,2007,5,25,26.8,28.7,28.55,26.7
Srimongal,2007,5,26,28.65,28.9,28.25,24.5
Srimongal,2007,5,27,28.2,29.6,28.6,28.6
Srimongal,2007,5,28,29.4,29.3,28.4,25.9
Srimongal,2007,5,29,30.6,30.4,29.1,30.2
Srimongal,2007,5,30,30.2,30.8,29.5,28.7
Srimongal,2007,5,31,30.3,30.6,29.65,30.6
Srimongal,2007,6,1,30.35,30.9,29.6,29.7
Srimongal,2007,6,2,30.7,30.65,29.55,28
Srimongal,2007,6,3,29,30.15,29.55,29.9
Srimongal,2007,6,4,28.6,29.4,28.9,25.9
Srimongal,2007,6,5,27.75,28.75,28.5,26.8
Srimongal,2007,6,6,28.4,28.6,28.1,24.8
Srimongal,2007,6,7,28.6,29.2,28.4,27.5
Srimongal,2007,6,8,28.05,29,28.35,27.2
Srimongal,2007,6,9,27,28.3,28.25,26.9
Srimongal,2007,6,10,25.5,27.6,27.9,26.8
Srimongal,2007,6,11,25.45,25.75,26.25,23.9
Srimongal,2007,6,12,26.9,26.6,25.6,24.2
Srimongal,2007,6,13,27.6,27.3,26.5,26.9
Srimongal,2007,6,14,29,28.5,27.7,27.8
Srimongal,2007,6,15,28.7,29.1,27.5,28.3
Srimongal,2007,6,16,27.4,28.2,27.8,26.7
Srimongal,2007,6,17,25.6,25.8,26.15,25.5
Srimongal,2007,6,18,27.6,27.25,26.65,24.6
Srimongal,2007,6,19,28.8,28.85,26.8,28.3
Srimongal,2007,6,20,29.8,29.5,27.9,27.6
Srimongal,2007,6,21,31.4,30.75,28.9,29.4
Srimongal,2007,6,22,31,30.7,29.6,29.8
Srimongal,2007,6,23,30.75,30.8,29.45,28.8
Srimongal,2007,6,24,30.1,30.6,29.35,29
Srimongal,2007,6,25,30.4,30.25,29.4,27.9
Srimongal,2007,6,26,31.1,31.1,29.6,28.4
Srimongal,2007,6,27,31.65,31.6,30,29.9
Srimongal,2007,6,28,30.6,31.2,30.1,29.6
Srimongal,2007,6,29,29.9,30.6,29.95,28.2
Srimongal,2007,6,30,30,30.6,29.8,27.4
Srimongal,2007,7,1,30.4,30.8,29.7,28
Srimongal,2007,7,2,31,30.4,29.7,28
Srimongal,2007,7,3,30.4,31.45,30.05,29.1
Srimongal,2007,7,4,30.9,31.1,30,27.9
Srimongal,2007,7,5,30.3,30.8,29.9,29.1
Srimongal,2007,7,6,30,30.7,29.9,28.7
Srimongal,2007,7,7,30.7,30.8,29.9,28.4
Srimongal,2007,7,8,30.45,30.9,30,29.1
Srimongal,2007,7,9,30.4,30.85,29.95,27.8
Srimongal,2007,7,10,30.2,30.7,30,28.4
Srimongal,2007,7,11,31.2,31.3,30,28.8
Srimongal,2007,7,12,30.75,31.4,30.7,28.9
Srimongal,2007,7,13,32.35,32.35,30.6,30.2
Srimongal,2007,7,14,31,31.4,30.4,29.3
Srimongal,2007,7,15,30.75,31.85,30.5,29
Srimongal,2007,7,16,30.6,31.4,30.45,29.1
Srimongal,2007,7,17,30.6,30.8,30.2,28.3
Srimongal,2007,7,18,29.8,30.95,30.1,28.2
Srimongal,2007,7,19,29.05,30.2,29.85,27.9
Srimongal,2007,7,20,28.6,29.6,29.3,26.1
Srimongal,2007,7,21,28.1,29.3,29.15,26.6
Srimongal,2007,7,22,27.2,28.5,28.5,25.4
Srimongal,2007,7,23,27.5,28.5,28.3,25.1
Srimongal,2007,7,24,28.2,28.7,28.3,26.3
Srimongal,2007,7,25,27.4,28.5,27.6,25.8
Srimongal,2007,7,26,26.8,28,28.2,26.1
Srimongal,2007,7,27,27.2,27.7,27.7,24.9
Srimongal,2007,7,28,28.2,28.3,27.7,25.7
Srimongal,2007,7,29,28.6,28.9,28.2,27.8
Srimongal,2007,7,30,29.35,29.2,28.35,27.2
Srimongal,2007,7,31,28.95,29.2,28.5,28.2
Srimongal,2007,8,1,28.4,28.8,28.5,27.3
Srimongal,2007,8,2,28.55,28.85,28.35,26.2
Srimongal,2007,8,3,30.15,29.3,28.2,26.3
Srimongal,2007,8,4,31.1,30.3,28.9,28.8
Srimongal,2007,8,5,31.55,31.15,29.45,29
Srimongal,2007,8,6,31.85,31.6,29.8,30.6
Srimongal,2007,8,7,31.3,31.5,30,29.3
Srimongal,2007,8,8,31.75,31.65,30.2,28.7
Srimongal,2007,8,9,32.25,31.85,30.25,29.5
Srimongal,2007,8,10,32.4,32.3,30.6,30.5
Srimongal,2007,8,11,31.5,32,30.6,30.7
Srimongal,2007,8,12,30.8,31.35,30.5,28.8
Srimongal,2007,8,13,30.1,30.8,30.1,28.4
Srimongal,2007,8,14,29.85,30.5,29.9,27.6
Srimongal,2007,8,15,29.1,29.9,29.65,27.6
Srimongal,2007,8,16,29,29.75,29.1,26.5
Srimongal,2007,8,17,29.9,30.05,29.35,27.3
Srimongal,2007,8,18,31.1,30.65,29.5,27.8
Srimongal,2007,8,19,29.9,29.9,29.2,28.5
Srimongal,2007,8,20,30.85,30.75,29.45,27.5
Srimongal,2007,8,21,30.7,31.1,29.9,29.3
Srimongal,2007,8,22,30.1,30.6,29.9,28.6
Srimongal,2007,8,23,30.65,30.4,29.75,27.4
Srimongal,2007,8,24,30.1,30.7,29.85,28.3
Srimongal,2007,8,25,28.7,29.1,29.5,28.1
Srimongal,2007,8,26,29.25,29.55,29,26.5
Srimongal,2007,8,27,29.5,29.75,29.1,27.3
Srimongal,2007,8,28,30.1,30,29.2,26.9
Srimongal,2007,8,29,30.35,30.45,29.45,28
Srimongal,2007,8,30,29.75,30.6,29.7,28.1
Srimongal,2007,8,31,30.3,30.4,29.65,27.8
Srimongal,2007,9,1,30.15,30.4,28.65,28.2
Srimongal,2007,9,2,30,30.55,29.6,28.2
Srimongal,2007,9,3,29.55,30.2,29.5,27.1
Srimongal,2007,9,4,29.05,30.15,29.45,27.4
Srimongal,2007,9,5,29.3,30,29.35,26.3
Srimongal,2007,9,6,28.3,29.6,29.1,27.1
Srimongal,2007,9,7,27.95,29,28.8,25.8
Srimongal,2007,9,8,27.5,28,28.2,26.4
Srimongal,2007,9,9,26.6,27.8,27.8,25.5
Srimongal,2007,9,10,27.85,28.1,27.5,25.2
Srimongal,2007,9,11,29.3,28.9,28.1,27.2
Srimongal,2007,9,12,30,29.75,28,28
Srimongal,2007,9,13,30,30,29,28.8
Srimongal,2007,9,14,30.8,30.15,29,27.3
Srimongal,2007,9,15,30.2,30.3,29.2,28.7
Srimongal,2007,9,16,29.35,30.15,29.25,27.3
Srimongal,2007,9,17,30.3,30,29,27.2
Srimongal,2007,9,18,30.7,30.5,29.5,29
Srimongal,2007,9,19,30.4,30.75,29.7,28
Srimongal,2007,9,20,30.75,30.9,29.75,28.9
Srimongal,2007,9,21,30,30.6,29.8,29.3
Srimongal,2007,9,22,30,30.65,29.65,29.2
Srimongal,2007,9,23,29.4,30.1,29.55,28.5
Srimongal,2007,9,24,29.45,29.6,29.2,26.7
Srimongal,2007,9,25,29.6,29.95,29.5,27.5
Srimongal,2007,9,26,30.4,30.5,29.4,28.1
Srimongal,2007,9,27,30.4,30.65,29.7,28.1
Srimongal,2007,9,28,30.5,30.7,29.55,28.1
Srimongal,2007,9,29,30.85,30.75,29.8,28
Srimongal,2007,9,30,30.4,30.3,29.8,28.2
Srimongal,2007,10,1,30.35,30.7,29.95,28
Srimongal,2007,10,2,30.9,30.9,29.9,28.2
Srimongal,2007,10,3,31.3,31.25,30.2,29.1
Srimongal,2007,10,4,30.75,30.9,30.2,28.5
Srimongal,2007,10,5,31.35,31.1,30.15,29
Srimongal,2007,10,6,31.75,31.7,30.5,29.9
Srimongal,2007,10,7,31,31.7,30.7,29.7
Srimongal,2007,10,8,29.75,31.1,30.35,28.7
Srimongal,2007,10,9,28.7,29.7,29.85,26.4
Srimongal,2007,10,10,29.2,29.7,29.35,27
Srimongal,2007,10,11,30.05,30.15,29.4,27
Srimongal,2007,10,12,29.85,30,29.45,27.5
Srimongal,2007,10,13,29.9,30.25,29.55,27.7
Srimongal,2007,10,14,29.65,30.25,29.6,27.8
Srimongal,2007,10,15,29.35,30,29.6,27.1
Srimongal,2007,10,16,26.9,27.75,27.95,25.7
Srimongal,2007,10,17,27.85,28.3,28,25
Srimongal,2007,10,18,27.3,28.2,28.1,26.1
Srimongal,2007,10,19,28.15,28.35,28,23.5
Srimongal,2007,10,20,28.2,28.5,28.7,25.7
Srimongal,2007,10,21,28.2,28.8,28.1,25.5
Srimongal,2007,10,22,27.8,28.4,28.1,24.4
Srimongal,2007,10,23,26.45,27.75,27.9,24.1
Srimongal,2007,10,24,27.1,27.9,27.7,23.4
Srimongal,2007,10,25,27,27.9,27.5,24.1
Srimongal,2007,10,26,26.8,28,27.6,24.3
Srimongal,2007,10,27,26.6,27.5,27.4,24.8
Srimongal,2007,10,28,26.2,27.4,27.3,23.1
Srimongal,2007,10,29,26.7,27.4,27.1,23.7
Srimongal,2007,10,30,26.4,27.3,27.1,23.3
Srimongal,2007,10,31,27,27.8,27.2,25.4
Srimongal,2007,11,1,27.6,27.95,27.45,25.5
Srimongal,2007,11,2,26.95,27.95,27.5,25.8
Srimongal,2007,11,3,27.4,27.95,27.4,25.5
Srimongal,2007,11,4,27.2,28,27.45,25.1
Srimongal,2007,11,5,26.9,27.5,27.8,24.3
Srimongal,2007,11,6,26.8,27.3,27.1,24.3
Srimongal,2007,11,7,26.9,27.15,27.1,24.4
Srimongal,2007,11,8,26.7,27.4,27.05,23.9
Srimongal,2007,11,9,26.6,27.1,26.9,24.2
Srimongal,2007,11,10,26.8,27.35,26.8,24.1
Srimongal,2007,11,11,26.7,27.3,27,24.9
Srimongal,2007,11,12,26.4,26.95,26.9,23.5
Srimongal,2007,11,13,26.2,27,26.9,23.9
Srimongal,2007,11,14,24.9,26.65,26.3,24
Srimongal,2007,11,15,22.5,24.8,25.5,21.2
Srimongal,2007,11,16,21.8,22.6,23.5,18.9
Srimongal,2007,11,17,23.85,23.95,24.1,21.5
Srimongal,2007,11,18,24.7,24.8,24.3,21.8
Srimongal,2007,11,19,23.85,24.9,24.7,22.1
Srimongal,2007,11,20,24.1,24.3,24.05,22.4
Srimongal,2007,11,21,25.1,25.1,24.4,22.8
Srimongal,2007,11,22,25,25.7,24.7,23.2
Srimongal,2007,11,23,25.3,25,24.75,23.4
Srimongal,2007,11,24,23,24.9,24.7,22.5
Srimongal,2007,11,25,23.95,24.85,24.65,21.3
Srimongal,2007,11,26,24,24.6,24.3,21.4
Srimongal,2007,11,27,23.9,24.7,24.8,21.4
Srimongal,2007,11,28,23,24.6,24.3,21.4
Srimongal,2007,11,29,23.3,24.25,24.25,20.9
Srimongal,2007,11,30,23.3,24.3,24.4,20.7
Srimongal,2007,12,1,23.15,24.1,24.1,21.3
Srimongal,2007,12,2,23.2,24.3,24.2,20.7
Srimongal,2007,12,3,23.2,24,24.15,21.1
Srimongal,2007,12,4,22.95,24.05,24,21
Srimongal,2007,12,5,21.9,23.15,23.5,19.2
Srimongal,2007,12,6,22.1,23,23.4,19.1
Srimongal,2007,12,7,21.6,22.5,23.1,19
Srimongal,2007,12,8,21.25,22.5,23,18.1
Srimongal,2007,12,9,20.35,21.95,22.7,18.1
Srimongal,2007,12,10,20.7,21.7,22.4,17.4
Srimongal,2007,12,11,19.55,21.9,22,17
Srimongal,2007,12,12,20.2,20.6,22,16.9
Srimongal,2007,12,13,20.4,21.1,22,17.3
Srimongal,2007,12,14,20.35,21.3,21.9,18.5
Srimongal,2007,12,15,21.4,21.8,22,19.3
Srimongal,2007,12,16,20.6,21.4,21.9,18.4
Srimongal,2007,12,17,20.2,21,21.7,17.6
Srimongal,2007,12,18,20.3,20.3,21,16.4
Srimongal,2007,12,19,19.4,20.7,21.3,15.9
Srimongal,2007,12,20,19.3,20.3,21.1,16.6
Srimongal,2007,12,21,18.5,19.85,20.5,15.9
Srimongal,2007,12,22,18.4,20.3,20.7,15.2
Srimongal,2007,12,23,18.05,20.15,20.2,15.2
Srimongal,2007,12,24,18.7,19.5,20.1,15.3
Srimongal,2007,12,25,18.95,19.5,20.05,15.7
Srimongal,2007,12,26,19.3,19.7,19.7,16.7
Srimongal,2007,12,27,19.1,20.05,20.4,16.4
Srimongal,2007,12,28,19.4,19.8,19.9,17.3
Srimongal,2007,12,29,19.3,19.65,19.75,17.9
Srimongal,2007,12,30,20.5,20.2,20.3,18.1
Srimongal,2007,12,31,19.25,20.25,20.5,17
Srimongal,2008,1,1,19.1,20,20.4,16.9
Srimongal,2008,1,2,19.7,19.9,20.35,17.1
Srimongal,2008,1,3,20,20.5,20.5,18.8
Srimongal,2008,1,4,20.3,20.1,20.4,18.5
Srimongal,2008,1,5,19.7,19.8,20.5,17.8
Srimongal,2008,1,6,19.4,20.25,20.5,17.8
Srimongal,2008,1,7,19.35,20.2,20.5,17.3
Srimongal,2008,1,8,19.4,20.4,20.1,17.1
Srimongal,2008,1,9,19.4,20.3,19.95,17.4
Srimongal,2008,1,10,19.6,20.4,20.3,17.6
Srimongal,2008,1,11,19.8,20.4,20.6,17.8
Srimongal,2008,1,12,19.15,20.15,20.5,18.3
Srimongal,2008,1,13,19.2,20,19.9,17.8
Srimongal,2008,1,14,18,19.7,19.6,16.3
Srimongal,2008,1,15,18.15,19.05,19.6,15.7
Srimongal,2008,1,16,18,19.3,19.6,15.6
Srimongal,2008,1,17,18.3,18.75,19.5,15.7
Srimongal,2008,1,18,18.3,19.5,19.4,15.9
Srimongal,2008,1,19,19.05,19.65,19.8,17
Srimongal,2008,1,20,20.1,20,19.5,17.7
Srimongal,2008,1,21,20.5,20.6,20.4,19.5
Srimongal,2008,1,22,19.8,19.5,19.6,18.5
Srimongal,2008,1,23,19.3,20.2,20.4,16.4
Srimongal,2008,1,24,18.15,19.95,20.3,17.4
Srimongal,2008,1,25,18.1,19.1,19.75,15.8
Srimongal,2008,1,26,18.6,19.3,19.7,16.4
Srimongal,2008,1,27,18.25,19.05,19.5,16.7
Srimongal,2008,1,28,17.4,18.8,19.1,14.6
Srimongal,2008,1,29,17.8,18.7,19.6,15.2
Srimongal,2008,1,30,16,18.35,18.8,15
Srimongal,2008,1,31,17,18.4,18.8,15.4
Srimongal,2008,2,1,18.9,19.5,19.2,17.5
Srimongal,2008,2,2,16.85,18.45,18.95,15
Srimongal,2008,2,3,16.8,18.2,18.7,13.1
Srimongal,2008,2,4,17.5,18.05,18.6,13.8
Srimongal,2008,2,5,18.1,18.9,18.8,15.7
Srimongal,2008,2,6,19.45,19.5,19.1,18.3
Srimongal,2008,2,7,20.4,20.15,19.7,19.2
Srimongal,2008,2,8,21.45,21.5,20,21.1
Srimongal,2008,2,9,21.5,21.2,20.9,21.6
Srimongal,2008,2,10,21.05,21.25,20.6,19.9
Srimongal,2008,2,11,20.25,20.65,20.6,19
Srimongal,2008,2,12,19.4,20.4,20.4,16.9
Srimongal,2008,2,13,18.3,19.65,20.45,15.7
Srimongal,2008,2,14,18.4,19.5,19.7,15.6
Srimongal,2008,2,15,18.1,19.2,19.6,14.2
Srimongal,2008,2,16,18.2,19.15,19.55,14.7
Srimongal,2008,2,17,18.9,19.45,19.5,15.4
Srimongal,2008,2,18,19.9,19.7,19.6,16.8
Srimongal,2008,2,19,19.2,20.35,20.25,19.4
Srimongal,2008,2,20,20.1,20.3,20,17.7
Srimongal,2008,2,21,20.3,20.6,20.2,18.7
Srimongal,2008,2,22,20.45,21,20.45,18.6
Srimongal,2008,2,23,20.55,21.2,20.65,18.7
Srimongal,2008,2,24,20.8,21.3,20.7,19
Srimongal,2008,2,25,20.4,21.2,21.05,20.2
Srimongal,2008,2,26,22,21.6,21.4,20.6
Srimongal,2008,2,27,22.5,22.5,21.5,21.6
Srimongal,2008,2,28,21.5,22.1,21.65,19.6
Srimongal,2008,2,29,22.25,22.4,21.75,19.2
Srimongal,2008,3,1,22.3,22.6,21.9,20.6
Srimongal,2008,3,2,22.35,22.65,22.3,20.8
Srimongal,2008,3,3,23.45,23.15,22.3,20.8
Srimongal,2008,3,4,23.5,23.6,22.55,22.5
Srimongal,2008,3,5,22.3,23,22.6,21.3
Srimongal,2008,3,6,22.2,22.8,22.3,19.6
Srimongal,2008,3,7,23.2,23.3,22.5,21.1
Srimongal,2008,3,8,24.2,24.15,23,22.7
Srimongal,2008,3,9,24.8,24.6,23.4,23.2
Srimongal,2008,3,10,25.05,24.6,23.7,23.5
Srimongal,2008,3,11,25.05,25.05,24,24.2
Srimongal,2008,3,12,24.85,24.7,23.9,23.7
Srimongal,2008,3,13,25.85,25.65,24.3,24.5
Srimongal,2008,3,14,25.7,25.35,24.45,25.9
Srimongal,2008,3,15,26.15,25.95,24.8,25.5
Srimongal,2008,3,16,25.9,25.8,24.9,25.3
Srimongal,2008,3,17,26.5,25.9,24.95,24.4
Srimongal,2008,3,18,26.2,26.3,25.05,25.6
Srimongal,2008,3,19,26.5,26.35,25.05,24.5
Srimongal,2008,3,20,26.7,26.65,25.2,26.8
Srimongal,2008,3,21,26.5,26.85,25.6,25.9
Srimongal,2008,3,22,26.7,26.1,25.6,25.7
Srimongal,2008,3,23,26,26.45,25.8,24.7
Srimongal,2008,3,24,25.7,26,25.4,23.4
Srimongal,2008,3,25,26.8,26.4,25.3,24
Srimongal,2008,3,26,27.35,27.45,26.1,25.5
Srimongal,2008,3,27,28.05,27.85,26.3,26.5
Srimongal,2008,3,28,28.3,28,26.4,27.5
Srimongal,2008,3,29,28.2,28.35,27.05,27.5
Srimongal,2008,3,30,28.8,28.5,27.05,27.1
Srimongal,2008,3,31,28.75,28.2,27.2,26.8
Srimongal,2008,4,1,27.85,28,27,25.3
Srimongal,2008,4,2,27.4,27.85,26.7,24.5
Srimongal,2008,4,3,27.3,27.7,26.7,24.6
Srimongal,2008,4,4,26,26.85,26.5,24.2
Srimongal,2008,4,5,26.85,27.05,25.8,23.6
Srimongal,2008,4,6,27.3,27.4,26.3,24.9
Srimongal,2008,4,7,27.75,27.8,26.7,26.1
Srimongal,2008,4,8,27.85,28.2,27,25
Srimongal,2008,4,9,27.6,27.9,27,24.4
Srimongal,2008,4,10,27.65,27.9,26.9,24.6
Srimongal,2008,4,11,28.65,28.35,27.1,25.8
Srimongal,2008,4,12,28.9,28.7,27.3,26.3
Srimongal,2008,4,13,29.35,29.1,27.8,28.2
Srimongal,2008,4,14,28.9,29.15,27.8,27.6
Srimongal,2008,4,15,28.6,29,27.9,26.7
Srimongal,2008,4,16,28.95,28.6,27.55,26.1
Srimongal,2008,4,17,30.1,29.7,28.1,28.2
Srimongal,2008,4,18,29.5,29.8,27.8,28.4
Srimongal,2008,4,19,30.7,30.3,28.65,29.3
Srimongal,2008,4,20,30.95,30.7,29,29.2
Srimongal,2008,4,21,31,30.6,29,28.6
Srimongal,2008,4,22,30.85,31,29.85,29.1
Srimongal,2008,4,23,31.2,31,29.45,29.2
Srimongal,2008,4,24,31.6,31.2,29.7,29.7
Srimongal,2008,4,25,31.25,31.55,30,30
Srimongal,2008,4,26,31.5,31.6,30,30.1
Srimongal,2008,4,27,31.3,31.3,30,29.8
Srimongal,2008,4,28,31.35,31.4,30.05,29.5
Srimongal,2008,4,29,31.8,31.7,30.15,30.1
Srimongal,2008,4,30,31.75,31.9,30.35,29.9
Srimongal,2008,5,1,31.9,31.8,30.35,29.8
Srimongal,2008,5,2,31.25,31.85,30.35,29
Srimongal,2008,5,3,30.6,31.1,30.1,27.8
Srimongal,2008,5,4,30.1,30.85,29.85,29
Srimongal,2008,5,5,28.9,29.5,29.25,27.6
Srimongal,2008,5,6,29.8,30.05,28.9,27.2
Srimongal,2008,5,7,29.65,29.75,29.1,27.6
Srimongal,2008,5,8,30.35,30.3,29.15,25.6
Srimongal,2008,5,9,30.1,30.55,29.3,28.2
Srimongal,2008,5,10,30.2,30.35,29.4,28.4
Srimongal,2008,5,11,30.9,30.7,29.45,26.7
Srimongal,2008,5,12,31.1,31.2,29.85,29.7
Srimongal,2008,5,13,31.35,31.2,30,28.9
Srimongal,2008,5,14,31.15,31.3,30.1,30.1
Srimongal,2008,5,15,31.2,31.25,30.1,28.9
Srimongal,2008,5,16,31.8,31.7,30.25,29.6
Srimongal,2008,5,17,31,31.9,30.55,29.9
Srimongal,2008,5,18,29.75,31,30.15,27
Srimongal,2008,5,19,29.75,30.4,29.65,26.7
Srimongal,2008,5,20,30.35,30.7,29.6,27.6
Srimongal,2008,5,21,30.6,30.75,29.8,27.6
Srimongal,2008,5,22,28.25,28.5,29.25,26.9
Srimongal,2008,5,23,29.15,29.45,29.05,25
Srimongal,2008,5,24,29.9,30.1,29,27.3
Srimongal,2008,5,25,30.2,30.5,29.2,27.6
Srimongal,2008,5,26,29.05,30.65,29.55,28
Srimongal,2008,5,27,29,29.4,29.1,26.2
Srimongal,2008,5,28,28.9,29.6,28.8,26.6
Srimongal,2008,5,29,29.9,29.9,29,25.9
Srimongal,2008,5,30,30.2,30.45,29.1,27.8
Srimongal,2008,5,31,30.2,29.8,29.4,28.7
Srimongal,2008,6,1,31.15,30.95,29.65,28.6
Srimongal,2008,6,2,28.7,29.75,29.3,27.8
Srimongal,2008,6,3,28.1,28.9,28.5,24.3
Srimongal,2008,6,4,28.4,28.9,28,25.9
Srimongal,2008,6,5,28.8,29.3,28.7,27.2
Srimongal,2008,6,6,28.35,29.5,28.7,26.4
Srimongal,2008,6,7,29.7,28.9,28.4,26.1
Srimongal,2008,6,8,29.4,29.6,28.6,26.7
Srimongal,2008,6,9,29.9,30.1,29.15,27
Srimongal,2008,6,10,30,30.8,29.2,27.3
Srimongal,2008,6,11,30.9,30.8,29.45,28.2
Srimongal,2008,6,12,30.7,30.85,29.55,28.4
Srimongal,2008,6,13,30.9,31.15,30,29.1
Srimongal,2008,6,14,30.4,31.1,29.9,28.6
Srimongal,2008,6,15,30.65,31.4,29.9,28.5
Srimongal,2008,6,16,31.25,31.6,30.3,28.8
Srimongal,2008,6,17,30,30.5,30.2,29.8
Srimongal,2008,6,18,29.2,30.05,29.65,27.1
Srimongal,2008,6,19,29,29.95,29.65,27.2
Srimongal,2008,6,20,29.1,29.65,29.2,26.4
Srimongal,2008,6,21,29.2,29.6,29.05,26.4
Srimongal,2008,6,22,30.3,30.4,29.35,27.6
Srimongal,2008,6,23,30.75,30.8,29.65,29.2
Srimongal,2008,6,24,31.55,31.25,29.85,29
Srimongal,2008,6,25,32.55,32.15,30.4,29.5
Srimongal,2008,6,26,31.95,32.1,30.65,30
Srimongal,2008,6,27,31.45,31.35,30.35,29
Srimongal,2008,6,28,31.55,31.75,30.45,28.9
Srimongal,2008,6,29,30.8,31.3,30.55,28.5
Srimongal,2008,6,30,30.1,30.9,30.05,27.4
Srimongal,2008,7,1,29.05,30.25,30,27.2
Srimongal,2008,7,2,29.1,30.1,29.35,26.4
Srimongal,2008,7,3,28.8,29.8,29.35,27.8
Srimongal,2008,7,4,29.55,29.9,29.2,25.8
Srimongal,2008,7,5,29.4,30.05,29.35,28
Srimongal,2008,7,6,29.7,29.9,29.15,26.7
Srimongal,2008,7,7,30.55,30.7,29.5,27.1
Srimongal,2008,7,8,30.35,30.85,29.7,28
Srimongal,2008,7,9,31.1,31.1,29.8,27.7
Srimongal,2008,7,10,30.6,31.35,30.2,28.6
Srimongal,2008,7,11,30,30.7,29.8,27.7
Srimongal,2008,7,12,30.2,30.7,29.85,27.4
Srimongal,2008,7,13,30.85,31.2,30,28.1
Srimongal,2008,7,14,29.8,30.7,30.05,28.2
Srimongal,2008,7,15,28.7,29.8,29.5,26.7
Srimongal,2008,7,16,28.55,29.25,29.1,26.3
Srimongal,2008,7,17,29.65,29.6,29,26.9
Srimongal,2008,7,18,30.15,30.3,29.3,27.9
Srimongal,2008,7,19,30.65,30.75,29.6,27.9
Srimongal,2008,7,20,30.1,30.6,29.7,28
Srimongal,2008,7,21,29.8,30.05,29.45,27.4
Srimongal,2008,7,22,30.75,30.85,29.7,27.8
Srimongal,2008,7,23,30.9,31.15,30.05,28.8
Srimongal,2008,7,24,31,31.15,29.6,28.6
Srimongal,2008,7,25,32,31.9,31.35,28.9
Srimongal,2008,7,26,32.4,32.2,30.4,29.5
Srimongal,2008,7,27,30.2,30.95,30.4,29
Srimongal,2008,7,28,31.6,31.85,30.45,28.6
Srimongal,2008,7,29,31.6,31.6,30.5,29.2
Srimongal,2008,7,30,30.9,31.5,30.45,28.3
Srimongal,2008,7,31,32.1,32.05,30.7,28.6
Srimongal,2008,8,1,32.05,32.15,30.9,29.2
Srimongal,2008,8,2,29.75,30.15,30.3,28.8
Srimongal,2008,8,3,30.55,30.95,30.3,27.6
Srimongal,2008,8,4,29.9,30.4,29.9,27
Srimongal,2008,8,5,29.45,29.9,29.5,26.8
Srimongal,2008,8,6,29.9,30.3,29.6,26.9
Srimongal,2008,8,7,31.35,31,29.9,27.5
Srimongal,2008,8,8,32.4,32.15,30.35,29.7
Srimongal,2008,8,9,31.3,32,30.65,29.6
Srimongal,2008,8,10,30.85,31.3,30.5,28.6
Srimongal,2008,8,11,30.15,31.15,30.45,27.8
Srimongal,2008,8,12,29.3,30.6,30.1,27.2
Srimongal,2008,8,13,30.65,30.75,29.8,26.8
Srimongal,2008,8,14,30.7,31.15,30.2,28.2
Srimongal,2008,8,15,30.65,31.1,30.2,28.2
Srimongal,2008,8,16,30.9,31.3,30.2,28
Srimongal,2008,8,17,30.7,31.2,30.35,27.9
Srimongal,2008,8,18,30.3,30.9,30.3,27.7
Srimongal,2008,8,19,30.35,30.95,30.15,27.3
Srimongal,2008,8,20,31.2,31.2,30.1,27.5
Srimongal,2008,8,21,31.25,31.45,30.3,28.9
Srimongal,2008,8,22,31.6,31.8,30.6,28.7
Srimongal,2008,8,23,31.75,31.5,30.45,28.5
Srimongal,2008,8,24,30.3,31,30.1,28.5
Srimongal,2008,8,25,31.25,31.5,30.4,28.3
Srimongal,2008,8,26,31,31.4,30.45,28.1
Srimongal,2008,8,27,30.45,30.9,30.75,28
Srimongal,2008,8,28,29.35,30.6,30.15,27.5
Srimongal,2008,8,29,28.9,29.6,29.35,25.5
Srimongal,2008,8,30,29.5,29.45,28.6,26.4
Srimongal,2008,8,31,30.45,30.45,29.45,27.1
Srimongal,2008,9,1,30.4,30.55,29.7,27.9
Srimongal,2008,9,2,29.85,30.35,29.8,26.6
Srimongal,2008,9,3,30.45,30.65,29.75,27.7
Srimongal,2008,9,4,29.8,30.4,29.8,28.3
Srimongal,2008,9,5,29.95,30.5,29.7,27.6
Srimongal,2008,9,6,31.05,31,29.85,26.8
Srimongal,2008,9,7,31.2,31.4,30.1,28.3
Srimongal,2008,9,8,31.25,31.3,30.35,29.2
Srimongal,2008,9,9,31.15,31.3,30.3,27.8
Srimongal,2008,9,10,31.8,31.5,30.2,27.8
Srimongal,2008,9,11,31.15,31.45,30.6,28.9
Srimongal,2008,9,12,32.35,32,30.55,28.2
Srimongal,2008,9,13,32.3,32.3,30.9,29.3
Srimongal,2008,9,14,32.25,32.35,30.9,28.7
Srimongal,2008,9,15,32.55,32.6,31.2,29.5
Srimongal,2008,9,16,31.6,32.5,31.2,30
Srimongal,2008,9,17,30.9,31.6,30.85,27.7
Srimongal,2008,9,18,30.5,31.3,30.55,27.3
Srimongal,2008,9,19,30.9,31,30.4,27.3
Srimongal,2008,9,20,30.7,31.2,30.5,28.5
Srimongal,2008,9,21,31.75,31.8,30.6,28.6
Srimongal,2008,9,22,30.95,31.1,30.6,28.3
Srimongal,2008,9,23,30.9,31.45,30.6,27.5
Srimongal,2008,9,24,31.3,31.7,30.65,28.2
Srimongal,2008,9,25,31.4,31.6,30.65,28.9
Srimongal,2008,9,26,31.4,31.8,30.8,28.6
Srimongal,2008,9,27,31.75,32.2,31,28.9
Srimongal,2008,9,28,30.6,31.5,30.8,28.7
Srimongal,2008,9,29,30.3,30.9,30.4,26.9
Srimongal,2008,9,30,30.85,31.35,30.35,27.6
Srimongal,2008,10,1,30.8,30.9,30.4,27.8
Srimongal,2008,10,2,29.9,31,30.1,28.3
Srimongal,2008,10,3,29.85,30.75,30.25,25.8
Srimongal,2008,10,4,29.65,30.4,29.9,26
Srimongal,2008,10,5,27.5,29.25,29.3,25.9
Srimongal,2008,10,6,28.15,28.95,28.9,24
Srimongal,2008,10,7,28.4,28.9,28.65,25
Srimongal,2008,10,8,28.1,28.5,28.4,25.5
Srimongal,2008,10,9,27.9,28.7,28.45,25.9
Srimongal,2008,10,10,28.1,28.45,28.05,24.4
Srimongal,2008,10,11,29.25,29.4,28.5,26.7
Srimongal,2008,10,12,29.35,29.65,28.85,27.2
Srimongal,2008,10,13,29.5,29.9,28.8,27.3
Srimongal,2008,10,14,29.35,30.05,29.05,27.8
Srimongal,2008,10,15,30.05,30.3,29.3,27.1
Srimongal,2008,10,16,29.7,30.05,29.1,27.4
Srimongal,2008,10,17,29.65,30.1,29.4,27.2
Srimongal,2008,10,18,29.4,29.9,29.2,26.7
Srimongal,2008,10,19,29.4,29.95,29.4,27.1
Srimongal,2008,10,20,29.6,30,29.3,27.5
Srimongal,2008,10,21,29.65,30.05,29.4,27.1
Srimongal,2008,10,22,29.65,30,29.4,27
Srimongal,2008,10,23,29.45,29.7,29.25,26.9
Srimongal,2008,10,24,28.55,29.8,29.35,27.2
Srimongal,2008,10,25,25.35,27.95,28.45,24.9
Srimongal,2008,10,26,22.8,25.05,25.95,19.5
Srimongal,2008,10,27,23.6,24.9,25.65,20.2
Srimongal,2008,10,28,24.85,25.7,25.7,22.5
Srimongal,2008,10,29,25.8,26.25,25.85,23
Srimongal,2008,10,30,26.9,27.25,26.55,24.3
Srimongal,2008,10,31,26.75,27.2,26.55,24.4
Srimongal,2008,11,1,27.2,27.65,27,24.7
Srimongal,2008,11,2,27.55,27.95,27.2,24.8
Srimongal,2008,11,3,26.6,27.75,27.1,24.9
Srimongal,2008,11,4,26.3,27.25,27.15,24.2
Srimongal,2008,11,5,27.15,27.7,27.15,24.5
Srimongal,2008,11,6,27,27.5,27,24.5
Srimongal,2008,11,7,25.95,27.05,26.9,23.8
Srimongal,2008,11,8,25.75,26.95,26.85,23.1
Srimongal,2008,11,9,25.1,26.3,26.25,21.8
Srimongal,2008,11,10,25.3,26.25,26.15,21.9
Srimongal,2008,11,11,25.6,26.35,26.15,22.1
Srimongal,2008,11,12,25.2,26,25.5,21.9
Srimongal,2008,11,13,24.8,25.45,25.45,22
Srimongal,2008,11,14,24.6,25.6,25.75,20.8
Srimongal,2008,11,15,23.7,25.3,25.35,20.5
Srimongal,2008,11,16,23.85,24.25,25,21.2
Srimongal,2008,11,17,24.1,25.05,25.15,20.7
Srimongal,2008,11,18,23.15,24.4,23.85,19.6
Srimongal,2008,11,19,23.15,24.4,24.8,19.8
Srimongal,2008,11,20,23.85,24.8,24.75,20.9
Srimongal,2008,11,21,24.15,24.6,24.7,20.9
Srimongal,2008,11,22,24.1,24.85,24.4,21.5
Srimongal,2008,11,23,24.4,25,24.9,21.9
Srimongal,2008,11,24,23.3,24.15,24.5,19.5
Srimongal,2008,11,25,23.05,24.05,24.3,19.3
Srimongal,2008,11,26,22.75,24,24,19.7
Srimongal,2008,11,27,22.9,23.7,24,20.2
Srimongal,2008,11,28,23.4,24,24,20.5
Srimongal,2008,11,29,22.5,24,24,20.2
Srimongal,2008,11,30,22.45,24,23.8,20.3
Srimongal,2008,12,1,22.6,23.7,23.9,20.7
Srimongal,2008,12,2,23.25,23.95,23.95,20.6
Srimongal,2008,12,3,22.9,23.8,23.9,20.4
Srimongal,2008,12,4,22.6,23.8,23.85,20.5
Srimongal,2008,12,5,23.15,23.95,23.8,20.1
Srimongal,2008,12,6,22.9,23.85,23.75,21.1
Srimongal,2008,12,7,22.95,23.9,23.85,21
Srimongal,2008,12,8,22.65,23.4,23.9,20.3
Srimongal,2008,12,9,22.75,23.6,23.65,20.7
Srimongal,2008,12,10,23.5,24.2,23.9,21.2
Srimongal,2008,12,11,23.1,24,23.7,21.2
Srimongal,2008,12,12,22.9,23.65,23.8,20.6
Srimongal,2008,12,13,22.8,23.4,23.6,19.9
Srimongal,2008,12,14,22.8,23.4,23.6,19.4
Srimongal,2008,12,15,22.75,23.5,23.6,18.6
Srimongal,2008,12,16,22.2,23.15,23.45,18.9
Srimongal,2008,12,17,22.4,22.95,23.05,18
Srimongal,2008,12,18,22,22.7,22.9,18.7
Srimongal,2008,12,19,22.35,23,22.85,18.7
Srimongal,2008,12,20,23.05,23.35,23.2,20.1
Srimongal,2008,12,21,23,23.3,24.1,20.2
Srimongal,2008,12,22,23.1,23.25,23.1,20.2
Srimongal,2008,12,23,22.65,23.5,23.3,20
Srimongal,2008,12,24,22.4,23,23,18.9
Srimongal,2008,12,25,22.65,23.15,23.25,18.1
Srimongal,2008,12,26,21.55,22.45,22.95,17.9
Srimongal,2008,12,27,20.5,21.7,22.35,18.4
Srimongal,2008,12,28,20.25,21.7,22.2,17.1
Srimongal,2008,12,29,20.8,21.55,22,16.6
Srimongal,2008,12,30,20.15,21.35,21.85,16.1
Srimongal,2008,12,31,20,21.05,21.4,16.7
Srimongal,2009,1,1,19.95,20.95,21.5,16.3
Srimongal,2009,1,2,19.3,20.6,21.2,16.1
Srimongal,2009,1,3,22,20.3,26,15.7
Srimongal,2009,1,4,24.5,20.15,20.9,14.6
Srimongal,2009,1,5,21.5,19.85,20.15,15
Srimongal,2009,1,6,18.75,20.15,20.75,15.1
Srimongal,2009,1,7,18.6,20,20.4,15.9
Srimongal,2009,1,8,19.25,20.2,20.75,16.8
Srimongal,2009,1,9,19,20.1,20.5,17.8
Srimongal,2009,1,10,19.1,20.5,20.75,16.8
Srimongal,2009,1,11,18.8,20.5,20.6,16.7
Srimongal,2009,1,12,19,20.55,20.65,16.9
Srimongal,2009,1,13,19.3,20.55,20.85,17.1
Srimongal,2009,1,14,19.4,20.55,20.95,16.7
Srimongal,2009,1,15,18.85,20.3,20.85,15.6
Srimongal,2009,1,16,19.5,19.65,19.9,15.2
Srimongal,2009,1,17,19,20.1,20.1,17.1
Srimongal,2009,1,18,19.9,20.8,20.9,17.9
Srimongal,2009,1,19,20.3,21.15,21,17.8
Srimongal,2009,1,20,20.4,21.05,21,18.5
Srimongal,2009,1,21,20.15,21.25,21.25,18.5
Srimongal,2009,1,22,19.8,20.65,21,17
Srimongal,2009,1,23,20.1,20.85,21.1,16.6
Srimongal,2009,1,24,20,20.7,21,16.9
Srimongal,2009,1,25,20.6,21.15,21,16.7
Srimongal,2009,1,26,20.75,21.4,21.2,18.8
Srimongal,2009,1,27,22.95,21.5,21.5,21
Srimongal,2009,1,28,22.8,23,22.25,21.9
Srimongal,2009,1,29,21.4,22.2,22,19.9
Srimongal,2009,1,30,20.3,21.5,21.7,17.9
Srimongal,2009,1,31,21.1,21.85,21.8,17.2
Srimongal,2009,2,1,20.6,21.75,21.7,18.2
Srimongal,2009,2,2,19.4,21.25,21.3,17
Srimongal,2009,2,3,20.05,21.15,21.3,16.5
Srimongal,2009,2,4,22,19.35,18.65,17
Srimongal,2009,2,5,20.75,21.4,21.25,17.6
Srimongal,2009,2,6,21.5,21.6,21.4,17.9
Srimongal,2009,2,7,21.7,21.9,21.65,19.4
Srimongal,2009,2,8,21.8,22.3,21.9,19.7
Srimongal,2009,2,9,21.45,22.6,22.05,19.3
Srimongal,2009,2,10,21.7,22.7,22.15,19.8
Srimongal,2009,2,11,21.7,22.8,22.25,19.6
Srimongal,2009,2,12,22,23.05,22.65,19.7
Srimongal,2009,2,13,21.8,22.05,22.25,19.5
Srimongal,2009,2,14,22.2,22.75,22.1,19.5
Srimongal,2009,2,15,22,22.9,22.25,19.3
Srimongal,2009,2,16,22.3,23,22.4,19.4
Srimongal,2009,2,17,22.4,22.6,22.55,19.8
Srimongal,2009,2,18,22.8,23.3,22.55,20.2
Srimongal,2009,2,19,23.25,23.5,23.25,20.9
Srimongal,2009,2,20,23,23.3,22.85,20.1
Srimongal,2009,2,21,22.9,23.3,22.7,19.8
Srimongal,2009,2,22,23.3,23.75,23.2,19.7
Srimongal,2009,2,23,23.6,24.2,23.1,21.9
Srimongal,2009,2,24,24.15,24,23.4,22.2
Srimongal,2009,2,25,26.05,25.25,24.1,24.8
Srimongal,2009,2,26,26.95,26.6,24.75,26.9
Srimongal,2009,2,27,27,26.85,25.25,26.3
Srimongal,2009,2,28,26.8,26.9,25.45,25.6
Srimongal,2009,3,1,25,25.85,25.1,23.2
Srimongal,2009,3,2,24.5,25.3,24.85,20.3
Srimongal,2009,3,3,24.5,25.2,24.55,19.9
Srimongal,2009,3,4,26,25,25,23.3
Srimongal,2009,3,5,26.5,26.4,25.3,24.1
Srimongal,2009,3,6,28.15,27.5,25.85,27.3
Srimongal,2009,3,7,26.8,27.2,26,26.9
Srimongal,2009,3,8,26.25,26.8,25.85,25.2
Srimongal,2009,3,9,26.6,26.8,25.95,24.9
Srimongal,2009,3,10,26.25,26.8,25.8,25.6
Srimongal,2009,3,11,26.65,26.95,25.85,25.5
Srimongal,2009,3,12,26.1,26.65,25.75,24
Srimongal,2009,3,13,25.75,26.25,25.55,22.8
Srimongal,2009,3,14,25.65,26.3,25.55,23.2
Srimongal,2009,3,15,24.65,25.7,25.45,22.4
Srimongal,2009,3,16,25.3,25.75,24.8,22.5
Srimongal,2009,3,17,25.9,26.25,25.35,23.6
Srimongal,2009,3,18,25.9,26.3,25.4,23.6
Srimongal,2009,3,19,26.25,26.6,25.7,24.7
Srimongal,2009,3,20,27,27,25.75,24.1
Srimongal,2009,3,21,28.1,27.6,26.25,25.8
Srimongal,2009,3,22,26.3,27.7,26.7,26.3
Srimongal,2009,3,23,27.9,27.65,26.3,23.4
Srimongal,2009,3,24,27.6,27.55,26.3,24.4
Srimongal,2009,3,25,28,28,26.8,24.6
Srimongal,2009,3,26,28.05,28.5,27.15,25.5
Srimongal,2009,3,27,27.95,27.8,26.9,24.8
Srimongal,2009,3,28,27.3,28.2,27,23.4
Srimongal,2009,3,29,26.2,27.7,26.85,24.3
Srimongal,2009,3,30,27.1,27.8,26.75,25.4
Srimongal,2009,3,31,26.5,27.9,27,26.5
Srimongal,2009,4,1,26.05,26.95,26.25,23.3
Srimongal,2009,4,2,26.85,27.45,26.25,25.2
Srimongal,2009,4,3,27.1,27.7,26.8,25.2
Srimongal,2009,4,4,27.3,27.95,27.9,25
Srimongal,2009,4,5,27.25,27.7,26.6,25.3
Srimongal,2009,4,6,26.7,28.2,26.95,27.8
Srimongal,2009,4,7,28.5,28.7,27.4,26.4
Srimongal,2009,4,8,29.2,29.15,28.45,27.3
Srimongal,2009,4,9,28.55,28.75,27.5,28.6
Srimongal,2009,4,10,28.35,28.9,27.8,24.7
Srimongal,2009,4,11,28.75,29.15,27.8,26.8
Srimongal,2009,4,12,29.6,29.35,28.6,27
Srimongal,2009,4,13,29.85,29.75,28.25,27.3
Srimongal,2009,4,14,29.75,29.9,28.3,27.9
Srimongal,2009,4,15,30.2,30.3,28.7,27.7
Srimongal,2009,4,16,30.7,31.1,29.2,29.1
Srimongal,2009,4,17,28.2,30,29.5,27.9
Srimongal,2009,4,18,28,29.1,28.3,25.1
Srimongal,2009,4,19,28.85,29.55,28.45,27.6
Srimongal,2009,4,20,28.1,29.45,28.5,27.3
Srimongal,2009,4,21,27.1,28.6,28.1,25.4
Srimongal,2009,4,22,28.3,28.9,28.05,25.3
Srimongal,2009,4,23,28.45,29.2,28.2,28.7
Srimongal,2009,4,24,30.45,30.2,28.55,28.8
Srimongal,2009,4,25,30.5,30.85,29,30.2
Srimongal,2009,4,26,30.6,30.9,29.4,28.9
Srimongal,2009,4,27,30.95,31.2,29.6,28.8
Srimongal,2009,4,28,31.4,31.5,29.9,29.5
Srimongal,2009,4,29,31,31.3,29.6,28.8
Srimongal,2009,4,30,30.8,31.1,29.8,28.6
Srimongal,2009,5,1,29.9,30.6,29.6,29.1
Srimongal,2009,5,2,26.6,28.7,28.9,25.4
Srimongal,2009,5,3,27.6,28.5,28,23.1
Srimongal,2009,5,4,29.05,29.45,28.45,26
Srimongal,2009,5,5,30.2,30.4,28.8,27.4
Srimongal,2009,5,6,30,30.5,29.2,28.5
Srimongal,2009,5,7,30.45,30.95,29.5,28.1
Srimongal,2009,5,8,31.1,31.2,29.7,28.6
Srimongal,2009,5,9,31.6,31.45,29.85,30.1
Srimongal,2009,5,10,30.45,31.55,30.15,29.5
Srimongal,2009,5,11,27.85,30.2,30,27.9
Srimongal,2009,5,12,29.7,30.8,29.7,26.8
Srimongal,2009,5,13,29.65,30.6,29.55,27.3
Srimongal,2009,5,14,27.8,28.9,28.6,25.9
Srimongal,2009,5,15,30.2,30.2,28.9,26.8
Srimongal,2009,5,16,29.2,30.5,29.2,28.3
Srimongal,2009,5,17,27.6,28.7,28.7,26.3
Srimongal,2009,5,18,25.9,27.3,27.6,24.3
Srimongal,2009,5,19,28.8,28.15,27.25,23.4
Srimongal,2009,5,20,30.1,29.25,27.8,28.1
Srimongal,2009,5,21,31.25,30.5,29.5,30.1
Srimongal,2009,5,22,31.8,31.7,29.75,29.9
Srimongal,2009,5,23,32.2,31.1,29.85,29.8
Srimongal,2009,5,24,32.3,30.7,29.3,29.8
Srimongal,2009,5,25,29.65,31,30.05,28.3
Srimongal,2009,5,26,27.5,29.4,29.1,26.3
Srimongal,2009,5,27,28.7,29.2,28.5,25
Srimongal,2009,5,28,29.95,30.25,29.05,26.6
Srimongal,2009,5,29,29.75,30.55,29.4,27.7
Srimongal,2009,5,30,30.35,30.7,29.4,26.5
Srimongal,2009,5,31,30.05,30.65,29.7,28.5
Srimongal,2009,6,1,29.1,30.2,29.3,26.4
Srimongal,2009,6,2,28.9,29.2,28.9,25.9
Srimongal,2009,6,3,30.15,30.75,28.95,26.4
Srimongal,2009,6,4,31.3,30.35,29.25,28.2
Srimongal,2009,6,5,33.05,32.15,29.7,28.7
Srimongal,2009,6,6,31.7,31.75,30.25,28.4
Srimongal,2009,6,7,31.8,31.9,30.4,28.8
Srimongal,2009,6,8,31.2,31.7,30.4,29.2
Srimongal,2009,6,9,30.3,31,30.2,27.7
Srimongal,2009,6,10,30.3,30.6,29.8,26.6
Srimongal,2009,6,11,30.5,30.9,29.8,27.7
Srimongal,2009,6,12,28.75,30.4,29.8,27.7
Srimongal,2009,6,13,30.3,30.2,29.2,25.8
Srimongal,2009,6,14,30.35,30.55,29.5,28.2
Srimongal,2009,6,15,29.1,30.5,29.6,27.4
Srimongal,2009,6,16,29.7,30.2,29.25,26.6
Srimongal,2009,6,17,31.5,31.3,29.7,28
Srimongal,2009,6,18,32.75,32.65,30.5,30.7
Srimongal,2009,6,19,31.4,32,30.7,30.4
Srimongal,2009,6,20,30.3,31.3,30.5,28.5
Srimongal,2009,6,21,31.75,31.9,30.4,27.2
Srimongal,2009,6,22,32.05,32.1,30.5,29.5
Srimongal,2009,6,23,32.6,32.6,30.95,30.8
Srimongal,2009,6,24,31.7,32.75,31.6,30.4
Srimongal,2009,6,25,31.85,32.2,30.95,27.9
Srimongal,2009,6,26,30.9,32.25,31,28.7
Srimongal,2009,6,27,31.55,32.1,30.7,28.8
Srimongal,2009,6,28,30.3,31.5,30.6,28.3
Srimongal,2009,6,29,29.3,30.7,30.3,27.6
Srimongal,2009,6,30,28.85,30.35,29.8,27.1
Srimongal,2009,7,1,29.33,29.76,29.32,26.6
Srimongal,2009,7,2,29.43,29.93,29.3,27.5
Srimongal,2009,7,3,29.73,30.13,29.8,27.3
Srimongal,2009,7,4,29,29.32,29.13,26.2
Srimongal,2009,7,5,30.19,30.5,29.64,28.2
Srimongal,2009,7,6,30.79,30.86,30.24,28.7
Srimongal,2009,7,7,31.08,31.01,30.36,28.9
Srimongal,2009,7,8,30.53,30.8,30.24,28.4
Srimongal,2009,7,9,30.56,30.84,30.24,28.8
Srimongal,2009,7,10,30.37,30.65,30.04,28
Srimongal,2009,7,11,30.06,30.22,29.52,27.8
Srimongal,2009,7,12,30,30.14,29.5,27.9
Srimongal,2009,7,13,31.38,31.33,30.52,30
Srimongal,2009,7,14,31.37,31.24,30.54,29.8
Srimongal,2009,7,15,30.1,30.56,30.03,28.4
Srimongal,2009,7,16,30.9,30.86,30.1,28.2
Srimongal,2009,7,17,30.6,30.95,30.31,28.9
Srimongal,2009,7,18,31.42,31.33,30.51,30
Srimongal,2009,7,19,31.35,31.06,30.36,28.8
Srimongal,2009,7,20,31.2,31.06,30.21,29.5
Srimongal,2009,7,21,31.68,31.51,30.65,30.3
Srimongal,2009,7,22,31.46,31.17,30.52,28.6
Srimongal,2009,7,23,30.54,30.68,29.95,28.1
Srimongal,2009,7,24,30.92,31.03,30.42,28.9
Srimongal,2009,7,25,31.14,31.16,30.49,29.9
Srimongal,2009,7,26,31.49,31.41,30.65,30.1
Srimongal,2009,7,27,31.62,31.25,30.65,29.4
Srimongal,2009,7,28,30.43,30.52,29.86,28
Srimongal,2009,7,29,29.11,29.62,29.43,26.9
Srimongal,2009,7,30,29.23,29.65,29.42,26.7
Srimongal,2009,8,31,29.53,29.99,29.39,27.6
Srimongal,2009,8,1,30.03,30.44,29.93,28.1
Srimongal,2009,8,2,31.02,31.12,30.53,29.6
Srimongal,2009,8,3,31.32,31.29,30.57,29.5
Srimongal,2009,8,4,30.58,30.98,30.48,29.2
Srimongal,2009,8,5,30.73,30.9,30.48,29.2
Srimongal,2009,8,6,29.78,30.18,29.83,27.4
Srimongal,2009,8,7,30.43,30.56,30.14,28.7
Srimongal,2009,8,8,31.06,30.95,30.36,29.1
Srimongal,2009,8,9,30.94,31.08,30.48,29.8
Srimongal,2009,8,10,31.39,31.31,30.66,30.3
Srimongal,2009,8,11,31.53,31.43,30.67,30.1
Srimongal,2009,8,12,30.65,30.99,30.5,29.3
Srimongal,2009,8,13,30.37,30.72,30.06,28.1
Srimongal,2009,8,14,30.66,30.93,30.34,28.6
Srimongal,2009,8,15,30.28,30.4,29.94,27.7
Srimongal,2009,8,16,29.56,29.79,29.61,26.8
Srimongal,2009,8,17,30.08,30.29,29.87,27.6
Srimongal,2009,8,18,29.39,29.68,29.45,26.5
Srimongal,2009,8,19,29.21,29.43,29.12,26.2
Srimongal,2009,8,20,30.01,30.15,29.52,27.8
Srimongal,2009,8,21,29.45,29.74,29.42,26.5
Srimongal,2009,8,22,28.77,29.29,29.13,26.1
Srimongal,2009,8,23,30.13,30.29,29.76,27.6
Srimongal,2009,8,24,29.84,30.12,29.49,27.7
Srimongal,2009,8,25,30.23,30.16,29.56,27.9
Srimongal,2009,8,26,30.01,29.92,29.34,28.1
Srimongal,2009,8,27,29.37,29.68,29.14,26.5
Srimongal,2009,8,28,29.18,29.7,29.29,26.7
Srimongal,2009,8,29,30.97,30.96,30.34,28.8
Srimongal,2009,8,30,31.25,31.11,30.41,29.2
Srimongal,2009,9,31,31.32,31.12,30.42,28.6
Srimongal,2009,9,1,31.11,31.08,30.36,29.2
Srimongal,2009,9,2,30.66,30.26,29.65,29.2
Srimongal,2009,9,3,31.27,31.19,30.55,29.9
Srimongal,2009,9,4,31.36,31.04,30.37,28.7
Srimongal,2009,9,5,31.07,31,30.34,28.7
Srimongal,2009,9,6,29.7,29.96,29.42,27.1
Srimongal,2009,9,7,31.23,31.01,30.25,29.4
Srimongal,2009,9,8,31.42,31.24,30.64,29.7
Srimongal,2009,9,9,30.04,30.13,29.51,27.8
Srimongal,2009,9,10,29.6,29.86,29.43,26.7
Srimongal,2009,9,11,29,29.38,28.9,26.3
Srimongal,2009,9,12,30.85,30.84,30.08,28.9
Srimongal,2009,9,13,31.15,31.06,30.37,29.2
Srimongal,2009,9,14,31.28,31.2,30.45,29.6
Srimongal,2009,9,15,30.31,30.41,29.91,27.6
Srimongal,2009,9,16,29.01,29.33,29.14,26.3
Srimongal,2009,9,17,29.93,30.12,29.71,27.3
Srimongal,2009,9,18,29.69,29.93,29.28,27.3
Srimongal,2009,9,19,29.27,29.4,29.32,26.3
Srimongal,2009,9,20,29.96,30.13,29.37,27.6
Srimongal,2009,9,21,29.63,29.89,29.26,27.2
Srimongal,2009,9,22,28.32,29.04,29.04,25.5
Srimongal,2009,9,23,29.32,29.59,28.99,26.6
Srimongal,2009,9,24,29.26,29.75,29.17,27
Srimongal,2009,9,25,29.14,29.64,29.09,26.5
Srimongal,2009,9,26,30.3,30.34,29.58,28
Srimongal,2009,9,27,31.41,31.26,30.51,29.6
Srimongal,2009,9,28,31.29,31.33,30.52,30.3
Srimongal,2009,9,29,31.46,31.36,30.64,29.8
Srimongal,2009,10,30,31.54,31.18,30.56,29.4
Srimongal,2009,10,1,30.72,30.37,29.69,29.6
Srimongal,2009,10,2,31.14,31.29,30.46,30.2
Srimongal,2009,10,3,31.54,31.33,30.68,29.9
Srimongal,2009,10,4,29.36,29.72,29.42,26.8
Srimongal,2009,10,5,29.92,30.11,29.45,27.4
Srimongal,2009,10,6,29.38,29.82,29.25,27
Srimongal,2009,10,7,29.9,30.06,29.5,27.3
Srimongal,2009,10,8,30.12,30.28,29.78,27.7
Srimongal,2009,10,9,29.35,29.79,29.39,26.7
Srimongal,2009,10,10,29.14,29.32,29.21,26.2
Srimongal,2009,10,11,29.23,29.57,28.91,26.5
Srimongal,2009,10,12,28.48,28.67,28.23,26.4
Srimongal,2009,10,13,28.56,28.84,28.32,26.9
Srimongal,2009,10,14,29.25,29.14,28.66,27.2
Srimongal,2009,10,15,29.32,29.26,28.78,27.6
Srimongal,2009,10,16,28.83,28.94,28.31,27
Srimongal,2009,10,17,29.42,29.75,29.3,26.9
Srimongal,2009,10,18,29.17,29.45,29.1,26.3
Srimongal,2009,10,19,28.14,28.59,28.33,25.2
Srimongal,2009,10,20,28.65,28.92,28.3,26.7
Srimongal,2009,10,21,26.57,27.2,27.02,24.2
Srimongal,2009,10,22,26.08,26.74,26.97,24
Srimongal,2009,10,23,26.85,27.26,27.12,25.1
Srimongal,2009,10,24,27.11,27.33,26.97,24.8
Srimongal,2009,10,25,26.67,27.05,26.82,24.7
Srimongal,2009,10,26,26.54,26.92,27.09,24
Srimongal,2009,10,27,26.04,26.88,26.98,24.1
Srimongal,2009,10,28,26.33,27.03,27.1,24.2
Srimongal,2009,10,29,26.42,27.11,27.06,24.4
Srimongal,2009,10,30,26.57,27.14,27.14,24.4
Srimongal,2009,11,31,26.39,26.97,27.1,24
Srimongal,2009,11,1,26.15,26.82,26.9,23.9
Srimongal,2009,11,2,26.69,27.23,27.18,24.4
Srimongal,2009,11,3,26.52,26.92,26.6,25
Srimongal,2009,11,4,28.04,28.08,27.66,26
Srimongal,2009,11,5,27.58,27.69,27.45,25.3
Srimongal,2009,11,6,27.97,28.03,27.79,25.6
Srimongal,2009,11,7,27.79,28.02,27.83,25.2
Srimongal,2009,11,8,26.51,26.86,26.7,24.2
Srimongal,2009,11,9,26.13,26.59,26.7,23.7
Srimongal,2009,11,10,25.22,25.64,25.75,22.7
Srimongal,2009,11,11,25.03,25.4,25.41,22.8
Srimongal,2009,11,12,25.49,26.05,26.18,23.1
Srimongal,2009,11,13,25.62,25.92,26.05,23
Srimongal,2009,11,14,25.58,26.02,26.15,23.2
Srimongal,2009,11,15,26.69,27,26.7,24.7
Srimongal,2009,11,16,27.54,27.85,27.74,25
Srimongal,2009,11,17,27.74,27.87,27.58,25.5
Srimongal,2009,11,18,26.39,27.16,27.2,22.9
Srimongal,2009,11,19,24.98,25.42,25.91,21.6
Srimongal,2009,11,20,23.83,24.46,24.74,20.9
Srimongal,2009,11,21,22.7,23.68,23.78,19.7
Srimongal,2009,11,22,21.2,21.99,22.57,18.7
Srimongal,2009,11,23,21.84,22.3,22.81,19.1
Srimongal,2009,11,24,23.18,23.75,23.93,19.9
Srimongal,2009,11,25,22.48,22.84,23.02,19.4
Srimongal,2009,11,26,22.41,23.23,23.47,19.8
Srimongal,2009,11,27,22.61,23.41,23.47,19.8
Srimongal,2009,11,28,22.47,22.79,23.08,19
Srimongal,2009,11,29,21.62,22.28,22.77,19.1
Srimongal,2009,12,30,20.46,20.97,21.94,18.6
Srimongal,2009,12,1,21.37,21.7,22.3,19.3
Srimongal,2009,12,2,21.98,22.52,22.93,19.3
Srimongal,2009,12,3,21.95,22.7,22.97,19.4
Srimongal,2009,12,4,22.63,23.29,23.59,20
Srimongal,2009,12,5,22.48,23,23.26,19.7
Srimongal,2009,12,6,22.42,23.08,23.39,19.7
Srimongal,2009,12,7,22.49,23.1,23.33,19.7
Srimongal,2009,12,8,21.75,22.08,22.45,18.9
Srimongal,2009,12,9,21.24,21.71,22.02,18.2
Srimongal,2009,12,10,21.12,21.57,21.96,18.2
Srimongal,2009,12,11,21.54,22.17,22.44,18.9
Srimongal,2009,12,12,21.76,22.23,22.43,18.9
Srimongal,2009,12,13,22.22,22.62,22.87,19.4
Srimongal,2009,12,14,20.75,21.12,21.46,16.8
Srimongal,2009,12,15,20.33,21.02,21.16,17.1
Srimongal,2009,12,16,19.96,20.8,20.99,17.6
Srimongal,2009,12,17,20.86,21.52,22.04,18.2
Srimongal,2009,12,18,22.1,22.44,22.7,18.9
Srimongal,2009,12,19,21.62,22.3,22.7,19.3
Srimongal,2009,12,20,21.61,22.18,22.63,18.8
Srimongal,2009,12,21,20.45,20.84,21.21,16.9
Srimongal,2009,12,22,19.33,19.83,20.48,15.6
Srimongal,2009,12,23,19.73,19.96,20.4,15.9
Srimongal,2009,12,24,19.31,19.95,20.44,15.9
Srimongal,2009,12,25,19.39,19.88,20.4,15.4
Srimongal,2009,12,26,18.46,18.84,19.79,13.6
Srimongal,2009,12,27,18.83,19.31,19.93,14.1
Srimongal,2009,12,28,18.55,19.16,19.9,13.9
Srimongal,2009,12,29,18.87,19.4,19.99,15
Srimongal,2009,12,30,19.37,19.72,20.14,14.9
Srimongal,2009,1,31,19.52,20.07,20.33,16.3
Srimongal,2010,1,1,18.5,19.65,20.1,15.4
Srimongal,2010,1,2,19.7,20.3,20.2,15.1
Srimongal,2010,1,3,18.65,19.8,20.1,15.8
Srimongal,2010,1,4,18,19.8,20.25,14.9
Srimongal,2010,1,5,18.7,19.85,20.15,15.1
Srimongal,2010,1,6,17.8,19,19.8,12.7
Srimongal,2010,1,7,18.9,19.5,19.8,14.3
Srimongal,2010,1,8,18.85,19.6,19.8,14.1
Srimongal,2010,1,9,18.2,19.4,19.7,15.5
Srimongal,2010,1,10,18.5,19,19.7,15.2
Srimongal,2010,1,11,18.25,19.4,19.7,15.4
Srimongal,2010,1,12,16.5,18.2,19.3,13.2
Srimongal,2010,1,13,17,18.15,18.9,10.7
Srimongal,2010,1,14,17.9,18.6,19,12.5
Srimongal,2010,1,15,18,18.4,19.15,14.7
Srimongal,2010,1,16,17.9,18.95,19.3,15.1
Srimongal,2010,1,17,18.2,18.9,19.25,15.2
Srimongal,2010,1,18,17.9,18.85,19.1,14.7
Srimongal,2010,1,19,18.5,19.35,19.4,15.5
Srimongal,2010,1,20,19.55,19.45,19.35,15.3
Srimongal,2010,1,21,19.6,19.75,19.7,16.7
Srimongal,2010,1,22,19.95,20.1,19.9,16.1
Srimongal,2010,1,23,19.7,20,20,17
Srimongal,2010,1,24,20,20.1,20.05,16.2
Srimongal,2010,1,25,19.2,20.6,20.2,17.2
Srimongal,2010,1,26,19,20.5,20.2,17.9
Srimongal,2010,1,27,19.55,20.55,20.3,17.3
Srimongal,2010,1,28,19,20.35,20.3,16.8
Srimongal,2010,1,29,19.3,20.1,20,16.5
Srimongal,2010,1,30,19.65,20.2,20.1,16.4
Srimongal,2010,2,31,19.5,20.3,20,17
Srimongal,2010,2,1,18.9,20.15,20.1,16.1
Srimongal,2010,2,2,19.55,20.2,20.05,15.6
Srimongal,2010,2,3,19.3,19.8,20,15.8
Srimongal,2010,2,4,19.3,20.2,20.05,16.2
Srimongal,2010,2,5,19.25,20.1,20.05,15.6
Srimongal,2010,2,6,19.2,19.7,19.8,15.2
Srimongal,2010,2,7,19.6,20.1,19.9,15.8
Srimongal,2010,2,8,19.95,20.35,20.1,16.5
Srimongal,2010,2,9,19.55,20.5,20.25,17.1
Srimongal,2010,2,10,21,21.05,20.4,19
Srimongal,2010,2,11,22.05,21.9,20.95,20.6
Srimongal,2010,2,12,21.35,21.65,21.05,19.3
Srimongal,2010,2,13,21.55,22,21.3,19.4
Srimongal,2010,2,14,22.3,22.3,21.55,19.8
Srimongal,2010,2,15,22.7,22.7,21.85,20.3
Srimongal,2010,2,16,22.6,22.6,21.9,19.8
Srimongal,2010,2,17,23.15,23.1,22.2,20.5
Srimongal,2010,2,18,23.9,23.6,22.3,23.5
Srimongal,2010,2,19,22.45,22.95,22.35,19.4
Srimongal,2010,2,20,21.7,22.6,22.1,18.3
Srimongal,2010,2,21,22.6,22.95,22.25,19.1
Srimongal,2010,2,22,22.4,22.8,22.2,19.1
Srimongal,2010,2,23,22.55,22.9,22.4,19.4
Srimongal,2010,2,24,22.65,22.9,22.2,19.3
Srimongal,2010,2,25,24.15,23.75,22.65,22.1
Srimongal,2010,2,26,24.8,24.3,22.95,23.4
Srimongal,2010,2,27,24.55,24.55,23.4,21.9
Srimongal,2010,3,28,24.8,24.6,23.4,22.1
Srimongal,2010,3,1,25.05,24.95,23.75,22.8
Srimongal,2010,3,2,25.5,25.4,23.9,24.6
Srimongal,2010,3,3,27.25,26.45,24.6,26.6
Srimongal,2010,3,4,27.7,27,25.1,27.9
Srimongal,2010,3,5,28.35,27.6,25.55,27.7
Srimongal,2010,3,6,28.6,27.8,25.8,27.9
Srimongal,2010,3,7,28.9,28.35,26.35,27.5
Srimongal,2010,3,8,28.9,28.3,26.4,28
Srimongal,2010,3,9,27.7,27.75,26.35,24.9
Srimongal,2010,3,10,27,27.3,25.5,23.3
Srimongal,2010,3,11,27,27.15,26,22.4
Srimongal,2010,3,12,26.3,26.9,25.7,22.5
Srimongal,2010,3,13,26.4,26.2,25.1,22.8
Srimongal,2010,3,14,25.6,27,25.8,22.2
Srimongal,2010,3,15,28.2,27.5,26.1,25.3
Srimongal,2010,3,16,27.9,27.7,26.2,25.9
Srimongal,2010,3,17,28.1,28.15,26.5,25.2
Srimongal,2010,3,18,28.05,27.9,26,26
Srimongal,2010,3,19,27.7,27.8,26.5,25.1
Srimongal,2010,3,20,28.4,28.2,26.6,25.4
Srimongal,2010,3,21,28.5,28.1,26.5,25.7
Srimongal,2010,3,22,29.1,28.6,26.95,26.3
Srimongal,2010,3,23,30.6,29.55,28.5,29.2
Srimongal,2010,3,24,30.5,29.9,28,29.4
Srimongal,2010,3,25,30.5,29.85,28.1,28.8
Srimongal,2010,3,26,30.5,30,28.55,28.7
Srimongal,2010,3,27,30.8,30.2,28.4,28.4
Srimongal,2010,3,28,29.9,29.9,28.45,28.9
Srimongal,2010,3,29,28.4,29.2,28.15,26.7
Srimongal,2010,3,30,26.35,27.9,27.35,26
Srimongal,2010,4,31,25.1,26.9,26.5,24.2
Srimongal,2010,4,1,27.8,27.6,26.55,26
Srimongal,2010,4,2,28,28.4,27.15,27.7
Srimongal,2010,4,3,28.4,28.7,27.1,26.9
Srimongal,2010,4,4,29.3,29.3,27.75,29.1
Srimongal,2010,4,5,29.85,29.9,28.2,29.3
Srimongal,2010,4,6,30,30.1,28.4,29.1
Srimongal,2010,4,7,31,30.6,28.75,29.7
Srimongal,2010,4,8,31.35,31.15,29.15,29.5
Srimongal,2010,4,9,31.5,31.1,29.2,29.4
Srimongal,2010,4,10,31.7,31.5,29.6,29.7
Srimongal,2010,4,11,31.75,31.65,29.85,30.3
Srimongal,2010,4,12,31.9,31.5,29.8,30
Srimongal,2010,4,13,31.8,31.8,29.9,29.9
Srimongal,2010,4,14,30.45,31.45,29.95,30.4
Srimongal,2010,4,15,30.7,30.8,29.45,27.4
Srimongal,2010,4,16,30.1,30.9,29.65,28.5
Srimongal,2010,4,17,30.25,30.75,29.55,27.5
Srimongal,2010,4,18,27.7,29.7,29.1,27.5
Srimongal,2010,4,19,28.4,29.1,28.55,25.6
Srimongal,2010,4,20,28.5,29.25,28.4,28.4
Srimongal,2010,4,21,27.3,28.4,28,27.5
Srimongal,2010,4,22,28.8,29.15,28.2,27.6
Srimongal,2010,4,23,29,29.6,28.4,27.6
Srimongal,2010,4,24,28.5,29.5,28.4,28.8
Srimongal,2010,4,25,28.6,29.45,28.55,27.6
Srimongal,2010,4,26,28.15,29.15,28.35,26.8
Srimongal,2010,4,27,26.9,27.9,27.6,24.3
Srimongal,2010,4,28,28.1,28.6,27.65,25.3
Srimongal,2010,4,29,28.2,28.85,28,26.1
Srimongal,2010,5,30,27,27.8,27.5,25.2
Srimongal,2010,5,1,28.3,28.3,27.45,23.8
Srimongal,2010,5,2,27.7,28.6,27.8,28.3
Srimongal,2010,5,3,28.9,28.5,27.2,24.7
Srimongal,2010,5,4,30.3,30.1,28.3,29.5
Srimongal,2010,5,5,30.75,30.7,28.9,28.7
Srimongal,2010,5,6,31,30.9,29,29.5
Srimongal,2010,5,7,30.3,30.8,29.4,29.2
Srimongal,2010,5,8,29.8,30.4,29.3,26.8
Srimongal,2010,5,9,28.4,30.2,29.1,28.4
Srimongal,2010,5,10,27.2,29.05,28.5,25.5
Srimongal,2010,5,11,29.1,29.25,28.3,25.8
Srimongal,2010,5,12,28.1,28.7,29,28.4
Srimongal,2010,5,13,30.1,29.8,28.35,29.8
Srimongal,2010,5,14,29.3,29.8,28.7,29.4
Srimongal,2010,5,15,29.5,30,28.8,27.8
Srimongal,2010,5,16,30.6,30.5,29.1,29
Srimongal,2010,5,17,30.45,30.6,29.2,26.8
Srimongal,2010,5,18,31,31,29.55,29.1
Srimongal,2010,5,19,30.5,31.2,29.6,29.3
Srimongal,2010,5,20,28.3,30.5,29.55,29.7
Srimongal,2010,5,21,26.15,27.3,27.6,25.2
Srimongal,2010,5,22,27.8,27.7,27.1,23.3
Srimongal,2010,5,23,29.65,29.25,27.9,27.1
Srimongal,2010,5,24,29.4,29.7,28.5,27.8
Srimongal,2010,5,25,29.6,29.9,29.3,26.4
Srimongal,2010,5,26,27.7,29.2,28.8,27.1
Srimongal,2010,5,27,28.95,29.15,28.3,24.4
Srimongal,2010,5,28,28.7,29.4,28.5,27.6
Srimongal,2010,5,29,28.6,28.8,27.6,26.2
Srimongal,2010,5,30,28.55,29,28.2,26.6
Srimongal,2010,6,31,28,28.5,28.1,26
Srimongal,2010,6,1,28.3,28.3,27.75,24.8
Srimongal,2010,6,2,28.25,29.15,28.15,27.1
Srimongal,2010,6,3,26.7,27.9,27.7,26.1
Srimongal,2010,6,4,25.4,26.65,26.6,23.2
Srimongal,2010,6,5,26.45,26.6,26.4,23.4
Srimongal,2010,6,6,28,27.75,26.7,25.3
Srimongal,2010,6,7,28.5,28.7,27.3,27.6
Srimongal,2010,6,8,28.7,29.1,28.15,27.7
Srimongal,2010,6,9,30.4,29.8,28.3,28
Srimongal,2010,6,10,30.1,30.3,28.7,30.1
Srimongal,2010,6,11,31.4,30.8,29.2,28.3
Srimongal,2010,6,12,29.6,30.5,29.45,29.2
Srimongal,2010,6,13,29,29.9,28.8,26.6
Srimongal,2010,6,14,29.2,30,29.05,27.4
Srimongal,2010,6,15,30.1,30.2,29,27.1
Srimongal,2010,6,16,29,30,29,28.7
Srimongal,2010,6,17,30.05,30.1,29.1,27.6
Srimongal,2010,6,18,29.4,29.75,28.8,28.1
Srimongal,2010,6,19,29.8,30,28.75,27.7
Srimongal,2010,6,20,29.05,30.25,29.3,28.2
Srimongal,2010,6,21,29.8,30.15,29.1,27.3
Srimongal,2010,6,22,30.1,30.3,29,28.4
Srimongal,2010,6,23,30.5,30.65,29.45,28.4
Srimongal,2010,6,24,30.6,30.8,29.55,28.5
Srimongal,2010,6,25,30,30.8,29.5,27.9
Srimongal,2010,6,26,28.75,30.35,29.7,28
Srimongal,2010,6,27,29.55,29.8,29.25,26.8
Srimongal,2010,6,28,29.25,30,29.25,28.5
Srimongal,2010,6,29,27.9,29.1,28.65,27.8
Srimongal,2010,7,30,29.1,29.15,28.35,25.1
Srimongal,2010,7,1,29.6,29.9,28.6,28.2
Srimongal,2010,7,2,29.75,30.1,29.05,27.6
Srimongal,2010,7,3,30.2,30.3,28.5,27.5
Srimongal,2010,7,4,30.55,30.8,29.6,28.8
Srimongal,2010,7,5,30.9,30.8,29.55,28.2
Srimongal,2010,7,6,30.35,31,29.75,28.3
Srimongal,2010,7,7,30.5,30.8,29.8,27.7
Srimongal,2010,7,8,30.65,30.9,29.85,28.3
Srimongal,2010,7,9,30.5,30.9,29.7,28.7
Srimongal,2010,7,10,31.15,31.3,29.9,28.6
Srimongal,2010,7,11,30.7,31.15,30.05,29.2
Srimongal,2010,7,12,30,30.6,29.8,27.7
Srimongal,2010,7,13,30.1,30.6,29.7,27.6
Srimongal,2010,7,14,31.15,31,29.8,28
Srimongal,2010,7,15,31.5,31.4,30,29.7
Srimongal,2010,7,16,31.2,31.5,30.2,29.2
Srimongal,2010,7,17,31.65,31.6,30.25,28.4
Srimongal,2010,7,18,30.4,31.9,30,29.2
Srimongal,2010,7,19,30.5,31.2,30.3,28.6
Srimongal,2010,7,20,30,30.9,30.1,27.4
Srimongal,2010,7,21,29.8,30.8,30,27.6
Srimongal,2010,7,22,29.8,30.6,29.8,28.2
Srimongal,2010,7,23,30.3,30.6,29.65,27.1
Srimongal,2010,7,24,30.9,31,29.9,28.9
Srimongal,2010,7,25,31.1,31.4,30.15,28.9
Srimongal,2010,7,26,30.95,31.5,30.25,28.9
Srimongal,2010,7,27,31.6,31.7,30.1,29.2
Srimongal,2010,7,28,32.85,32.5,30.7,30.5
Srimongal,2010,7,29,31.25,32.1,30.9,30.6
Srimongal,2010,7,30,29.55,30.95,30.35,27.3
Srimongal,2010,8,31,30.2,30.7,30.1,26.9
Srimongal,2010,8,1,29.95,30.17,29.74,27.6
Srimongal,2010,8,2,30.47,30.73,30.01,28.6
Srimongal,2010,8,3,31.28,31.1,30.59,29.4
Srimongal,2010,8,4,30.6,30.73,30.17,28.5
Srimongal,2010,8,5,30.02,30.17,29.73,27.5
Srimongal,2010,8,6,30.98,30.9,30.22,28.8
Srimongal,2010,8,7,30.82,30.91,30.34,28.7
Srimongal,2010,8,8,30.98,30.97,30.28,29.1
Srimongal,2010,8,9,31.13,31.11,30.47,28.9
Srimongal,2010,8,10,31.21,31.21,30.59,29.6
Srimongal,2010,8,11,31.59,31.54,30.71,30.5
Srimongal,2010,8,12,30.46,30.6,29.95,28.2
Srimongal,2010,8,13,30.4,30.6,29.88,28.3
Srimongal,2010,8,14,30.06,30.3,29.85,27.8
Srimongal,2010,8,15,30.27,30.34,29.87,27.7
Srimongal,2010,8,16,30.06,30.18,29.79,27.5
Srimongal,2010,8,17,30.12,30.6,30.04,28.3
Srimongal,2010,8,18,30.55,30.74,30.12,28.3
Srimongal,2010,8,19,30.63,30.71,30.14,28.5
Srimongal,2010,8,20,30.42,30.73,30.09,28.3
Srimongal,2010,8,21,29.72,29.98,29.67,27
Srimongal,2010,8,22,30.81,30.93,30.35,28.9
Srimongal,2010,8,23,30.57,30.72,30.04,28.1
Srimongal,2010,8,24,30.2,30.56,29.96,28.1
Srimongal,2010,8,25,31.3,31.17,30.74,29.4
Srimongal,2010,8,26,30.88,30.88,30.43,28.7
Srimongal,2010,8,27,29.33,29.87,29.29,27.3
Srimongal,2010,8,28,30.03,30.09,29.47,27.9
Srimongal,2010,8,29,30.33,30.51,29.94,28.2
Srimongal,2010,8,30,31.1,30.96,30.2,28.7
Srimongal,2010,9,31,30.9,30.83,30.01,28.6
Srimongal,2010,9,1,30.25,30.32,29.89,27.4
Srimongal,2010,9,2,30.47,30.63,30.17,28.4
Srimongal,2010,9,3,31.24,31.3,30.56,29.6
Srimongal,2010,9,4,30.65,30.92,30.38,28.8
Srimongal,2010,9,5,30.2,30.52,29.9,28
Srimongal,2010,9,6,30.03,30.28,29.83,27.6
Srimongal,2010,9,7,31.26,31.15,30.46,29.2
Srimongal,2010,9,8,31,31.01,30.53,28.8
Srimongal,2010,9,9,30.58,30.48,29.96,27.9
Srimongal,2010,9,10,31.08,30.97,30.46,28.8
Srimongal,2010,9,11,30.29,30.47,30.02,27.8
Srimongal,2010,9,12,29.72,30.01,29.75,27
Srimongal,2010,9,13,30.25,30.38,29.74,28
Srimongal,2010,9,14,29.33,29.7,29.43,26.6
Srimongal,2010,9,15,29.43,29.77,29.51,26.9
Srimongal,2010,9,16,29.42,29.82,29.44,26.8
Srimongal,2010,9,17,29.4,29.78,29.36,26.9
Srimongal,2010,9,18,30.03,30.13,29.53,27.6
Srimongal,2010,9,19,29.54,29.81,29.44,26.9
Srimongal,2010,9,20,29.15,29.4,29.11,26.3
Srimongal,2010,9,21,29.1,29.28,29.18,26.3
Srimongal,2010,9,22,28.09,28.57,28.44,25.1
Srimongal,2010,9,23,29.58,29.83,29.14,27.2
Srimongal,2010,9,24,30.38,30.58,29.6,28.3
Srimongal,2010,9,25,29.34,29.72,29.27,26.9
Srimongal,2010,9,26,28.2,29.04,29.12,25.7
Srimongal,2010,9,27,28.72,29.22,29.2,26
Srimongal,2010,9,28,30.31,30.57,29.91,28.3
Srimongal,2010,9,29,28.58,29.09,28.84,25.6
Srimongal,2010,10,30,29.26,29.39,28.8,27.3
Srimongal,2010,10,1,30.62,30.66,29.81,28.8
Srimongal,2010,10,2,30.56,30.64,30,28.4
Srimongal,2010,10,3,30.72,30.88,29.88,28.7
Srimongal,2010,10,4,30.41,30.31,29.58,29.1
Srimongal,2010,10,5,31.14,31.14,30.18,29.7
Srimongal,2010,10,6,30.41,30.46,30.05,27.5
Srimongal,2010,10,7,28.78,29.11,28.84,26.1
Srimongal,2010,10,8,26.92,27.48,27.71,23.4
Srimongal,2010,10,9,27.01,27.32,27.41,23.5
Srimongal,2010,10,10,27.54,27.72,27.42,24.8
Srimongal,2010,10,11,28.12,28.39,27.91,25.9
Srimongal,2010,10,12,28.57,28.87,28.32,26.6
Srimongal,2010,10,13,29.11,29.14,28.64,27.3
Srimongal,2010,10,14,30.42,30.5,29.63,28.2
Srimongal,2010,10,15,30.45,30.58,29.58,28.3
Srimongal,2010,10,16,30.15,30.3,29.44,28
Srimongal,2010,10,17,29.47,29.73,29.12,27.4
Srimongal,2010,10,18,30.05,30.18,29.51,27.9
Srimongal,2010,10,19,30.35,30.46,29.68,28.2
Srimongal,2010,10,20,30.44,30.26,29.61,29
Srimongal,2010,10,21,30.7,30.66,29.93,28.4
Srimongal,2010,10,22,29.29,29.43,28.82,27.7
Srimongal,2010,10,23,28.58,29.1,28.83,25.7
Srimongal,2010,10,24,29.23,29.28,28.76,27.1
Srimongal,2010,10,25,28.62,29.1,28.67,25.8
Srimongal,2010,10,26,28.87,29.19,28.87,26.6
Srimongal,2010,10,27,28.83,29.04,28.4,26.8
Srimongal,2010,10,28,28.42,28.95,28.38,25.8
Srimongal,2010,10,29,26.13,27.09,27.11,23.7
Srimongal,2010,10,30,26.25,27.08,27.02,24.3
Srimongal,2010,11,31,26.95,27.27,27.13,25
Srimongal,2010,11,1,27.14,27.45,27.01,25.3
Srimongal,2010,11,2,27.08,27.38,26.69,25.5
Srimongal,2010,11,3,27.2,27.71,27.61,24.1
Srimongal,2010,11,4,27.78,27.91,27.81,24.8
Srimongal,2010,11,5,27.27,27.81,27.52,25.1
Srimongal,2010,11,6,27.45,28.03,27.79,25.2
Srimongal,2010,11,7,27.07,27.62,27.48,25.1
Srimongal,2010,11,8,27.08,27.24,27.24,24.5
Srimongal,2010,11,9,26.1,26.63,26.8,23.2
Srimongal,2010,11,10,25.27,25.81,25.71,22.7
Srimongal,2010,11,11,25.77,26.46,26.69,23.6
Srimongal,2010,11,12,25.75,26.19,26.23,23.4
Srimongal,2010,11,13,25.84,26.42,26.49,23.7
Srimongal,2010,11,14,25.63,26.45,26.5,23.2
Srimongal,2010,11,15,25.63,26.11,26.18,23.2
Srimongal,2010,11,16,25.51,26,26.15,23.1
Srimongal,2010,11,17,25.26,25.58,25.59,22.7
Srimongal,2010,11,18,25.1,25.53,25.65,22.6
Srimongal,2010,11,19,25.06,25.56,25.67,22.7
Srimongal,2010,11,20,24.02,24.41,24.86,21.6
Srimongal,2010,11,21,25.7,25.94,25.88,23
Srimongal,2010,11,22,23.45,23.88,24.25,20.3
Srimongal,2010,11,23,22.08,22.75,23.03,19.5
Srimongal,2010,11,24,22.75,23.43,23.83,20.2
Srimongal,2010,11,25,23.49,24.28,24.63,20.9
Srimongal,2010,11,26,23.72,24.44,24.81,21.4
Srimongal,2010,11,27,23.56,24.3,24.64,21.1
Srimongal,2010,11,28,23.07,23.64,23.81,21.3
Srimongal,2010,11,29,24.04,24.48,24.66,21.7
Srimongal,2010,12,30,24.77,25.27,25.24,22.3
Srimongal,2010,12,1,22.92,23.26,23.32,19.8
Srimongal,2010,12,2,20.82,21.67,22.4,18.4
Srimongal,2010,12,3,20.55,21.1,21.95,18.5
Srimongal,2010,12,4,21.36,21.88,22.47,19.5
Srimongal,2010,12,5,21.47,22.42,22.91,19.4
Srimongal,2010,12,6,22.76,23.16,23.42,21.4
Srimongal,2010,12,7,23.64,24.23,24.64,21.3
Srimongal,2010,12,8,25.37,25.65,25.49,22.5
Srimongal,2010,12,9,26.14,26.74,26.42,23.4
Srimongal,2010,12,10,23.45,23.82,24.31,20.2
Srimongal,2010,12,11,24.4,24.88,24.75,21.8
Srimongal,2010,12,12,23.89,24.48,24.72,21
Srimongal,2010,12,13,21.68,22.14,22.66,18.8
Srimongal,2010,12,14,20.71,21.36,21.63,17.3
Srimongal,2010,12,15,19.81,20.59,21.06,16.6
Srimongal,2010,12,16,19.15,20.05,20.61,15.9
Srimongal,2010,12,17,19.58,20.2,20.74,16.2
Srimongal,2010,12,18,19.96,20.56,20.87,16.9
Srimongal,2010,12,19,19.86,20.6,20.88,16.7
Srimongal,2010,12,20,19.88,20.41,20.82,16.4
Srimongal,2010,12,21,19.8,20.38,20.78,16.6
Srimongal,2010,12,22,19.43,20.07,20.54,16.1
Srimongal,2010,12,23,19.45,20.15,20.67,16.1
Srimongal,2010,12,24,19.43,20.23,20.79,16.2
Srimongal,2010,12,25,19.43,19.97,20.5,16
Srimongal,2010,12,26,19.37,20,20.55,15.6
Srimongal,2010,12,27,19.4,19.94,20.46,15.9
Srimongal,2010,12,28,19.8,20.48,20.78,16.6
Srimongal,2010,12,29,19.47,20.15,20.65,16
Srimongal,2010,12,30,19.66,20.18,20.63,16.1
Srimongal,2010,1,31,19.79,20.51,20.79,16.6
Srimongal,2011,1,1,19.5,19.4,20.4,17
Srimongal,2011,1,2,20.5,20.1,20.65,18.9
Srimongal,2011,1,3,18.9,19.4,20.15,17.3
Srimongal,2011,1,4,18.25,18.8,20.3,14.9
Srimongal,2011,1,5,17.75,18.5,19.95,13.8
Srimongal,2011,1,6,17.8,18.4,19.65,14.1
Srimongal,2011,1,7,18.1,18.2,19.6,13.6
Srimongal,2011,1,8,19,18.6,19.7,15.2
Srimongal,2011,1,9,19.5,19.2,20,16.5
Srimongal,2011,1,10,19.35,19.5,20.25,18.5
Srimongal,2011,1,11,17.05,18.35,19.95,15.2
Srimongal,2011,1,12,17.25,17.5,19,10.8
Srimongal,2011,1,13,16.7,16.8,19.05,12.9
Srimongal,2011,1,14,16.65,16.95,18.55,10.8
Srimongal,2011,1,15,17.05,17.2,18.6,12.7
Srimongal,2011,1,16,16.6,17,18.5,13.1
Srimongal,2011,1,17,17.35,17.5,18.6,14.2
Srimongal,2011,1,18,16,16.65,18.3,13.7
Srimongal,2011,1,19,16.3,16.65,18.1,12.6
Srimongal,2011,1,20,16.8,17.05,18.3,14.1
Srimongal,2011,1,21,16.4,16.5,18.1,14
Srimongal,2011,1,22,16.55,16.8,18.1,13.9
Srimongal,2011,1,23,17,17.15,18.25,14
Srimongal,2011,1,24,16.8,16.8,18.3,14.8
Srimongal,2011,1,25,17.4,17.2,18.5,15.1
Srimongal,2011,1,26,18,18,18.7,16.2
Srimongal,2011,1,27,18.8,18.35,19,16.4
Srimongal,2011,1,28,18.7,18.5,19.1,17
Srimongal,2011,1,29,17.9,18.3,19.15,15.1
Srimongal,2011,1,30,18,18,19,14.8
Srimongal,2011,2,31,18.6,18.7,19.2,16
Srimongal,2011,2,1,19.35,19.15,19.5,18.2
Srimongal,2011,2,2,19.3,19,19.6,17.1
Srimongal,2011,2,3,19.5,19.25,19.7,17.4
Srimongal,2011,2,4,19.55,19.7,19.9,18.1
Srimongal,2011,2,5,20.2,19.5,20.15,18.8
Srimongal,2011,2,6,20.7,20.3,20.5,19
Srimongal,2011,2,7,20.95,20.7,20.85,19.1
Srimongal,2011,2,8,21.3,21.5,20.8,19
Srimongal,2011,2,9,21.55,21,21.2,20.1
Srimongal,2011,2,10,20.85,20.9,21.25,20.1
Srimongal,2011,2,11,20.2,20.2,20.9,17
Srimongal,2011,2,12,20.4,20.35,20.9,17.4
Srimongal,2011,2,13,20.5,20.4,21,17.4
Srimongal,2011,2,14,21.1,20.5,21,18.4
Srimongal,2011,2,15,22.5,21.5,21.5,20.6
Srimongal,2011,2,16,23.3,22.3,22.05,22.1
Srimongal,2011,2,17,23,22.8,22.3,23
Srimongal,2011,2,18,22.45,22.4,22.5,21.3
Srimongal,2011,2,19,22.4,22.2,22.4,19.5
Srimongal,2011,2,20,22.9,22.4,22.45,20.2
Srimongal,2011,2,21,22.3,22.3,22.65,21.7
Srimongal,2011,2,22,22.65,22.35,22.5,20
Srimongal,2011,2,23,22.3,22,22.4,18.9
Srimongal,2011,2,24,22.05,22.35,22.55,19.7
Srimongal,2011,2,25,23.05,22.7,22.6,20.2
Srimongal,2011,2,26,22.9,22.6,22.9,21.2
Srimongal,2011,2,27,23.3,22.9,23,20.7
Srimongal,2011,3,28,23.1,23.05,23.1,20.9
Srimongal,2011,3,1,24.6,22.4,22.9,19.1
Srimongal,2011,3,2,23.2,22.85,23,20
Srimongal,2011,3,3,23.85,23.25,23.2,20.9
Srimongal,2011,3,4,24.2,23.6,23.4,21.5
Srimongal,2011,3,5,25,24.2,23.8,22.8
Srimongal,2011,3,6,25.65,24.9,24.25,23.3
Srimongal,2011,3,7,25,24.4,24.2,22.7
Srimongal,2011,3,8,24.85,24.5,24.4,21.5
Srimongal,2011,3,9,25,24.65,24.4,21.5
Srimongal,2011,3,10,24.6,24.75,24.65,23
Srimongal,2011,3,11,25,24.5,24.7,23.7
Srimongal,2011,3,12,24.75,24.55,24.6,23.3
Srimongal,2011,3,13,25.1,24.5,24,22.8
Srimongal,2011,3,14,25.4,24.9,24.75,23.4
Srimongal,2011,3,15,25.5,25.05,24.8,23.7
Srimongal,2011,3,16,25.7,25.5,24.9,24
Srimongal,2011,3,17,25.7,25.15,25.1,24.6
Srimongal,2011,3,18,25.7,25.35,25.2,23.7
Srimongal,2011,3,19,25.9,25.4,25.2,25.2
Srimongal,2011,3,20,26.15,26.2,25.4,26
Srimongal,2011,3,21,27.2,26.25,25.65,26.3
Srimongal,2011,3,22,27.65,26.6,25.5,27.2
Srimongal,2011,3,23,28.25,27.1,26.3,26.2
Srimongal,2011,3,24,28.2,27.5,26.7,26.1
Srimongal,2011,3,25,28.5,27.55,26.9,25.3
Srimongal,2011,3,26,27.3,27.5,27,26.2
Srimongal,2011,3,27,26.2,26.25,26.55,23.3
Srimongal,2011,3,28,26.9,27.4,25.75,23.1
Srimongal,2011,3,29,26.2,26.5,26.35,24.2
Srimongal,2011,3,30,24.95,25.4,26.1,22.3
Srimongal,2011,4,31,23.2,24,24.7,20.8
Srimongal,2011,4,1,25.2,24.7,24.8,20.8
Srimongal,2011,4,2,26.1,25.65,25.45,24.9
Srimongal,2011,4,3,27.4,26.5,25.3,25.1
Srimongal,2011,4,4,28,26.9,26.05,26.6
Srimongal,2011,4,5,27.65,27.2,26.9,26.2
Srimongal,2011,4,6,27,26.5,26.5,24.3
Srimongal,2011,4,7,26.9,26.7,26.5,23.7
Srimongal,2011,4,8,27.7,27.2,26.8,24.9
Srimongal,2011,4,9,28,27.2,26.8,25.6
Srimongal,2011,4,10,27.5,27.4,27.25,26.3
Srimongal,2011,4,11,28.2,27.45,27,24.7
Srimongal,2011,4,12,28.3,27.4,27.4,26.1
Srimongal,2011,4,13,28.9,27.7,27.6,26
Srimongal,2011,4,14,28.65,28.5,28,26.8
Srimongal,2011,4,15,28.65,28.45,27.9,26
Srimongal,2011,4,16,29.35,29,28.2,26.1
Srimongal,2011,4,17,30.75,29.8,28.7,27.7
Srimongal,2011,4,18,31,30.3,29,28.7
Srimongal,2011,4,19,30.95,30.2,29.4,28.9
Srimongal,2011,4,20,29,29.5,29.4,26.9
Srimongal,2011,4,21,29.9,29.4,29.2,25.1
Srimongal,2011,4,22,30,29.6,29,27.4
Srimongal,2011,4,23,29.95,29.7,29.2,28.2
Srimongal,2011,4,24,29.4,29.6,29,27.7
Srimongal,2011,4,25,29.7,29.4,29,26.8
Srimongal,2011,4,26,29.8,29.6,29.2,27
Srimongal,2011,4,27,28.9,28.9,29,27.4
Srimongal,2011,4,28,27.65,28.4,28.8,25.1
Srimongal,2011,4,29,28.7,28.2,28.3,24.3
Srimongal,2011,5,30,29.9,28.6,28.5,27
Srimongal,2011,5,1,30.2,30.2,29.1,28.5
Srimongal,2011,5,2,30,29.45,29.2,28.2
Srimongal,2011,5,3,27.7,27.9,28.2,25.1
Srimongal,2011,5,4,26.8,26.8,27.65,23.7
Srimongal,2011,5,5,28.45,27.85,27.55,24
Srimongal,2011,5,6,28.9,28.5,28.2,26.6
Srimongal,2011,5,7,30.4,29.5,28.8,28.4
Srimongal,2011,5,8,30.55,29.45,29.25,28.2
Srimongal,2011,5,9,30.1,29.7,29.4,27.6
Srimongal,2011,5,10,30.3,29.6,29.25,27.1
Srimongal,2011,5,11,28.85,29.4,28.35,28
Srimongal,2011,5,12,29.1,28.7,28.8,24
Srimongal,2011,5,13,28.9,29,28.8,28.1
Srimongal,2011,5,14,29.25,28.7,28.45,25
Srimongal,2011,5,15,30.6,29.55,28.9,27.9
Srimongal,2011,5,16,30.5,29.9,29.35,29
Srimongal,2011,5,17,30.45,29.7,29.6,28.8
Srimongal,2011,5,18,27.7,28.2,28.9,28
Srimongal,2011,5,19,28.3,27.9,28.3,24.5
Srimongal,2011,5,20,28.8,28.4,28.35,25.7
Srimongal,2011,5,21,28.2,28.45,28.5,27.6
Srimongal,2011,5,22,27.2,27.1,27.6,25.1
Srimongal,2011,5,23,27.35,27.55,27.8,26
Srimongal,2011,5,24,26.9,27.3,27.75,24.2
Srimongal,2011,5,25,28.5,27.9,27.75,24.7
Srimongal,2011,5,26,30.25,28.85,28.3,26.4
Srimongal,2011,5,27,30.4,29,28.9,29.1
Srimongal,2011,5,28,30.4,29.6,29.2,28.6
Srimongal,2011,5,29,31,29.7,29.45,27.9
Srimongal,2011,5,30,29.8,29.5,29.4,28
Srimongal,2011,6,31,28.8,29.1,29.2,26
Srimongal,2011,6,1,29.85,29.1,28.9,25.3
Srimongal,2011,6,2,29.1,28.6,29.2,28.8
Srimongal,2011,6,3,29.9,28.7,28.8,25.1
Srimongal,2011,6,4,31,29.8,29.2,28.3
Srimongal,2011,6,5,30.9,30.2,29.6,29.5
Srimongal,2011,6,6,31.8,30.9,29.9,28.4
Srimongal,2011,6,7,31.7,31.3,30.2,30.3
Srimongal,2011,6,8,30.6,30.5,30.2,28.1
Srimongal,2011,6,9,29.85,29.45,29.95,27
Srimongal,2011,6,10,29,29.4,29.3,26.3
Srimongal,2011,6,11,27.7,28,28.7,27.4
Srimongal,2011,6,12,29.65,28.75,28.55,24.8
Srimongal,2011,6,13,30,29.2,29,29.3
Srimongal,2011,6,14,30.9,30.2,29.45,28.3
Srimongal,2011,6,15,30.95,30.1,29.95,29
Srimongal,2011,6,16,30.4,29.7,29.7,26.5
Srimongal,2011,6,17,30,29.9,29.8,28.8
Srimongal,2011,6,18,29.95,29.7,29.5,28.4
Srimongal,2011,6,19,30.7,29.9,29.6,28.6
Srimongal,2011,6,20,31.6,30.9,30.1,29.4
Srimongal,2011,6,21,31.55,30.95,30.35,29.5
Srimongal,2011,6,22,30.9,30.5,30.2,28.7
Srimongal,2011,6,23,30.95,30.7,30.3,28.7
Srimongal,2011,6,24,30.5,30.1,30.3,28.4
Srimongal,2011,6,25,30.5,30,30,27.3
Srimongal,2011,6,26,30.6,30.2,33,28.3
Srimongal,2011,6,27,30.1,30,30,28.3
Srimongal,2011,6,28,29.4,29.3,29.5,26.8
Srimongal,2011,6,29,29.1,29.1,29.4,26.8
Srimongal,2011,7,30,28.75,28.9,29.2,26.8
Srimongal,2011,7,1,28.5,28.5,28.2,26.4
Srimongal,2011,7,2,28.5,28.5,28.8,26.3
Srimongal,2011,7,3,28.8,28.5,28.6,26.9
Srimongal,2011,7,4,29.7,29,29,27.3
Srimongal,2011,7,5,29.75,29.5,29,26.8
Srimongal,2011,7,6,30.5,30,29.4,27.6
Srimongal,2011,7,7,30.35,29.9,29.6,28.2
Srimongal,2011,7,8,30.4,29.95,29.6,27.2
Srimongal,2011,7,9,30.3,30.1,29.3,27.3
Srimongal,2011,7,10,31.6,30.55,29.8,28.8
Srimongal,2011,7,11,32.25,31.3,30.25,29.6
Srimongal,2011,7,12,31.8,31,30.4,30.6
Srimongal,2011,7,13,30.8,30.5,30.05,27.6
Srimongal,2011,7,14,30.7,30.65,30.25,28.5
Srimongal,2011,7,15,30.6,30.4,30,27.5
Srimongal,2011,7,16,31.1,30.8,30.3,28.1
Srimongal,2011,7,17,31.25,30.8,30.25,27.8
Srimongal,2011,7,18,31,30.5,30.25,28.4
Srimongal,2011,7,19,30.6,30.3,30.25,27.9
Srimongal,2011,7,20,30.15,29.95,30.15,27.7
Srimongal,2011,7,21,30.1,29.9,29.9,27.9
Srimongal,2011,7,22,29.8,29.7,29.8,28.1
Srimongal,2011,7,23,30.5,29.95,29.8,27.1
Srimongal,2011,7,24,30.7,30.3,29.9,28.1
Srimongal,2011,7,25,31.55,30.7,30.2,28.4
Srimongal,2011,7,26,30.95,30.45,30.3,29.4
Srimongal,2011,7,27,30.6,30.5,30,27
Srimongal,2011,7,28,31.2,30.8,30.4,28.2
Srimongal,2011,7,29,31.9,31,30.5,28.7
Srimongal,2011,7,30,30.6,30.7,30.6,29.8
Srimongal,2011,7,31,31.55,30.7,30.3,28.1
Srimongal,2011,8,1,32,31.2,30.7,29.9
Srimongal,2011,8,2,32.1,31.6,31.3,30.6
Srimongal,2011,8,3,31.9,31.2,31,30.2
Srimongal,2011,8,4,31.45,31.2,31.05,29
Srimongal,2011,8,5,30.2,30.5,30.6,27.8
Srimongal,2011,8,6,30.9,30.6,30.4,27.2
Srimongal,2011,8,7,31.1,30.8,30.4,28.4
Srimongal,2011,8,8,29.8,30.7,30.3,27.8
Srimongal,2011,8,9,29.3,29.8,30,26.7
Srimongal,2011,8,10,28.85,29.1,29.55,25.7
Srimongal,2011,8,11,29.7,29.4,29.3,26.1
Srimongal,2011,8,12,31.4,30.4,29.8,28
Srimongal,2011,8,13,30.7,30.45,30.2,28.3
Srimongal,2011,8,14,30.1,30.3,30,27.7
Srimongal,2011,8,15,30.2,30.1,30.1,27.2
Srimongal,2011,8,16,28.6,29.1,29.2,27
Srimongal,2011,8,17,28.25,28.2,28.8,25
Srimongal,2011,8,18,28.2,28.5,28.6,25.7
Srimongal,2011,8,19,30.1,29.15,29,26.4
Srimongal,2011,8,20,31,30,29.35,28.8
Srimongal,2011,8,21,31,30.3,29.9,29.4
Srimongal,2011,8,22,30.9,30.2,29.95,28.1
Srimongal,2011,8,23,30.6,30,29.95,27.6
Srimongal,2011,8,24,29.4,29.8,29.7,27.9
Srimongal,2011,8,25,30.2,29.8,29.6,26.4
Srimongal,2011,8,26,30.4,29.6,29.6,27.5
Srimongal,2011,8,27,31.3,30.3,29.9,28.2
Srimongal,2011,8,28,30.6,30.4,30,28.3
Srimongal,2011,8,29,31.8,30.9,30.3,29.1
Srimongal,2011,8,30,31.6,31,30.3,29.8
Srimongal,2011,8,31,32,31.4,30.8,30
Srimongal,2011,9,1,31.4,30.8,30.5,28.1
Srimongal,2011,9,2,31.6,30.85,30.7,28.2
Srimongal,2011,9,3,31.5,30.8,30.6,28
Srimongal,2011,9,4,32.25,31.4,30.8,29
Srimongal,2011,9,5,31.9,31.5,31,30.2
Srimongal,2011,9,6,31.4,30.9,30.8,29
Srimongal,2011,9,7,30.7,30.6,30.75,27.6
Srimongal,2011,9,8,30.6,30.3,30.45,27.3
Srimongal,2011,9,9,30.6,30.6,30.3,27.7
Srimongal,2011,9,10,31.5,30.9,30.6,29.1
Srimongal,2011,9,11,31.5,30.75,30.65,28.8
Srimongal,2011,9,12,31.9,30.9,30.6,29.5
Srimongal,2011,9,13,32,31.7,31.05,31.2
Srimongal,2011,9,14,30.4,30.8,30.95,29.5
Srimongal,2011,9,15,30.1,30.2,30.3,26.9
Srimongal,2011,9,16,30,30.1,30.3,27.3
Srimongal,2011,9,17,29.3,29.8,30.05,27.1
Srimongal,2011,9,18,29.2,29.3,29.6,26.1
Srimongal,2011,9,19,30.4,30,29.8,27.7
Srimongal,2011,9,20,30.9,30.45,30,29
Srimongal,2011,9,21,29.5,30.2,30,28.4
Srimongal,2011,9,22,30.7,30.2,30.2,27.3
Srimongal,2011,9,23,30.6,30.35,30.2,28.3
Srimongal,2011,9,24,30.4,30.3,30.1,27.9
Srimongal,2011,9,25,30.5,30.2,30.2,27.6
Srimongal,2011,9,26,30.85,30.5,30.2,28.5
Srimongal,2011,9,27,29.8,30.1,30.1,28.4
Srimongal,2011,9,28,30.6,30.35,30.25,27.8
Srimongal,2011,9,29,30.85,30.5,30.3,28.1
Srimongal,2011,9,30,31.65,30,30.3,29.3
Srimongal,2011,10,1,31.2,30.8,30.5,29.5
Srimongal,2011,10,2,30,29.6,30.3,28.2
Srimongal,2011,10,3,30.25,30.1,30,27.2
Srimongal,2011,10,4,30.5,30.2,30.15,27.8
Srimongal,2011,10,5,30.5,30.3,30.1,28
Srimongal,2011,10,6,30.5,30.5,30.1,28.9
Srimongal,2011,10,7,30.8,30.6,30.25,28.7
Srimongal,2011,10,8,29.8,30.3,30.2,28.6
Srimongal,2011,10,9,30.5,30.3,30.2,27.8
Srimongal,2011,10,10,30.45,30.3,30.2,28.4
Srimongal,2011,10,11,29.7,30.1,30.05,28.7
Srimongal,2011,10,12,30.1,30.2,30.45,28.4
Srimongal,2011,10,13,29,29.9,29.85,27.5
Srimongal,2011,10,14,29.7,29.65,29.7,27.2
Srimongal,2011,10,15,29.5,29.4,29.6,27.4
Srimongal,2011,10,16,29.4,29.45,29.6,26.9
Srimongal,2011,10,17,29.5,29.3,29.5,26.9
Srimongal,2011,10,18,29.3,29.7,29.5,28.3
Srimongal,2011,10,19,29.35,29.4,29.45,27
Srimongal,2011,10,20,29.3,29.3,29.35,26.2
Srimongal,2011,10,21,29.2,29.4,29.3,28
Srimongal,2011,10,22,28.3,28.6,29.1,26.2
Srimongal,2011,10,23,28.6,28.6,28.8,24.9
Srimongal,2011,10,24,28,28.4,28.6,25.6
Srimongal,2011,10,25,28.1,28.5,28.7,25.3
Srimongal,2011,10,26,28.3,28.4,28.5,25.3
Srimongal,2011,10,27,27.4,27.9,28.3,25.2
Srimongal,2011,10,28,27.8,28.05,28.25,24.7
Srimongal,2011,10,29,27.5,27.8,28.1,24.5
Srimongal,2011,10,30,26.8,27.3,27.7,24.4
Srimongal,2011,10,31,26.65,27.1,27.7,23.8
Srimongal,2011,11,1,26.45,26.9,27.5,23.1
Srimongal,2011,11,2,25.5,26.5,27.2,22.5
Srimongal,2011,11,3,25.5,26.15,26.9,21.5
Srimongal,2011,11,4,25.3,25.7,26.5,21.5
Srimongal,2011,11,5,25,26.4,26.6,21.8
Srimongal,2011,11,6,25.25,25.7,26.35,22.1
Srimongal,2011,11,7,25.1,25.5,26.15,22.1
Srimongal,2011,11,8,24.8,25.2,26,21.5
Srimongal,2011,11,9,24.9,25.3,26.05,21.8
Srimongal,2011,11,10,24.5,25.2,25.85,21.8
Srimongal,2011,11,11,24.3,24.9,25.5,21.3
Srimongal,2011,11,12,24.7,25.1,25.65,21.5
Srimongal,2011,11,13,25,25.2,25.2,23
Srimongal,2011,11,14,24.4,24.9,25.4,21.4
Srimongal,2011,11,15,25.05,25.2,25.6,22.3
Srimongal,2011,11,16,24.35,24.9,25.5,21.7
Srimongal,2011,11,17,24,24.1,25.1,20.2
Srimongal,2011,11,18,24.2,24.5,25.2,20.6
Srimongal,2011,11,19,24,24.3,25.1,20.3
Srimongal,2011,11,20,23.8,24.4,25,20.2
Srimongal,2011,11,21,24.1,24.45,25,21.3
Srimongal,2011,11,22,24.1,24.35,25,21.3
Srimongal,2011,11,23,23,23.9,24.85,20.9
Srimongal,2011,11,24,23.5,24,24.55,20.1
Srimongal,2011,11,25,23.9,24.05,24.6,20.7
Srimongal,2011,11,26,23.5,23.8,24.5,21.2
Srimongal,2011,11,27,23.5,23.8,24.5,20.8
Srimongal,2011,11,28,23.15,23.5,24.3,19.8
Srimongal,2011,11,29,22.7,23.2,24.2,19.4
Srimongal,2011,11,30,23,23.25,24.05,19.9
Srimongal,2011,12,1,23.4,23.35,23.5,20.1
Srimongal,2011,12,2,22.8,23.3,23.9,20.2
Srimongal,2011,12,3,23.1,23.3,24.05,20.2
Srimongal,2011,12,4,24,23.8,24.1,21.3
Srimongal,2011,12,5,23.4,23.4,24.1,20.4
Srimongal,2011,12,6,23,23.3,23.9,20.2
Srimongal,2011,12,7,23.2,23.3,23.9,20.4
Srimongal,2011,12,8,23,22.9,23.8,20.2
Srimongal,2011,12,9,23,23.3,23.8,20.1
Srimongal,2011,12,10,23,23.2,23.9,20.9
Srimongal,2011,12,11,21.5,22.3,23.5,18
Srimongal,2011,12,12,21.4,21.95,23.15,17.2
Srimongal,2011,12,13,20.9,21.6,22.7,17
Srimongal,2011,12,14,20.2,21,22.3,16.7
Srimongal,2011,12,15,20.3,20.85,22.2,16.2
Srimongal,2011,12,16,19.6,20.15,21.8,14.1
Srimongal,2011,12,17,20.5,20.6,21,14.9
Srimongal,2011,12,18,20.2,20.5,21.7,16.2
Srimongal,2011,12,19,19.75,20.1,21.45,14.9
Srimongal,2011,12,20,20.25,20.15,21.3,14.7
Srimongal,2011,12,21,19.05,19.9,21.3,14.7
Srimongal,2011,12,22,19.3,19.5,20.8,14.2
Srimongal,2011,12,23,19.8,19.75,20.85,14.7
Srimongal,2011,12,24,19.2,19.4,20.75,14.9
Srimongal,2011,12,25,18.95,19.5,20.6,14.7
Srimongal,2011,12,26,19.2,20,20.7,15.8
Srimongal,2011,12,27,19.7,20.3,21,18.1
Srimongal,2011,12,28,20.95,20.9,21.4,19.8
Srimongal,2011,12,29,21.6,21.3,21.6,20.2
Srimongal,2011,12,30,20.7,21.5,21.6,18.8
Srimongal,2011,12,31,20.5,20.8,21.5,17.7
Srimongal,2012,1,1,21.05,21,21.55,17.6
Srimongal,2012,1,2,20.9,21,21.8,19.9
Srimongal,2012,1,3,20.7,20.75,21.45,17.2
Srimongal,2012,1,4,20.45,20.75,21.4,17.4
Srimongal,2012,1,5,19.9,20.3,21.2,16.6
Srimongal,2012,1,6,19.55,19.9,21.05,16.2
Srimongal,2012,1,7,20.3,20.2,21,16.8
Srimongal,2012,1,8,20.7,20.6,21.2,18.5
Srimongal,2012,1,9,20.45,20.8,21.45,19.5
Srimongal,2012,1,10,19.7,19.9,21.1,16.9
Srimongal,2012,1,11,20.8,20.3,21,16.8
Srimongal,2012,1,12,20.35,20.7,21.45,19.6
Srimongal,2012,1,13,19.5,20,21.1,15.7
Srimongal,2012,1,14,18.15,19.1,20.45,12.9
Srimongal,2012,1,15,18.55,19.05,20.15,13.8
Srimongal,2012,1,16,18.2,18.85,20,13.7
Srimongal,2012,1,17,18.3,18.7,19.8,14.2
Srimongal,2012,1,18,19.7,19.3,20,15.6
Srimongal,2012,1,19,20.1,20.1,20.3,18.1
Srimongal,2012,1,20,20.1,20.2,20.6,18.6
Srimongal,2012,1,21,20.4,20.35,20.8,17.9
Srimongal,2012,1,22,19.3,19.75,20.55,15.7
Srimongal,2012,1,23,18.5,19,20.2,13.1
Srimongal,2012,1,24,18.7,18.9,19.9,14
Srimongal,2012,1,25,18.35,18.85,19.85,14.5
Srimongal,2012,1,26,18.2,18.7,19.5,14.1
Srimongal,2012,1,27,19.1,18.8,19.6,14.8
Srimongal,2012,1,28,18.85,19.15,20,15.8
Srimongal,2012,1,29,19.1,19.15,19.8,14.9
Srimongal,2012,1,30,19.25,19.25,19.9,15.2
Srimongal,2012,1,31,19.25,19.35,19.95,15.6
Srimongal,2012,2,1,18.9,19.1,19.9,15.3
Srimongal,2012,2,2,19.05,19.1,19.9,15.7
Srimongal,2012,2,3,19.05,19.2,19.85,15.1
Srimongal,2012,2,4,19.1,19.2,19.8,15.8
Srimongal,2012,2,5,19.9,19.8,20.1,16.8
Srimongal,2012,2,6,19.65,20.05,20.25,17.3
Srimongal,2012,2,7,20.6,20.2,20.3,17.9
Srimongal,2012,2,8,20.5,20.3,20.6,18.2
Srimongal,2012,2,9,21.85,21.1,21,18.7
Srimongal,2012,2,10,21.7,21.8,21.2,22.7
Srimongal,2012,2,11,21.05,21.25,21.4,17.6
Srimongal,2012,2,12,20.1,20.65,21.15,15.3
Srimongal,2012,2,13,19.8,19.85,20.9,15.2
Srimongal,2012,2,14,20.7,20.3,21,16.4
Srimongal,2012,2,15,22,21.4,21.35,18.5
Srimongal,2012,2,16,21.7,21.3,21.4,19.9
Srimongal,2012,2,17,22.5,21.7,21.7,21.2
Srimongal,2012,2,18,22.45,22,21.85,20.3
Srimongal,2012,2,19,22.2,21.6,21.4,19.8
Srimongal,2012,2,20,22,21.8,21.9,18.4
Srimongal,2012,2,21,22.4,22.15,22.05,18.6
Srimongal,2012,2,22,22.85,22,22.1,19.2
Srimongal,2012,2,23,23.3,22.6,22.3,20.6
Srimongal,2012,2,24,24.15,23.2,22.9,22.1
Srimongal,2012,2,25,24.1,23.7,23.05,22.3
Srimongal,2012,2,26,24.05,23.7,23.25,21.7
Srimongal,2012,2,27,23.9,23.6,23.25,21.2
Srimongal,2012,2,28,23.1,23,23.1,19.3
Srimongal,2012,2,29,23.45,23,23.1,20
Srimongal,2012,3,1,24.05,23.15,23.05,19.4
Srimongal,2012,3,2,24.55,23.4,23.45,22.7
Srimongal,2012,3,3,23.6,24,23.6,22.8
Srimongal,2012,3,4,24.15,23.9,23.5,22
Srimongal,2012,3,5,25,24.1,23.8,21.4
Srimongal,2012,3,6,26.4,25.5,24.5,23.9
Srimongal,2012,3,7,27.3,26.4,25.05,26.9
Srimongal,2012,3,8,26.9,26.3,25.2,26.4
Srimongal,2012,3,9,26.65,25.9,25.4,24.7
Srimongal,2012,3,10,26.9,26.3,25.4,24.6
Srimongal,2012,3,11,26.7,26,25.4,23.9
Srimongal,2012,3,12,26.35,25.85,25.3,22.6
Srimongal,2012,3,13,26.2,25.7,25.25,21.6
Srimongal,2012,3,14,27.2,26,25.2,24
Srimongal,2012,3,15,27,31.5,31.25,23.5
Srimongal,2012,3,16,25.2,25.9,25.5,21.7
Srimongal,2012,3,17,25.4,25.8,25.5,21.8
Srimongal,2012,3,18,25,25.4,24.95,23.3
Srimongal,2012,3,19,26.1,25.6,25.35,22.9
Srimongal,2012,3,20,27.2,26.6,25.75,25.8
Srimongal,2012,3,21,27.9,27.1,26,26.8
Srimongal,2012,3,22,28.35,27.7,26.6,27.5
Srimongal,2012,3,23,28.7,28.4,27,28.8
Srimongal,2012,3,24,28,27.8,27,25.1
Srimongal,2012,3,25,27.7,27.4,26.9,25
Srimongal,2012,3,26,28.95,28,27,26.1
Srimongal,2012,3,27,29.2,28.4,27.3,27.5
Srimongal,2012,3,28,29.65,29.2,27.75,28.3
Srimongal,2012,3,29,30.3,29.3,28,27.8
Srimongal,2012,3,30,31.3,30,28.4,29.4
Srimongal,2012,3,31,31.4,30.6,28.85,29.1
Srimongal,2012,4,1,30.7,30,28.85,27.2
Srimongal,2012,4,2,30.1,29.5,28.7,27.2
Srimongal,2012,4,3,30.7,30.1,28.85,27.1
Srimongal,2012,4,4,30.45,30.05,28.9,28.4
Srimongal,2012,4,5,29.2,29.4,28.75,26.6
Srimongal,2012,4,6,26.7,27.8,28.3,27.7
Srimongal,2012,4,7,24.75,25.65,26.9,20.8
Srimongal,2012,4,8,23.2,24,26.2,20.8
Srimongal,2012,4,9,22.7,23.45,24.7,19.6
Srimongal,2012,4,10,22.4,23.2,24.25,19.8
Srimongal,2012,4,11,24.1,23.6,24,20
Srimongal,2012,4,12,25.35,24.9,25,24.1
Srimongal,2012,4,13,25.8,25.1,25,23
Srimongal,2012,4,14,27.3,26.4,25.5,24.2
Srimongal,2012,4,15,28.5,27.5,26.35,27.2
Srimongal,2012,4,16,28.3,27.8,26.85,27.4
Srimongal,2012,4,17,28.2,28.3,27.2,26.2
Srimongal,2012,4,18,28.45,28.4,27.55,27.4
Srimongal,2012,4,19,29.2,28.9,28,28.2
Srimongal,2012,4,20,29.4,28.7,28.1,28.1
Srimongal,2012,4,21,30.05,29.35,28.3,27.4
Srimongal,2012,4,22,30.3,29.7,28.6,29.4
Srimongal,2012,4,23,30.25,29.6,28.8,29.6
Srimongal,2012,4,24,30.85,29.95,29,29.9
Srimongal,2012,4,25,30.1,29.7,29.1,28.3
Srimongal,2012,4,26,29.5,29.5,28.9,28.2
Srimongal,2012,4,27,29.45,29.8,29,27.6
Srimongal,2012,4,28,29.1,29,28.75,26.9
Srimongal,2012,4,29,28.4,28.2,28.3,26.1
Srimongal,2012,4,30,28.6,28.5,28.35,27.1
Srimongal,2012,5,1,27.4,27.6,27.9,24.6
Srimongal,2012,5,2,27,27,27.4,23.4
Srimongal,2012,5,3,28.7,28.05,27.5,24.3
Srimongal,2012,5,4,27.9,28.2,28.05,27.6
Srimongal,2012,5,5,28.6,28.4,27.7,24.3
Srimongal,2012,5,6,29.75,29.1,28.25,27
Srimongal,2012,5,7,29.8,29.4,28.55,27.8
Srimongal,2012,5,8,30.2,29.4,28.6,27.6
Srimongal,2012,5,9,31.2,30.35,29.2,29.1
Srimongal,2012,5,10,31.5,30.7,29.4,29.2
Srimongal,2012,5,11,31.75,30.7,29.6,29.7
Srimongal,2012,5,12,31.2,30.5,29.95,29.5
Srimongal,2012,5,13,30.15,30,29.55,27.1
Srimongal,2012,5,14,28.5,29,29,27.2
Srimongal,2012,5,15,29.45,29.15,29,26.6
Srimongal,2012,5,16,28.75,28.9,28.9,27.6
Srimongal,2012,5,17,29.3,29.2,28.85,26.8
Srimongal,2012,5,18,30.25,29.5,28.9,26.4
Srimongal,2012,5,19,29.8,29.7,29.2,29.1
Srimongal,2012,5,20,29.4,29.4,29.2,27.2
Srimongal,2012,5,21,31.1,30.3,29.35,27
Srimongal,2012,5,22,31.7,30.85,29.8,29.4
Srimongal,2012,5,23,31.5,30.9,30,30.3
Srimongal,2012,5,24,31.2,30.65,30.1,28.4
Srimongal,2012,5,25,31.9,31.05,30.2,29.5
Srimongal,2012,5,26,32.6,31.6,30.4,30.2
Srimongal,2012,5,27,32.15,31.5,30.7,30
Srimongal,2012,5,28,32,31.25,30.55,28.4
Srimongal,2012,5,29,32.3,32.1,30.6,29.2
Srimongal,2012,5,30,32.05,31.25,30.9,29.7
Srimongal,2012,5,31,32.2,31.6,30.9,29.3
Srimongal,2012,6,1,31.1,31.1,30.9,28.8
Srimongal,2012,6,2,30.15,30.2,30.3,27
Srimongal,2012,6,3,29.3,29.1,29.5,26
Srimongal,2012,6,4,28.55,28.75,29.25,27
Srimongal,2012,6,5,29.5,28.9,28.75,25.2
Srimongal,2012,6,6,29.7,29.3,29,28
Srimongal,2012,6,7,30,29.7,29.35,27.6
Srimongal,2012,6,8,30.35,29.6,29.4,26.2
Srimongal,2012,6,9,29.9,29.9,29.4,29.1
Srimongal,2012,6,10,30.4,30.05,29.55,27
Srimongal,2012,6,11,30.75,30,29.55,28.1
Srimongal,2012,6,12,30.5,30.4,29.8,28.4
Srimongal,2012,6,13,31.6,31,30.15,28.4
Srimongal,2012,6,14,31.5,31.1,30.4,30.3
Srimongal,2012,6,15,28.4,29.2,29.7,29.2
Srimongal,2012,6,16,26.8,27.35,28.3,24
Srimongal,2012,6,17,28.55,27.6,27.7,23.5
Srimongal,2012,6,18,30.1,29.6,28.6,27.4
Srimongal,2012,6,19,31,30.3,29.5,29.5
Srimongal,2012,6,20,31.45,30.5,29.8,28.7
Srimongal,2012,6,21,31.55,30.75,30.05,29.4
Srimongal,2012,6,22,31,30.5,30.1,29
Srimongal,2012,6,23,30.3,30.2,30.1,28
Srimongal,2012,6,24,29.1,29.6,29.6,27.2
Srimongal,2012,6,25,28.6,29,29.35,26.5
Srimongal,2012,6,26,28.7,28.6,28.9,26.6
Srimongal,2012,6,27,28.3,28.4,28.75,27.3
Srimongal,2012,6,28,28.8,28.3,28.55,25.1
Srimongal,2012,6,29,31.1,29.5,28.8,27.4
Srimongal,2012,6,30,31.3,30.4,29.5,29.7
Srimongal,2012,7,1,32,30.85,30.15,29.1
Srimongal,2012,7,2,31.9,31.35,30.3,29.3
Srimongal,2012,7,3,31.5,30.9,30.45,29
Srimongal,2012,7,4,31.1,30.8,30.4,27.8
Srimongal,2012,7,5,31.1,30.6,30.3,28.4
Srimongal,2012,7,6,31,30.6,30.3,28.9
Srimongal,2012,7,7,30.75,30.5,30.2,27.9
Srimongal,2012,7,8,31.1,30.65,30.2,28
Srimongal,2012,7,9,30.8,30.55,30.3,29.1
Srimongal,2012,7,10,30.8,30.35,30.25,28.2
Srimongal,2012,7,11,30.95,30.6,30.25,28.2
Srimongal,2012,7,12,30.7,31.3,30.1,28.5
Srimongal,2012,7,13,31.1,30.6,30.25,27.9
Srimongal,2012,7,14,30.75,30.5,30.3,28.5
Srimongal,2012,7,15,30.2,30,30.1,27.5
Srimongal,2012,7,16,30.55,30.2,30,27.5
Srimongal,2012,7,17,30.4,30.15,29.95,28.4
Srimongal,2012,7,18,29.8,29.85,29.8,27.7
Srimongal,2012,7,19,30.6,30.1,29.85,27.8
Srimongal,2012,7,20,31.7,30.65,30.1,28.3
Srimongal,2012,7,21,31.4,30.9,30.45,29.6
Srimongal,2012,7,22,30.85,30.75,30.55,28.2
Srimongal,2012,7,23,30.4,30.35,30.3,27.9
Srimongal,2012,7,24,30.7,30.4,30.2,27.5
Srimongal,2012,7,25,31.3,30.7,30.4,28.5
Srimongal,2012,7,26,31.5,30.7,30.45,29.7
Srimongal,2012,7,27,30.95,30.6,30.5,28.7
Srimongal,2012,7,28,30.95,30.6,30.45,27.7
Srimongal,2012,7,29,30.65,30.3,30.25,27.8
Srimongal,2012,7,30,30.75,30.9,30.25,27.7
Srimongal,2012,7,31,30.8,30.65,30.2,27.6
Srimongal,2012,8,1,30.8,30.5,30.35,28.6
Srimongal,2012,8,2,30.95,30.6,30.4,28.2
Srimongal,2012,8,3,31,30.55,30.45,28.4
Srimongal,2012,8,4,30.7,30.85,30.45,28.6
Srimongal,2012,8,5,30.8,30.7,30.5,28.9
Srimongal,2012,8,6,31.05,30.7,30.45,27.7
Srimongal,2012,8,7,31.65,30.9,30.55,28.2
Srimongal,2012,8,8,31.35,31,30.7,28.9
Srimongal,2012,8,9,32.1,31.3,30.75,28.5
Srimongal,2012,8,10,31.8,31.35,31,29.8
Srimongal,2012,8,11,31.8,31.3,30.9,28.3
Srimongal,2012,8,12,31.6,31.3,30.95,28.9
Srimongal,2012,8,13,31.1,31,30.9,27.6
Srimongal,2012,8,14,31.5,31.45,30.55,27.3
Srimongal,2012,8,15,30.9,30,30.3,28.6
Srimongal,2012,8,16,31.6,30.55,30.6,28.5
Srimongal,2012,8,17,31.9,31.2,30.8,29.5
Srimongal,2012,8,18,31.7,31.4,31,29.5
Srimongal,2012,8,19,32,31.6,31.2,29.6
Srimongal,2012,8,20,30.4,31.1,31,29
Srimongal,2012,8,21,29.7,30.2,30.55,26.8
Srimongal,2012,8,22,30.8,30.4,30.5,26.8
Srimongal,2012,8,23,30.2,29.9,30.4,28.8
Srimongal,2012,8,24,31.15,30.5,30.35,27.9
Srimongal,2012,8,25,31.45,30.9,30.6,29.5
Srimongal,2012,8,26,31.5,30.95,30.8,29.3
Srimongal,2012,8,27,30.9,30.5,30.45,27.4
Srimongal,2012,8,28,31.2,30.8,30.55,28.6
Srimongal,2012,8,29,31.2,31.1,30.6,29.1
Srimongal,2012,8,30,31.2,30.65,30.55,28.9
Srimongal,2012,8,31,31.2,30.8,30.5,28.1
Srimongal,2012,9,1,31.25,30.75,30.6,28.5
Srimongal,2012,9,2,31.25,30.9,30.7,29.6
Srimongal,2012,9,3,30.7,30.6,30.5,28.2
Srimongal,2012,9,4,30.65,30.1,30.35,27.2
Srimongal,2012,9,5,30.65,30.35,30.4,27.6
Srimongal,2012,9,6,30.3,30.05,30.3,27
Srimongal,2012,9,7,31.5,30.6,30.15,27.7
Srimongal,2012,9,8,32,31.25,30.55,30.2
Srimongal,2012,9,9,30.7,30.9,30.7,30.2
Srimongal,2012,9,10,31.3,30.5,30.45,26.5
Srimongal,2012,9,11,30.15,30.55,30.45,28.3
Srimongal,2012,9,12,30.4,30.1,30.2,27.3
Srimongal,2012,9,13,30.1,30,30.1,27.2
Srimongal,2012,9,14,29.9,30.2,29.95,27.6
Srimongal,2012,9,15,30.2,30,29.9,27.2
Srimongal,2012,9,16,29.7,29.75,29.8,27.7
Srimongal,2012,9,17,30,29.8,29.65,26.4
Srimongal,2012,9,18,30.6,30.15,29.8,27.1
Srimongal,2012,9,19,30.7,30.9,30.1,28.4
Srimongal,2012,9,20,31.1,30.5,30.25,28.4
Srimongal,2012,9,21,30.9,30.6,30.25,28.6
Srimongal,2012,9,22,30.6,30.5,30.15,27.8
Srimongal,2012,9,23,30.85,30.65,30.4,28.4
Srimongal,2012,9,24,30.7,30.6,30.25,28.8
Srimongal,2012,9,25,30.85,30.5,30.3,27.9
Srimongal,2012,9,26,31.2,30.7,30.4,28.4
Srimongal,2012,9,27,31.2,30.8,30.6,28.8
Srimongal,2012,9,28,31.1,30.9,30.5,28.9
Srimongal,2012,9,29,30.85,30.6,30.5,29.2
Srimongal,2012,9,30,29.8,30.3,30.2,28.3
Srimongal,2012,10,1,29.6,30.35,30.2,27.2
Srimongal,2012,10,2,28.9,29.5,29.9,26.3
Srimongal,2012,10,3,29.45,29.3,29.5,26.5
Srimongal,2012,10,4,28.2,28.8,29.3,27.1
Srimongal,2012,10,5,28.4,28.4,28.9,25.2
Srimongal,2012,10,6,28.6,28.7,28.8,25.7
Srimongal,2012,10,7,29.2,28.8,28.85,26.5
Srimongal,2012,10,8,29.95,29.45,29.2,27.9
Srimongal,2012,10,9,29,29.4,29.5,28.3
Srimongal,2012,10,10,29.3,29.2,29.15,26.3
Srimongal,2012,10,11,28.8,28.8,29.05,26.6
Srimongal,2012,10,12,28.1,28.2,28.7,25.1
Srimongal,2012,10,13,28.4,28.25,28.55,24.9
Srimongal,2012,10,14,28.35,28.35,28.5,25.5
Srimongal,2012,10,15,28.85,28.55,28.45,26
Srimongal,2012,10,16,28.8,28.7,28.5,26.9
Srimongal,2012,10,17,28.7,28.65,28.6,26.8
Srimongal,2012,10,18,29.2,28.95,28.7,27.1
Srimongal,2012,10,19,28.85,28.75,28.75,27.5
Srimongal,2012,10,20,28.85,28.85,28.7,27.2
Srimongal,2012,10,21,28.5,28.4,28.5,26.7
Srimongal,2012,10,22,28.15,28.35,28.55,26.5
Srimongal,2012,10,23,28,28.15,28.4,25.4
Srimongal,2012,10,24,27.6,27.95,28.3,25.3
Srimongal,2012,10,25,27.5,27.6,28.3,25.1
Srimongal,2012,10,26,26.7,27.1,27.85,24.4
Srimongal,2012,10,27,26.2,27,27.55,22.5
Srimongal,2012,10,28,27.1,26.9,27.4,23.8
Srimongal,2012,10,29,27.2,27.3,27.55,24.9
Srimongal,2012,10,30,27.7,27.7,27.65,25.6
Srimongal,2012,10,31,28.1,27.95,28,26.3
Srimongal,2012,11,1,27.7,27.7,28,26.3
Srimongal,2012,11,2,27.8,27.5,28,25.8
Srimongal,2012,11,3,27.3,27.7,28,26.1
Srimongal,2012,11,4,26.6,27.1,27.5,22.8
Srimongal,2012,11,5,26.2,26.5,27.2,22.9
Srimongal,2012,11,6,26.1,26.35,27.1,23.1
Srimongal,2012,11,7,26.6,26.7,27,23.2
Srimongal,2012,11,8,26.2,26.3,26.9,23.2
Srimongal,2012,11,9,25.95,26.25,26.8,22.6
Srimongal,2012,11,10,24.9,25.4,26.25,22
Srimongal,2012,11,11,23.6,24.75,26,20.7
Srimongal,2012,11,12,24.8,25,25.85,21.3
Srimongal,2012,11,13,25,25.1,25.75,22.1
Srimongal,2012,11,14,24.45,24.9,25.65,22.2
Srimongal,2012,11,15,23.65,24.3,25.3,20.5
Srimongal,2012,11,16,23.5,23.95,25,20.6
Srimongal,2012,11,17,23.7,24.1,25,21.2
Srimongal,2012,11,18,24.95,24.7,25.25,22.5
Srimongal,2012,11,19,25.1,25.05,25.3,23.8
Srimongal,2012,11,20,25.75,25.2,25.4,25
Srimongal,2012,11,21,25.75,25.85,25.5,24.9
Srimongal,2012,11,22,24.75,25,25.45,23.1
Srimongal,2012,11,23,23.3,24.1,25.25,20.1
Srimongal,2012,11,24,22.65,23.45,24.65,19.1
Srimongal,2012,11,25,22.6,23.05,24.3,18.9
Srimongal,2012,11,26,22,23.15,23.9,18.5
Srimongal,2012,11,27,21.6,22.2,23.55,17.7
Srimongal,2012,11,28,21.45,21.9,23.3,17.7
Srimongal,2012,11,29,21.65,21.9,23.15,18.1
Srimongal,2012,11,30,21.65,21.8,23.1,17.9
Srimongal,2012,12,1,21.65,21.7,23,18.4
Srimongal,2012,12,2,20.4,21.6,23,18.8
Srimongal,2012,12,3,21.2,21.6,22.65,18
Srimongal,2012,12,4,21.65,21.85,22.75,18.9
Srimongal,2012,12,5,21.5,21.7,22.7,18.9
Srimongal,2012,12,6,21.4,21.8,22.6,18.7
Srimongal,2012,12,7,21.25,21.7,22.55,18.1
Srimongal,2012,12,8,21.6,21.75,22.55,19
Srimongal,2012,12,9,21.1,21.3,22.25,18.3
Srimongal,2012,12,10,21.5,21.65,22.45,17.2
Srimongal,2012,12,11,21.5,21.65,22.35,17.3
Srimongal,2012,12,12,21.8,21.5,22.3,16.4
Srimongal,2012,12,13,21.5,21.6,22.4,18.4
Srimongal,2012,12,14,21.65,21.55,22.35,19.5
Srimongal,2012,12,15,21.5,21.5,22.3,18.8
Srimongal,2012,12,16,21.15,21.35,22.2,18.2
Srimongal,2012,12,17,20.1,20.7,22,17.2
Srimongal,2012,12,18,19.6,20.25,21.8,16.5
Srimongal,2012,12,19,21,20.9,21.8,16.6
Srimongal,2012,12,20,20.4,20.9,21.65,17.1
Srimongal,2012,12,21,20.25,20.4,21.6,16.1
Srimongal,2012,12,22,19.9,20.25,21.45,14.6
Srimongal,2012,12,23,19.9,20.2,21.1,13.7
Srimongal,2012,12,24,19.4,19.9,21,15.7
Srimongal,2012,12,25,18.9,19.55,20.9,14.8
Srimongal,2012,12,26,18.4,19.35,20.45,13.4
Srimongal,2012,12,27,17.9,18.6,20.2,13.3
Srimongal,2012,12,28,18,18.4,19.95,12.5
Srimongal,2012,12,29,18.6,18.95,19.9,13.8
Srimongal,2012,12,30,17.4,18.2,19.7,12.5
Srimongal,2012,12,31,17.95,18.25,19.55,11.6
Srimongal,2013,1,1,18.15,18.4,19.5,13.2
Srimongal,2013,1,2,18.2,18.75,19.6,13.6
Srimongal,2013,1,3,18.2,18.5,19.65,15.8
Srimongal,2013,1,4,18.55,18.8,19.6,16.2
Srimongal,2013,1,5,17.75,18.5,19.5,16.6
Srimongal,2013,1,6,17.75,18.35,19.45,15.2
Srimongal,2013,1,7,18.05,18.25,19.35,14.9
Srimongal,2013,1,8,18,18.5,19.45,16.1
Srimongal,2013,1,9,16.25,17.2,18.9,12.7
Srimongal,2013,1,10,15.9,16.65,18.4,8.5
Srimongal,2013,1,11,15.7,16.4,18,9.3
Srimongal,2013,1,12,16.2,16.55,18,9.4
Srimongal,2013,1,13,16.95,16.8,17.9,11.9
Srimongal,2013,1,14,16.8,16.95,18.1,13.9
Srimongal,2013,1,15,17.25,17.3,18.25,14.6
Srimongal,2013,1,16,17.6,17.6,18.4,15.4
Srimongal,2013,1,17,17.8,17.65,18.6,15.7
Srimongal,2013,1,18,18.6,18.3,19.1,16.7
Srimongal,2013,1,19,19,18.7,19.15,17.3
Srimongal,2013,1,20,19.3,18.8,19.4,17.7
Srimongal,2013,1,21,19.35,19,19.6,18.6
Srimongal,2013,1,22,18.7,18.75,19.45,15.9
Srimongal,2013,1,23,17.9,18.45,19.15,15.8
Srimongal,2013,1,24,18.2,18,19.15,16.1
Srimongal,2013,1,25,17.9,18.3,19.1,15.3
Srimongal,2013,1,26,17.4,17.7,18.9,13.7
Srimongal,2013,1,27,17.2,17,18.7,13.8
Srimongal,2013,1,28,17.8,17.7,18.6,13.7
Srimongal,2013,1,29,18.2,17.95,18.7,15.6
Srimongal,2013,1,30,18.5,18.35,19,16.7
Srimongal,2013,1,31,18.05,18.35,19,16
Srimongal,2013,2,1,19.1,19.1,19.4,16.8
Srimongal,2013,2,2,19.75,19.3,19.6,17.8
Srimongal,2013,2,3,20.65,20.5,20.05,19.5
Srimongal,2013,2,4,20.2,20.05,20.4,18.7
Srimongal,2013,2,5,20.7,20.3,20.4,18.6
Srimongal,2013,2,6,21.3,20.5,20.6,19.3
Srimongal,2013,2,7,21.55,20.95,21,20
Srimongal,2013,2,8,22.1,21.6,21.35,20.2
Srimongal,2013,2,9,22.65,22.1,21.7,21.9
Srimongal,2013,2,10,21.2,21.3,21.7,19.4
Srimongal,2013,2,11,21.15,21.15,21.45,18.1
Srimongal,2013,2,12,21.05,21.05,21.5,18.5
Srimongal,2013,2,13,22,21.6,21.6,19.9
Srimongal,2013,2,14,21.75,21.5,21.7,19.4
Srimongal,2013,2,15,21.6,21.5,21.7,19.2
Srimongal,2013,2,16,21.45,21.4,21.65,18.7
Srimongal,2013,2,17,21.9,22.1,22.05,21.3
Srimongal,2013,2,18,22.2,21.7,21.75,19.1
Srimongal,2013,2,19,21.3,21.25,21.5,18.1
Srimongal,2013,2,20,21,20.8,21.55,17.2
Srimongal,2013,2,21,21.5,21.3,21.6,19.1
Srimongal,2013,2,22,21.95,21.6,21.8,20.2
Srimongal,2013,2,23,22.45,22,22,20.8
Srimongal,2013,2,24,23.2,22.7,22.4,21.6
Srimongal,2013,2,25,23.6,22.85,22.6,21.5
Srimongal,2013,2,26,24.3,23.6,23.15,22
Srimongal,2013,2,27,24.4,23.9,23.3,21.6
Srimongal,2013,2,28,24.4,23.6,23.45,21.4
Srimongal,2013,3,1,24.1,23.7,23.5,21.8
Srimongal,2013,3,2,24.7,24.25,23.85,21.1
Srimongal,2013,3,3,24.2,24.15,23.75,21.6
Srimongal,2013,3,4,25,24.5,23.95,21.3
Srimongal,2013,3,5,25.15,24.75,24.1,22.1
Srimongal,2013,3,6,24.7,24.2,24.05,22.7
Srimongal,2013,3,7,25.25,24.85,24.3,21.7
Srimongal,2013,3,8,25.2,25,24.3,21.8
Srimongal,2013,3,9,25.25,24.9,24.4,22.8
Srimongal,2013,3,10,26.2,25.4,24.6,22.8
Srimongal,2013,3,11,25.4,25.5,24.85,23
Srimongal,2013,3,12,25.6,25.9,24.9,23.2
Srimongal,2013,3,13,27.4,26.65,25.55,24.6
Srimongal,2013,3,14,28,27.1,25.9,25.5
Srimongal,2013,3,15,27.6,27.2,26.2,25.3
Srimongal,2013,3,16,29.15,28,26.55,26.5
Srimongal,2013,3,17,28.6,27.9,26.75,27
Srimongal,2013,3,18,27.8,27.25,26.6,25.3
Srimongal,2013,3,19,28,27.55,26.8,23.2
Srimongal,2013,3,20,28.2,27.6,26.7,24.2
Srimongal,2013,3,21,28.7,28,27,24.8
Srimongal,2013,3,22,29.1,28.55,27.25,25.5
Srimongal,2013,3,23,29,28.3,27.4,26.3
Srimongal,2013,3,24,29,28.4,27.5,26.5
Srimongal,2013,3,25,28.8,28.3,27.45,26.3
Srimongal,2013,3,26,29.1,28.8,27.65,28.5
Srimongal,2013,3,27,28.9,28.6,27.7,29.3
Srimongal,2013,3,28,29.4,28.8,27.95,27.3
Srimongal,2013,3,29,28.45,28.65,27.9,27.1
Srimongal,2013,3,30,28.65,28.15,27.7,26.8
Srimongal,2013,3,31,29.25,28.65,27.8,27.6
Srimongal,2013,4,1,29.05,29.3,28.2,27
Srimongal,2013,4,2,28.8,28.7,28,26.6
Srimongal,2013,4,3,29,29.05,27.7,27.2
Srimongal,2013,4,4,29.85,29.25,28.4,26.8
Srimongal,2013,4,5,29.9,29.5,28.5,28.8
Srimongal,2013,4,6,29.1,29.05,28.35,26.4
Srimongal,2013,4,7,29.4,29,28.3,25.7
Srimongal,2013,4,8,29.55,29.4,28.4,27.9
Srimongal,2013,4,9,31.7,30.55,29.1,28.7
Srimongal,2013,4,10,30.9,30.1,29.55,29.4
Srimongal,2013,4,11,31.7,31,29.7,29.9
Srimongal,2013,4,12,32.6,31.2,30.05,30.2
Srimongal,2013,4,13,32.4,31.55,30.25,30.8
Srimongal,2013,4,14,31.55,31.2,30.1,30
Srimongal,2013,4,15,30.4,30.4,29.9,27.7
Srimongal,2013,4,16,27.4,28.5,29.05,25.2
Srimongal,2013,4,17,26.5,26.85,28.05,22.1
Srimongal,2013,4,18,31.65,27.3,27.55,23.5
Srimongal,2013,4,19,28.3,28,27.65,24.7
Srimongal,2013,4,20,27.7,28.2,27.9,27
Srimongal,2013,4,21,28.75,28.6,28.2,26.1
Srimongal,2013,4,22,27.45,27.95,28.1,26.7
Srimongal,2013,4,23,27.3,27.2,27.25,22.8
Srimongal,2013,4,24,28.75,28.3,27.7,25
Srimongal,2013,4,25,29.5,29,28.15,26.8
Srimongal,2013,4,26,29.6,29.4,28.6,27.5
Srimongal,2013,4,27,29.85,29.5,28.9,28
Srimongal,2013,4,28,27.9,28.2,28.35,26.3
Srimongal,2013,4,29,28.7,28,28,24.1
Srimongal,2013,4,30,29.2,28.7,28.2,26.7
Srimongal,2013,5,1,29.85,29.3,28.6,28.6
Srimongal,2013,5,2,28.9,28.7,28.5,28
Srimongal,2013,5,3,29.55,29.15,28.6,28.7
Srimongal,2013,5,4,27.6,28.1,28.3,27.8
Srimongal,2013,5,5,26.7,27.1,27.55,24
Srimongal,2013,5,6,25.9,26.55,27.2,24.2
Srimongal,2013,5,7,25.5,25.8,26.45,21.8
Srimongal,2013,5,8,26.3,26.2,26.2,23.1
Srimongal,2013,5,9,26.45,26.1,26.4,23.4
Srimongal,2013,5,10,26.3,26.3,26.35,24.5
Srimongal,2013,5,11,26.5,26.6,26.4,25.3
Srimongal,2013,5,12,26.6,26.75,26.75,25.1
Srimongal,2013,5,13,28.3,27.4,26.8,24.4
Srimongal,2013,5,14,28.7,28.3,27.3,27.5
Srimongal,2013,5,15,29.95,29.25,28.15,27.4
Srimongal,2013,5,16,26.6,27.5,27.85,27.4
Srimongal,2013,5,17,27.6,27,27.05,22.5
Srimongal,2013,5,18,27.85,28.05,27.5,27
Srimongal,2013,5,19,27.1,27.6,27.4,25.2
Srimongal,2013,5,20,28.35,27.7,27.5,26.7
Srimongal,2013,5,21,29.25,28.6,27.9,26.1
Srimongal,2013,5,22,29.7,29.05,28.25,27.5
Srimongal,2013,5,23,28.3,28.35,28.2,27.6
Srimongal,2013,5,24,29.2,28.4,28,26.5
Srimongal,2013,5,25,29.7,29,28.2,27.3
Srimongal,2013,5,26,31,29.75,28.5,28
Srimongal,2013,5,27,30.7,30.05,29.1,28.6
Srimongal,2013,5,28,30.8,30,29.2,27.6
Srimongal,2013,5,29,30.8,30.5,29.65,27.7
Srimongal,2013,5,30,30.3,30.1,29.55,28.3
Srimongal,2013,5,31,29.7,29.8,29.3,28.3
Srimongal,2013,6,1,29.7,29.7,29.1,27
Srimongal,2013,6,2,31.1,30.1,29.4,26.7
Srimongal,2013,6,3,31.8,30.85,29.75,29.2
Srimongal,2013,6,4,32,31.1,30.05,30.3
Srimongal,2013,6,5,30.7,30.6,30.2,29.9
Srimongal,2013,6,6,29.5,29.75,29.6,26.5
Srimongal,2013,6,7,29.75,29.85,29.6,28.9
Srimongal,2013,6,8,30.2,29.85,29.5,26.5
Srimongal,2013,6,9,30.35,29.9,29.45,27.5
Srimongal,2013,6,10,30.8,29.4,29.55,28.2
Srimongal,2013,6,11,31.8,30.8,30.05,29.1
Srimongal,2013,6,12,32,31.4,30.4,31.2
Srimongal,2013,6,13,31.85,31.25,30.5,30.5
Srimongal,2013,6,14,32.4,31.8,30.6,29.5
Srimongal,2013,6,15,32.1,31.5,30.7,28.4
Srimongal,2013,6,16,32.25,31.6,30.8,29.4
Srimongal,2013,6,17,32.25,31.6,30.9,29.7
Srimongal,2013,6,18,32.6,31.5,30.8,29.5
Srimongal,2013,6,19,32.5,31.5,30.9,30.5
Srimongal,2013,6,20,32.1,31.5,30.85,28
Srimongal,2013,6,21,32.65,32,30.9,30
Srimongal,2013,6,22,31.75,31.75,30.9,29.9
Srimongal,2013,6,23,32.75,31.95,31.15,29.5
Srimongal,2013,6,24,31.5,31.55,31.1,29.8
Srimongal,2013,6,25,31,31,31,28.9
Srimongal,2013,6,26,31.2,30.7,30.7,27.8
Srimongal,2013,6,27,30.6,30.4,30.3,28
Srimongal,2013,6,28,30.4,30.15,30.1,27.1
Srimongal,2013,6,29,30.6,30.3,30.2,28.2
Srimongal,2013,6,30,30.6,30.3,30.1,27.3
Srimongal,2013,7,1,30.95,30.7,30.1,28
Srimongal,2013,7,2,31.15,30.8,30.4,28.9
Srimongal,2013,7,3,31.5,30.8,30.1,28.1
Srimongal,2013,7,4,31.1,30.95,30.3,28.8
Srimongal,2013,7,5,31.25,31,30.5,28.2
Srimongal,2013,7,6,30.9,30.8,30.5,28.2
Srimongal,2013,7,7,31.6,30.75,30.25,27.7
Srimongal,2013,7,8,31.9,31.3,30.55,28.2
Srimongal,2013,7,9,31.6,31.4,30.7,29.2
Srimongal,2013,7,10,31.8,31.3,30.65,28.7
Srimongal,2013,7,11,31.3,31.1,30.75,29
Srimongal,2013,7,12,31.5,30.85,30.6,28.3
Srimongal,2013,7,13,31.15,30.8,30.5,28.5
Srimongal,2013,7,14,31.75,31.15,30.6,27.7
Srimongal,2013,7,15,32,31.4,30.7,28.8
Srimongal,2013,7,16,31.8,31.2,30.7,29.5
Srimongal,2013,7,17,31.45,31.2,30.9,28.6
Srimongal,2013,7,18,29.9,30.85,30.65,27.8
Srimongal,2013,7,19,31.1,30.65,30.45,27.1
Srimongal,2013,7,20,32,31.2,30.6,28.6
Srimongal,2013,7,21,32.4,31.55,30.9,29.6
Srimongal,2013,7,22,32.55,31.8,31.15,29.5
Srimongal,2013,7,23,32.9,32.3,31.4,30
Srimongal,2013,7,24,32.5,32,31.4,30.1
Srimongal,2013,7,25,31.5,31.6,31.2,29.4
Srimongal,2013,7,26,31.65,31.6,31.25,28.7
Srimongal,2013,7,27,30.3,31,31,28.4
Srimongal,2013,7,28,30.8,30.5,30.65,27.4
Srimongal,2013,7,29,30.85,30.75,30.65,27
Srimongal,2013,7,30,31.6,30.95,30.7,29
Srimongal,2013,7,31,30.8,30.6,30.6,27.9
Srimongal,2013,8,1,30.9,30.65,30.7,27.3
Srimongal,2013,8,2,31.7,31.45,30.7,28.4
Srimongal,2013,8,3,32.4,31.55,31,29.2
Srimongal,2013,8,4,32,31.8,31.15,28.7
Srimongal,2013,8,5,31.1,31,30.9,28.8
Srimongal,2013,8,6,30.5,30.6,30.45,26.7
Srimongal,2013,8,7,29.3,30.2,30.4,27.7
Srimongal,2013,8,8,30.4,30.1,28.4,26.6
Srimongal,2013,8,9,31.35,30.5,30.1,27.8
Srimongal,2013,8,10,30.95,30.7,30.4,28.9
Srimongal,2013,8,11,29.9,29.9,30,26.9
Srimongal,2013,8,12,26.7,30,29.9,26.7
Srimongal,2013,8,13,30.3,30.1,29.9,26.9
Srimongal,2013,8,14,29.95,29.9,29.8,27.7
Srimongal,2013,8,15,29,29.2,29.5,27.2
Srimongal,2013,8,16,29.2,29.2,29.35,26.1
Srimongal,2013,8,17,29.8,29.3,29.1,26.4
Srimongal,2013,8,18,30.45,29.7,29.3,27.9
Srimongal,2013,8,19,29.85,29.95,29.6,28.1
Srimongal,2013,8,20,29.5,29.75,29.6,26.7
Srimongal,2013,8,21,30.6,29.8,29.65,28.4
Srimongal,2013,8,22,31,30.5,29.95,28.1
Srimongal,2013,8,23,31.85,30.9,30.1,29.4
Srimongal,2013,8,24,31.05,30.3,30.15,29.2
Srimongal,2013,8,25,31.55,31,30.35,29.2
Srimongal,2013,8,26,31.5,30.9,30.55,29.1
Srimongal,2013,8,27,30.85,30.6,30.45,28.7
Srimongal,2013,8,28,30.5,30.35,30.3,27
Srimongal,2013,8,29,30.4,30.3,30.15,27.7
Srimongal,2013,8,30,30.25,30.1,30,27.6
Srimongal,2013,8,31,31,30.3,30,27.4
Srimongal,2013,9,1,31.05,30.6,30.2,29
Srimongal,2013,9,2,30.55,30.15,30.15,28.7
Srimongal,2013,9,3,30.15,30.2,30.15,27.1
Srimongal,2013,9,4,29.9,29.85,29.9,27
Srimongal,2013,9,5,29.45,29.3,29.55,27
Srimongal,2013,9,6,29.55,29.5,29.55,26.2
Srimongal,2013,9,7,30.7,30.1,29.6,28.2
Srimongal,2013,9,8,30.5,30.1,30.2,28.4
Srimongal,2013,9,9,29.7,29.8,30.2,27.1
Srimongal,2013,9,10,29.95,29.5,29.6,26.2
Srimongal,2013,9,11,29.9,29.7,29.6,27.6
Srimongal,2013,9,12,30.3,30.1,29.65,26.4
Srimongal,2013,9,13,31.25,30.5,29.9,28.9
Srimongal,2013,9,14,30.9,30.6,30.05,30.1
Srimongal,2013,9,15,30.7,30.3,30,27.7
Srimongal,2013,9,16,31.5,30.8,30.05,28.7
Srimongal,2013,9,17,30.3,30.2,29.8,28.3
Srimongal,2013,9,18,30.9,30.4,30.1,28.7
Srimongal,2013,9,19,31.3,30.6,30.1,28.2
Srimongal,2013,9,20,31,30.5,30.1,29.4
Srimongal,2013,9,21,31.6,30.8,30.4,28.8
Srimongal,2013,9,22,31.2,30.95,30.45,29.6
Srimongal,2013,9,23,31.6,30.7,30.45,28.6
Srimongal,2013,9,24,31.6,30.9,30.4,29.7
Srimongal,2013,9,25,30.9,30.4,30.4,28.9
Srimongal,2013,9,26,30.65,30.45,30.25,27.6
Srimongal,2013,9,27,30.4,29.9,29.9,28.3
Srimongal,2013,9,28,30.25,29.8,29.75,27
Srimongal,2013,9,29,29.65,29.8,29.85,27.7
Srimongal,2013,9,30,28.8,29.05,29.55,26.6
Srimongal,2013,10,1,29.65,29.15,29.15,27.8
Srimongal,2013,10,2,30.65,30,29.45,29.7
Srimongal,2013,10,3,30.65,30.4,29.65,28
Srimongal,2013,10,4,29.7,30,29.9,26
Srimongal,2013,10,5,29.1,29.25,29.5,25.8
Srimongal,2013,10,6,27.6,28.4,28.95,24.6
Srimongal,2013,10,7,27.85,27.8,28.45,26.4
Srimongal,2013,10,8,28.6,28.7,28.6,25.9
Srimongal,2013,10,9,27.8,28.2,28.5,25
Srimongal,2013,10,10,28.7,28.5,28.45,26.6
Srimongal,2013,10,11,29.35,29,28.7,27.3
Srimongal,2013,10,12,29.65,29.3,29,28.5
Srimongal,2013,10,13,28.8,28.9,29.1,27
Srimongal,2013,10,14,29.5,29.5,29.25,27.3
Srimongal,2013,10,15,29.4,29.3,29.1,27.7
Srimongal,2013,10,16,29.3,29.25,29.2,27.9
Srimongal,2013,10,17,30,29.9,29.4,28.4
Srimongal,2013,10,18,30.2,29.85,29.3,28
Srimongal,2013,10,19,29.6,30.1,29.45,27.8
Srimongal,2013,10,20,28.7,29.5,29.5,25.1
Srimongal,2013,10,21,27.7,28.1,28.6,24.4
Srimongal,2013,10,22,27.85,27.85,28.25,24.5
Srimongal,2013,10,23,28.4,28.2,28.25,25.6
Srimongal,2013,10,24,28.1,28.1,28.15,26.1
Srimongal,2013,10,25,27.5,28.05,28.1,24.4
Srimongal,2013,10,26,26.95,27.45,27.95,23
Srimongal,2013,10,27,27,27.1,27.4,24.7
Srimongal,2013,10,28,27.2,27.5,27.4,25
Srimongal,2013,10,29,27.5,27.35,27.55,24.8
Srimongal,2013,10,30,27.2,27.2,27.55,23.4
Srimongal,2013,10,31,25.95,26.85,27.25,22.6
Srimongal,2013,11,1,25.9,26.3,26.95,22
Srimongal,2013,11,2,25.8,25.8,26.65,22.5
Srimongal,2013,11,3,25.7,26.05,26.45,22.8
Srimongal,2013,11,4,25.5,25.7,26.3,22.9
Srimongal,2013,11,5,25.6,25.8,26.3,22.5
Srimongal,2013,11,6,25.2,25.5,26.1,22.4
Srimongal,2013,11,7,25.15,25.4,26,22.2
Srimongal,2013,11,8,25.15,25.4,26,21.8
Srimongal,2013,11,9,24.8,24.9,25.6,22
Srimongal,2013,11,10,24.2,24.3,25.4,21.8
Srimongal,2013,11,11,24.35,24.6,25.35,21.5
Srimongal,2013,11,12,24.2,24.4,25.15,20.8
Srimongal,2013,11,13,24.1,24.3,25,20.9
Srimongal,2013,11,14,23.4,23.9,24.8,20.6
Srimongal,2013,11,15,23.1,23.65,24.5,20.9
Srimongal,2013,11,16,23.15,23.5,24.4,21
Srimongal,2013,11,17,23,23.4,24.3,20.5
Srimongal,2013,11,18,23.2,23.5,24.1,20.4
Srimongal,2013,11,19,22.6,23,23.95,20.3
Srimongal,2013,11,20,22.7,23.05,23.85,19.7
Srimongal,2013,11,21,22.25,22.7,23.6,19.4
Srimongal,2013,11,22,21.8,22.4,23.4,19.1
Srimongal,2013,11,23,21,22,23.2,18.2
Srimongal,2013,11,24,21.5,21.9,22.95,18.8
Srimongal,2013,11,25,21.3,21.55,22.75,18.8
Srimongal,2013,11,26,21.9,22.15,22.8,19.5
Srimongal,2013,11,27,21.8,22.15,22.75,20.6
Srimongal,2013,11,28,22.3,21.95,22.85,22.4
Srimongal,2013,11,29,23,23.05,23.3,20.8
Srimongal,2013,11,30,22.55,22.8,23.3,20.5
Srimongal,2013,12,1,22.6,22.75,23.15,20.4
Srimongal,2013,12,2,22.7,22.75,23.25,20.7
Srimongal,2013,12,3,22.8,22.8,23.3,21
Srimongal,2013,12,4,22.95,22.9,23.35,21.2
Srimongal,2013,12,5,22.8,22.95,23.35,20.7
Srimongal,2013,12,6,22.8,22.9,23.35,20.8
Srimongal,2013,12,7,22.8,22.85,23.3,20.7
Srimongal,2013,12,8,22.75,22.85,23.35,20.2
Srimongal,2013,12,9,22.65,22.65,23.25,20.1
Srimongal,2013,12,10,22.5,22.5,23,20
Srimongal,2013,12,11,22.2,22.55,23,18.9
Srimongal,2013,12,12,21.3,21.75,22.65,17.8
Srimongal,2013,12,13,20.7,21.5,22.3,16.5
Srimongal,2013,12,14,20.2,20.95,22.2,15.8
Srimongal,2013,12,15,20.1,20.6,21.8,16.2
Srimongal,2013,12,16,19.7,20.45,21.45,15.6
Srimongal,2013,12,17,18.95,19.75,21.2,14.8
Srimongal,2013,12,18,18.5,19.3,21.25,15.5
Srimongal,2013,12,19,18.9,19.4,20.7,17.2
Srimongal,2013,12,20,19.7,19.95,20.8,17.6
Srimongal,2013,12,21,20.9,20.7,21.1,17.7
Srimongal,2013,12,22,20.2,20.4,21.1,16.4
Srimongal,2013,12,23,18.8,19.7,21.1,15.1
Srimongal,2013,12,24,19.4,19.55,20.5,17.1
Srimongal,2013,12,25,19,19.55,20.6,15.2
Srimongal,2013,12,26,18.75,19.35,20.4,13.6
Srimongal,2013,12,27,18.7,18.9,20.2,13.9
Srimongal,2013,12,28,19,19,20.15,15.2
Srimongal,2013,12,29,18.65,19.05,20.05,15.1
Srimongal,2013,12,30,19.7,19.4,20.1,15.3
Srimongal,2013,12,31,19.25,19.4,20.25,13.5
Srimongal,2014,1,1,18.55,18.95,20.05,15.2
Srimongal,2014,1,2,18.9,19.2,20,15.8
Srimongal,2014,1,3,18.3,18.8,20,15
Srimongal,2014,1,4,18.3,18.75,19.9,14.4
Srimongal,2014,1,5,18.65,18.6,19.6,13.8
Srimongal,2014,1,6,18.05,18.45,19.55,14.6
Srimongal,2014,1,7,18.55,18.7,19.45,14.9
Srimongal,2014,1,8,19.1,19.05,19.55,13.9
Srimongal,2014,1,9,17.75,18.45,19.5,12.2
Srimongal,2014,1,10,17.75,18,19.2,12.9
Srimongal,2014,1,11,18.3,18.1,19.1,17
Srimongal,2014,1,12,19.75,19.4,19.55,17.6
Srimongal,2014,1,13,19.35,19.4,19.8,16.4
Srimongal,2014,1,14,18.45,19.25,19.8,16.8
Srimongal,2014,1,15,19.3,19.35,20,16.7
Srimongal,2014,1,16,20.05,19.75,20,16.1
Srimongal,2014,1,17,19.8,19.65,20.1,16.6
Srimongal,2014,1,18,19.9,19.7,20.1,19.8
Srimongal,2014,1,19,20.65,20.5,20.5,19.2
Srimongal,2014,1,20,20.3,20.4,20.7,16.7
Srimongal,2014,1,21,19.5,19.55,20.55,16.4
Srimongal,2014,1,22,20,20.25,20.45,18.2
Srimongal,2014,1,23,20,20.2,20.4,18.7
Srimongal,2014,1,24,20.15,20.35,20.6,18.6
Srimongal,2014,1,25,20.6,20.5,20.8,17.4
Srimongal,2014,1,26,20.1,20.3,20.8,16.5
Srimongal,2014,1,27,19.7,20,20.55,17.2
Srimongal,2014,1,28,19.9,19.95,20.6,13.3
Srimongal,2014,1,29,19.25,19.15,20.1,15.9
Srimongal,2014,1,30,18.85,19.5,20.1,16.9
Srimongal,2014,1,31,19.7,19.75,20.2,18
Srimongal,2014,2,1,20.25,20.2,20.4,17
Srimongal,2014,2,2,20.05,19.9,20.4,16.1
Srimongal,2014,2,3,19.4,19.65,20.3,14.6
Srimongal,2014,2,4,18.9,19.4,20.1,14
Srimongal,2014,2,5,19.35,19.4,20,16
Srimongal,2014,2,6,19.85,19.75,20,18
Srimongal,2014,2,7,19.2,20.2,20.35,18.2
Srimongal,2014,2,8,21,20.6,20.5,21
Srimongal,2014,2,9,22.2,21.6,21.25,21.2
Srimongal,2014,2,10,22.05,21.75,21.5,19.8
Srimongal,2014,2,11,21.55,21.65,21.5,19.7
Srimongal,2014,2,12,21,22.55,22.55,18.1
Srimongal,2014,2,13,20.65,20.95,21.65,17.8
Srimongal,2014,2,14,20.9,21.15,21.35,17.3
Srimongal,2014,2,15,20,20.5,21.15,16.8
Srimongal,2014,2,16,20,20.25,21,18.2
Srimongal,2014,2,17,20.1,20.3,20.9,15.8
Srimongal,2014,2,18,19.2,19.65,20.35,14.6
Srimongal,2014,2,19,19.6,20,20.3,18
Srimongal,2014,2,20,20.5,20.4,20.45,18.2
Srimongal,2014,2,21,19.75,20.6,20.7,18.1
Srimongal,2014,2,22,21,21,20.4,18.6
Srimongal,2014,2,23,21.35,21.2,21.25,19.7
Srimongal,2014,2,24,22.1,21.75,21.4,20.2
Srimongal,2014,2,25,22.75,22.35,21.7,19.8
Srimongal,2014,2,26,22.35,22.35,22.05,19.6
Srimongal,2014,2,27,22.75,22.3,22.2,20.5
Srimongal,2014,2,28,22.6,22.5,22.35,19.1
Srimongal,2014,3,1,23.25,22.6,20.35,20.1
Srimongal,2014,3,2,22.9,22.8,22.45,20.7
Srimongal,2014,3,3,23,23,22.55,19.8
Srimongal,2014,3,4,23.55,23.2,23,21.2
Srimongal,2014,3,5,24,23.8,23.05,20
Srimongal,2014,3,6,23.3,23.2,23,19.1
Srimongal,2014,3,7,23.9,23.45,23.2,19.9
Srimongal,2014,3,8,23.4,23.5,23.15,18.5
Srimongal,2014,3,9,22.4,22.65,23,19.5
Srimongal,2014,3,10,23.9,23.45,23.2,21.6
Srimongal,2014,3,11,24.9,24.25,23.55,21.5
Srimongal,2014,3,12,24.7,23.9,23.6,22.1
Srimongal,2014,3,13,25.05,23.9,23.8,23.4
Srimongal,2014,3,14,25.85,25.25,24.1,23.4
Srimongal,2014,3,15,25.8,25.2,24.4,22.8
Srimongal,2014,3,16,25.9,25.4,24.6,23.9
Srimongal,2014,3,17,26,25.6,25.1,23.3
Srimongal,2014,3,18,26.2,25.95,25,24.4
Srimongal,2014,3,19,27.1,26.5,25.4,26.6
Srimongal,2014,3,20,26.05,26.1,25.4,23.3
Srimongal,2014,3,21,24.35,25.95,25.45,24.1
Srimongal,2014,3,22,26.7,26.7,23.45,24.2
Srimongal,2014,3,23,26.3,25.9,25.5,23.3
Srimongal,2014,3,24,25.5,25.9,25.5,22.9
Srimongal,2014,3,25,26,24.8,25.2,24.6
Srimongal,2014,3,26,26.4,25.8,25.8,26.1
Srimongal,2014,3,27,28,27.1,26.2,27.1
Srimongal,2014,3,28,28.7,27.8,26.6,28.3
Srimongal,2014,3,29,28.7,27.95,26.9,29.9
Srimongal,2014,3,30,28.75,28.15,27.2,29.5
Srimongal,2014,3,31,29.1,28.3,27.25,29.2
Srimongal,2014,4,1,29.35,28.8,27.5,28.3
Srimongal,2014,4,2,29.05,28.9,27.75,26.7
Srimongal,2014,4,3,29.1,28.8,28.7,27.6
Srimongal,2014,4,4,26.9,27.75,27.15,22
Srimongal,2014,4,5,27,27,26.75,25.1
Srimongal,2014,4,6,26.1,26.5,26.65,22.9
Srimongal,2014,4,7,27.15,26.6,26.4,26.1
Srimongal,2014,4,8,27.4,27.1,26.55,26.8
Srimongal,2014,4,9,27.15,27.1,26.8,24
Srimongal,2014,4,10,27.6,27.4,26.6,26
Srimongal,2014,4,11,28.2,27.9,27,26.3
Srimongal,2014,4,12,28,27.9,27.15,26.4
Srimongal,2014,4,13,28.35,27.4,27.4,26.8
Srimongal,2014,4,14,28.7,28.2,27.45,26.3
Srimongal,2014,4,15,28.55,28.05,27.45,26.9
Srimongal,2014,4,16,28.75,28.3,27.6,28.4
Srimongal,2014,4,17,29.3,28.65,27.95,28.6
Srimongal,2014,4,18,29.7,29,28.05,27.7
Srimongal,2014,4,19,29.6,29.1,28.1,28.4
Srimongal,2014,4,20,29.3,29.4,28.35,28.8
Srimongal,2014,4,21,30.5,29.7,28.55,27.4
Srimongal,2014,4,22,29.7,29.5,28.5,27.7
Srimongal,2014,4,23,29.85,29.45,28.65,27.8
Srimongal,2014,4,24,29.7,29.7,28.65,29.2
Srimongal,2014,4,25,30.3,30,28.8,29.4
Srimongal,2014,4,26,30.95,30.15,29.1,30
Srimongal,2014,4,27,31.6,30.7,29.4,29.5
Srimongal,2014,4,28,29.9,30.2,29.5,27.5
Srimongal,2014,4,29,30,30.1,29.2,26.4
Srimongal,2014,4,30,29.65,29.4,28.9,28.9
Srimongal,2014,5,1,29.9,29.9,29.25,26.4
Srimongal,2014,5,2,30.35,29.6,29.1,27.6
Srimongal,2014,5,3,29.2,29.65,29,25.2
Srimongal,2014,5,4,29.5,29,28.55,27.9
Srimongal,2014,5,5,28.8,29.25,28.8,26.2
Srimongal,2014,5,6,29.9,29.25,28.65,28.7
Srimongal,2014,5,7,28.55,29.1,28.9,24.4
Srimongal,2014,5,8,26.6,26.85,27.5,24.5
Srimongal,2014,5,9,27.15,27.3,27.45,30.1
Srimongal,2014,5,10,29,28.7,27.8,28.5
Srimongal,2014,5,11,28.4,28.3,28.2,25.6
Srimongal,2014,5,12,29.3,28.3,27.9,28.7
Srimongal,2014,5,13,29.65,29.1,28.4,28
Srimongal,2014,5,14,30.3,29.45,28.6,28.6
Srimongal,2014,5,15,30.05,29.7,28.9,26.6
Srimongal,2014,5,16,30.2,29.6,28.9,27.3
Srimongal,2014,5,17,30.65,29.8,29.15,29.2
Srimongal,2014,5,18,30.05,30.25,29.5,29
Srimongal,2014,5,19,31.4,30.45,29.6,29.4
Srimongal,2014,5,20,31.9,30.95,29.9,30.5
Srimongal,2014,5,21,31.95,32.1,30.1,30.2
Srimongal,2014,5,22,32.2,31.3,30.3,30.6
Srimongal,2014,5,23,32.6,29.5,30.5,30.2
Srimongal,2014,5,24,31.9,31.1,30.3,26.8
Srimongal,2014,5,25,30.4,30.5,30,27.9
Srimongal,2014,5,26,31.85,31.05,30.2,28.7
Srimongal,2014,5,27,31.7,31,30.25,28.3
Srimongal,2014,5,28,30.3,30.6,30.3,27.8
Srimongal,2014,5,29,30.85,30.55,30.1,27.6
Srimongal,2014,5,30,29.5,29.85,30,25.4
Srimongal,2014,5,31,29,29.5,29.5,25.9
Srimongal,2014,6,1,29.35,29.3,29.2,27.5
Srimongal,2014,6,2,29.6,29.5,29.2,27
Srimongal,2014,6,3,29.95,29.8,29.9,28
Srimongal,2014,6,4,30.85,30.25,29.6,28.7
Srimongal,2014,6,5,31.4,30.65,29.85,29.9
Srimongal,2014,6,6,32.15,31.3,30.3,30.7
Srimongal,2014,6,7,32.5,31.75,30.6,30.2
Srimongal,2014,6,8,32.4,31.6,30.85,29.4
Srimongal,2014,6,9,32.25,31.2,30.9,30
Srimongal,2014,6,10,31.6,31.65,30.9,28.7
Srimongal,2014,6,11,31.4,31.25,30.85,27.1
Srimongal,2014,6,12,31.05,30.75,30.55,28.5
Srimongal,2014,6,13,29.75,30,30.2,26.8
Srimongal,2014,6,14,31.2,31,29.9,30.7
Srimongal,2014,6,15,32.1,31.5,30.5,29.8
Srimongal,2014,6,16,31.65,31.05,30.5,28.3
Srimongal,2014,6,17,30.45,30.9,30.55,28.4
Srimongal,2014,6,18,31.35,30.95,30.55,27.6
Srimongal,2014,6,19,31.1,30.9,30.5,28
Srimongal,2014,6,20,30.25,30.4,30.25,26.8
Srimongal,2014,6,21,29.65,29.9,30.05,26.6
Srimongal,2014,6,22,29,29.25,29.5,25.6
Srimongal,2014,6,23,27.55,28.15,28.7,25.6
Srimongal,2014,6,24,28.65,28.1,27.75,27.3
Srimongal,2014,6,25,30.95,29.7,28.8,29.9
Srimongal,2014,6,26,30.9,30.35,30,27.1
Srimongal,2014,6,27,30.5,30,29.6,27.1
Srimongal,2014,6,28,30.3,30.05,29.7,28.4
Srimongal,2014,6,29,30.3,30.1,29.65,27.6
Srimongal,2014,6,30,31.15,30.25,29.75,28.5
Srimongal,2014,7,1,30.8,30.5,29.85,29.2
Srimongal,2014,7,2,31.4,31,30.2,29.9
Srimongal,2014,7,3,31.5,31.2,30.5,28.4
Srimongal,2014,7,4,30.4,30.65,30.4,28
Srimongal,2014,7,5,30.3,30.2,30.2,27.5
Srimongal,2014,7,6,30.65,30.3,30.05,28.5
Srimongal,2014,7,7,30.8,30.8,30.1,29.9
Srimongal,2014,7,8,30.75,30.8,30.4,28.2
Srimongal,2014,7,9,31.7,30.85,30.2,29.8
Srimongal,2014,7,10,32.15,31.5,30.55,30.3
Srimongal,2014,7,11,32.65,31.8,30.8,30.1
Srimongal,2014,7,12,33,32.25,31.2,29.8
Srimongal,2014,7,13,32.4,32.05,31.4,30.2
Srimongal,2014,7,14,32,31.6,31.4,29.1
Srimongal,2014,7,15,32.4,31.8,31.3,29.1
Srimongal,2014,7,16,31.25,31.2,31.1,27.6
Srimongal,2014,7,17,31.45,31.2,31,28.2
Srimongal,2014,7,18,31.7,31.25,30.9,29
Srimongal,2014,7,19,31.4,31.05,30.85,28.9
Srimongal,2014,7,20,31.7,31.6,31.2,29
Srimongal,2014,7,21,31.15,31,30.9,28
Srimongal,2014,7,22,31.25,30.7,30.6,29
Srimongal,2014,7,23,30.95,30.8,30.65,27.1
Srimongal,2014,7,24,31.6,30.75,30.45,29.3
Srimongal,2014,7,25,31.95,31.25,30.6,29.9
Srimongal,2014,7,26,32.7,31.9,30.8,29.5
Srimongal,2014,7,27,32.45,31.75,31.2,28.6
Srimongal,2014,7,28,32.05,32.05,31.1,28.1
Srimongal,2014,7,29,31.8,31.4,31.05,28.3
Srimongal,2014,7,30,32.6,31.6,31,29.5
Srimongal,2014,7,31,32.1,31.8,31.25,29.3
Srimongal,2014,8,1,31.75,31.7,31.25,29.4
Srimongal,2014,8,2,32.65,31.95,31.25,29.8
Srimongal,2014,8,3,31.8,31.7,31.3,28
Srimongal,2014,8,4,31.9,31.4,31.2,29.1
Srimongal,2014,8,5,31.85,31.4,31.1,28.6
Srimongal,2014,8,6,31.9,31.3,31.05,28.5
Srimongal,2014,8,7,32.1,31.6,31,29.2
Srimongal,2014,8,8,32.3,31.75,31.1,29
Srimongal,2014,8,9,32.5,32,31.35,29.7
Srimongal,2014,8,10,31.8,31.9,31.5,28.6
Srimongal,2014,8,11,31.5,31.35,31.25,28.4
Srimongal,2014,8,12,31.35,31.3,31.05,28.7
Srimongal,2014,8,13,30.85,30.95,30.9,27.5
Srimongal,2014,8,14,28.95,29.55,30.2,25.7
Srimongal,2014,8,15,28.4,28.5,29.15,26.5
Srimongal,2014,8,16,28.85,28.85,29.05,26.7
Srimongal,2014,8,17,29.8,29.3,29.3,27.7
Srimongal,2014,8,18,30.4,29.6,29.5,28.9
Srimongal,2014,8,19,29.9,30.1,29.75,26.9
Srimongal,2014,8,20,29.55,29.7,29.65,27.1
Srimongal,2014,8,21,29.95,29.7,29.6,27.7
Srimongal,2014,8,22,30.4,29.9,29.6,27.8
Srimongal,2014,8,23,30.3,30,29.6,27.8
Srimongal,2014,8,24,29.8,30,29.9,27
Srimongal,2014,8,25,29.7,29.7,29.7,26.5
Srimongal,2014,8,26,30.1,28.2,29.4,27.9
Srimongal,2014,8,27,30.6,30.1,29.6,28.7
Srimongal,2014,8,28,31.1,30.4,29.95,27.7
Srimongal,2014,8,29,30.7,30.4,30.05,29.2
Srimongal,2014,8,30,31.4,30.9,30.2,28.4
Srimongal,2014,8,31,31.2,30.75,30.4,28.1
Srimongal,2014,9,1,30.8,30.8,30.5,28.1
Srimongal,2014,9,2,31.75,30.95,30.45,28.8
Srimongal,2014,9,3,32.05,31.5,30.55,29.1
Srimongal,2014,9,4,31.6,31.2,30.9,27.9
Srimongal,2014,9,5,31.9,31.4,30.8,28.7
Srimongal,2014,9,6,32.15,31.5,30.8,28.7
Srimongal,2014,9,7,31.6,31.2,30.8,28.3
Srimongal,2014,9,8,31.8,31.3,30.9,27.6
Srimongal,2014,9,9,31.4,31,30.75,28.2
Srimongal,2014,9,10,31.55,30.95,30.7,28.7
Srimongal,2014,9,11,31.7,31.2,30.8,27.5
Srimongal,2014,9,12,31.55,31,30.65,28.5
Srimongal,2014,9,13,31.15,31.05,30.6,28.6
Srimongal,2014,9,14,32,31.5,30.85,29.1
Srimongal,2014,9,15,31.15,30.8,30.8,25.9
Srimongal,2014,9,16,30.85,30.5,30.5,28.8
Srimongal,2014,9,17,32,31.3,30.6,29.8
Srimongal,2014,9,18,31,31,30.8,27.3
Srimongal,2014,9,19,29.65,29.8,30.2,26.1
Srimongal,2014,9,20,29.7,29.65,29.7,26.8
Srimongal,2014,9,21,29.6,29.6,29.7,26.6
Srimongal,2014,9,22,28.45,28.55,29.45,25.8
Srimongal,2014,9,23,28.25,28.25,28.7,25.8
Srimongal,2014,9,24,29.3,29,28.55,27.1
Srimongal,2014,9,25,29.5,29.35,29,27.2
Srimongal,2014,9,26,28.85,29.3,29.3,25.4
Srimongal,2014,9,27,28.9,28.6,28.55,26.1
Srimongal,2014,9,28,29.6,29.2,28.7,27.5
Srimongal,2014,9,29,30.3,29.8,29.25,27.7
Srimongal,2014,9,30,30.8,30.15,29.5,28.1
Srimongal,2014,10,1,30.1,29.6,29.1,28.1
Srimongal,2014,10,2,31.3,30.6,30,27.6
Srimongal,2014,10,3,31,30.6,29.95,27.7
Srimongal,2014,10,4,31,30.4,30.1,27.8
Srimongal,2014,10,5,31.2,31.1,30.2,28.4
Srimongal,2014,10,6,31.35,30.75,30.2,28.8
Srimongal,2014,10,7,31.4,30.85,30.35,27.8
Srimongal,2014,10,8,31.4,30.95,30.4,28
Srimongal,2014,10,9,31.55,30.95,30.4,28.7
Srimongal,2014,10,10,31.3,30.9,30.55,28.7
Srimongal,2014,10,11,30.35,30.4,30.3,25.7
Srimongal,2014,10,12,30.4,30.15,30,27.3
Srimongal,2014,10,13,30.35,30.2,29.95,27.2
Srimongal,2014,10,14,30.2,30.1,30,27.3
Srimongal,2014,10,15,30.2,30.3,30.1,26.3
Srimongal,2014,10,16,29.7,29.4,29.65,26.2
Srimongal,2014,10,17,29.9,29.65,29.5,25.5
Srimongal,2014,10,18,28.2,29.3,29.35,24.1
Srimongal,2014,10,19,28.55,28.7,29.1,24.7
Srimongal,2014,10,20,28.05,28.65,28.9,24.6
Srimongal,2014,10,21,28.55,28.7,28.7,25.8
Srimongal,2014,10,22,28.6,28.95,28.9,26.4
Srimongal,2014,10,23,29.1,29.1,29,26.3
Srimongal,2014,10,24,34.2,29,29.15,25.4
Srimongal,2014,10,25,28.8,28.9,28.9,25.4
Srimongal,2014,10,26,28.05,28.6,28.9,24.6
Srimongal,2014,10,27,27.5,28.1,27.1,22.7
Srimongal,2014,10,28,26.5,27.1,27.9,20.9
Srimongal,2014,10,29,26.5,26.25,27.3,22.4
Srimongal,2014,10,30,26.9,26.05,27.1,23.4
Srimongal,2014,10,31,26.9,27.1,27.2,24.2
Srimongal,2014,11,1,27.5,27.2,27.25,24.9
Srimongal,2014,11,2,27.7,27.5,27.5,24.7
Srimongal,2014,11,3,28.1,27.7,27.65,25.3
Srimongal,2014,11,4,28,27.85,27.75,24.9
Srimongal,2014,11,5,27.9,27.6,27.75,25.1
Srimongal,2014,11,6,28.4,27.9,27.8,26.1
Srimongal,2014,11,7,28.5,27.8,27.85,26.3
Srimongal,2014,11,8,28.7,28.45,28.15,27.6
Srimongal,2014,11,9,29.1,28.75,28.5,26.7
Srimongal,2014,11,10,27.7,22.75,28.45,24.8
Srimongal,2014,11,11,27.75,27.9,28.15,23.3
Srimongal,2014,11,12,27.05,27.2,27.75,23.4
Srimongal,2014,11,13,26.65,27.05,27.45,22.8
Srimongal,2014,11,14,25.9,26.65,27.2,21.6
Srimongal,2014,11,15,25.55,26,26.75,20.5
Srimongal,2014,11,16,24.85,25.35,25.9,20.7
Srimongal,2014,11,17,24.4,25.3,25.6,21.1
Srimongal,2014,11,18,24.95,25.2,25.4,21.3
Srimongal,2014,11,19,24.75,24.95,25.2,21.1
Srimongal,2014,11,20,24.55,24.85,25.65,20.8
Srimongal,2014,11,21,24.15,24.8,25.5,21.2
Srimongal,2014,11,22,24.55,24.7,25.3,20.5
Srimongal,2014,11,23,24,24.25,25.15,19.4
Srimongal,2014,11,24,23.4,23.8,24.8,18.6
Srimongal,2014,11,25,23.1,23.5,24.6,18.6
Srimongal,2014,11,26,22.7,23.3,24.3,18.1
Srimongal,2014,11,27,21.8,22.95,23.95,17.7
Srimongal,2014,11,28,21.9,23,23.8,18.7
Srimongal,2014,11,29,22,22.05,23.6,18.8
Srimongal,2014,11,30,22.8,23,23.2,18.6
Srimongal,2014,12,1,22.6,22.8,23.6,19
Srimongal,2014,12,2,22.75,22.8,23.6,19.6
Srimongal,2014,12,3,22.7,23.05,23.55,19.6
Srimongal,2014,12,4,22.85,23,23.55,19.8
Srimongal,2014,12,5,23.05,22.85,23.55,19.9
Srimongal,2014,12,6,22.35,23,23.55,19.7
Srimongal,2014,12,7,22.8,22.8,23.45,20.2
Srimongal,2014,12,8,22.5,22.75,23.45,17.2
Srimongal,2014,12,9,22.15,22.45,23.25,17.5
Srimongal,2014,12,10,21.8,22.2,23.2,16.9
Srimongal,2014,12,11,21.8,22,22.9,18.3
Srimongal,2014,12,12,22,22.15,22.95,16.9
Srimongal,2014,12,13,21.5,22,22.75,17.4
Srimongal,2014,12,14,21.8,21.75,22.7,20.3
Srimongal,2014,12,15,22.8,22.5,23,19.1
Srimongal,2014,12,16,22,22.6,23,18.5
Srimongal,2014,12,17,21.65,21.95,22.9,17.3
Srimongal,2014,12,18,20.35,21.4,22.55,15.5
Srimongal,2014,12,19,21.9,21.85,22.3,17.3
Srimongal,2014,12,20,21.1,21.5,22.2,16.6
Srimongal,2014,12,21,21,21.05,21.95,17.2
Srimongal,2014,12,22,20.75,21.1,21.9,16.5
Srimongal,2014,12,23,20.75,21.3,21.8,16.9
Srimongal,2014,12,24,20.05,21.05,21.8,17.2
Srimongal,2014,12,25,20.8,20.9,21.65,17.1
Srimongal,2014,12,26,20.15,20.6,21.6,16.6
Srimongal,2014,12,27,21.45,21.4,21.65,16.8
Srimongal,2014,12,28,23.2,21.3,21.75,15.2
Srimongal,2014,12,29,20.3,20.4,21.4,14.6
Srimongal,2014,12,30,20.1,20.5,21.3,17.3
Srimongal,2014,12,31,20.95,21.5,21.4,19.5
Srimongal,2015,1,1,21.8,21.6,21.7,20.9
Srimongal,2015,1,2,23.15,22.4,22.1,22.1
Srimongal,2015,1,3,23.3,22.95,23,22.7
Srimongal,2015,1,4,23.8,23.3,23,22.2
Srimongal,2015,1,5,23.3,23.25,23.1,18.4
Srimongal,2015,1,6,22.05,22.3,22.8,16.5
Srimongal,2015,1,7,20.4,21.5,22.3,15.2
Srimongal,2015,1,8,20.7,21,21.8,15.7
Srimongal,2015,1,9,20.15,20.7,21.4,15.4
Srimongal,2015,1,10,20.2,20.5,21.25,15.8
Srimongal,2015,1,11,20,20.35,21.3,14.3
Srimongal,2015,1,12,20.8,20.8,21.1,16.4
Srimongal,2015,1,13,20.6,20.75,21.2,17.1
Srimongal,2015,1,14,20.7,20.8,21.3,17.5
Srimongal,2015,1,15,21.3,20.95,21.4,19.4
Srimongal,2015,1,16,21.8,21.4,21.5,20
Srimongal,2015,1,17,21.85,21.65,21.7,19.6
Srimongal,2015,1,18,20.95,21.4,21.85,16.5
Srimongal,2015,1,19,20.7,20.9,21.65,16
Srimongal,2015,1,20,21,21.4,21.4,16.4
Srimongal,2015,1,21,21,20.8,21.4,16.1
Srimongal,2015,1,22,21.2,20.8,21.2,17.1
Srimongal,2015,1,23,21,20.8,21.4,17.5
Srimongal,2015,1,24,20.4,20.7,21.3,17.1
Srimongal,2015,1,25,20.8,20.7,21.3,16.2
Srimongal,2015,1,26,19.95,20.5,21.1,16.6
Srimongal,2015,1,27,20.8,20.5,20.95,17.5
Srimongal,2015,1,28,20.4,20.9,21.05,17.8
Srimongal,2015,1,29,21.15,20.9,21.1,19.2
Srimongal,2015,1,30,21.5,21.25,21.4,16.7
Srimongal,2015,1,31,20.4,25.7,21.3,13.8
Srimongal,2015,2,1,19.35,20.4,21,14.2
Srimongal,2015,2,2,20,19.95,20.65,15.8
Srimongal,2015,2,3,20.35,20.2,20.5,16.8
Srimongal,2015,2,4,20.6,20.4,20.65,18.1
Srimongal,2015,2,5,20.5,20.75,21,18.1
Srimongal,2015,2,6,21.15,20.95,21,17.4
Srimongal,2015,2,7,20.8,20.65,21.1,16.2
Srimongal,2015,2,8,20.8,20.8,21.1,17.6
Srimongal,2015,2,9,21,21,21.1,18.1
Srimongal,2015,2,10,21.45,21.2,21.35,17.5
Srimongal,2015,2,11,21,21,21.2,17
Srimongal,2015,2,12,21.1,20.8,21.1,16.8
Srimongal,2015,2,13,20.8,20.75,21.15,17
Srimongal,2015,2,14,21.2,20.9,21.2,17.6
Srimongal,2015,2,15,20.4,20.7,21.1,16.1
Srimongal,2015,2,16,20.75,20.7,21,17.9
Srimongal,2015,2,17,21.5,21,21.1,18.6
Srimongal,2015,2,18,21.45,21.2,21.35,19.1
Srimongal,2015,2,19,22.3,21.7,21.6,19.2
Srimongal,2015,2,20,22.45,21.8,21.7,20.1
Srimongal,2015,2,21,22.85,22.5,22.15,21.2
Srimongal,2015,2,22,22.85,22.35,21.7,21.1
Srimongal,2015,2,23,23.4,22.7,22.25,22.1
Srimongal,2015,2,24,24.1,23.2,22.25,23
Srimongal,2015,2,25,24.35,23.7,23.1,24.3
Srimongal,2015,2,26,25,24.2,23.6,24.4
Srimongal,2015,2,27,25.35,24.5,23.4,24
Srimongal,2015,2,28,25.7,24.8,24.3,25
Srimongal,2015,3,1,26.3,25.3,24.5,25.1
Srimongal,2015,3,2,26.35,25.6,24.8,24.9
Srimongal,2015,3,3,26.15,25.55,24.9,22.6
Srimongal,2015,3,4,24.1,24.35,24.7,19.2
Srimongal,2015,3,5,23.95,23.5,23.85,20.4
Srimongal,2015,3,6,23.6,23.6,23.15,19.1
Srimongal,2015,3,7,23.7,23.2,23.5,19.2
Srimongal,2015,3,8,23.9,23.2,23.4,20.5
Srimongal,2015,3,9,24.2,23.7,23.45,21.9
Srimongal,2015,3,10,24.85,24.1,23.75,21.7
Srimongal,2015,3,11,24.4,23.9,23.7,20.7
Srimongal,2015,3,12,24.35,23.85,23.85,20.7
Srimongal,2015,3,13,24.3,23.8,23.7,21.2
Srimongal,2015,3,14,25.1,24.4,24,23.1
Srimongal,2015,3,15,25.2,24.9,24.1,23.6
Srimongal,2015,3,16,25.9,25.15,24.7,23
Srimongal,2015,3,17,26.25,25.25,24.8,23.8
Srimongal,2015,3,18,26.7,25.9,25.2,24.1
Srimongal,2015,3,19,26.7,26,25.3,22.7
Srimongal,2015,3,20,26.5,25.95,25.35,21.8
Srimongal,2015,3,21,26.3,25.7,25.3,22.7
Srimongal,2015,3,22,26.4,25.8,25.3,23.5
Srimongal,2015,3,23,26.75,26.1,25.4,25
Srimongal,2015,3,24,27.5,26.6,25.2,25.7
Srimongal,2015,3,25,27.2,26.9,26,25.9
Srimongal,2015,3,26,27.45,26.9,26,24.9
Srimongal,2015,3,27,27.1,26.7,25.7,25.5
Srimongal,2015,3,28,26.1,26.65,26.25,23.5
Srimongal,2015,3,29,26.3,25.8,25.8,25.1
Srimongal,2015,3,30,27.3,26.7,26,27
Srimongal,2015,3,31,27.7,27.1,26.4,25.5
Srimongal,2015,4,1,27.1,26.9,26.45,23.6
Srimongal,2015,4,2,25.55,25.65,26.05,22
Srimongal,2015,4,3,25.65,25.4,25.05,24.6
Srimongal,2015,4,4,26.6,25.95,26.1,25.1
Srimongal,2015,4,5,25.8,25.7,25.75,22.8
Srimongal,2015,4,6,26.1,25.65,25.4,24.6
Srimongal,2015,4,7,27.7,26.5,25.9,26.6
Srimongal,2015,4,8,27.85,27.15,26.35,25.9
Srimongal,2015,4,9,28.3,27.4,26.7,26.7
Srimongal,2015,4,10,29.2,27.75,27,28.8
Srimongal,2015,4,11,29.15,28.25,27.4,26.4
Srimongal,2015,4,12,28.95,28.1,27.3,27
Srimongal,2015,4,13,28.9,28.2,27.4,27.5
Srimongal,2015,4,14,28.4,28.2,27.45,27.3
Srimongal,2015,4,15,29.4,28.6,27.8,27.8
Srimongal,2015,4,16,29.2,28.5,27.9,27.9
Srimongal,2015,4,17,29.45,28.8,28.25,27.3
Srimongal,2015,4,18,28.7,28.4,28,25.3
Srimongal,2015,4,19,27,26.8,27.3,24
Srimongal,2015,4,20,28.2,27.4,27,26.1
Srimongal,2015,4,21,27.6,27.35,27.3,24.2
Srimongal,2015,4,22,26.9,26.5,26.8,25
Srimongal,2015,4,23,27.25,26.85,26.65,26.8
Srimongal,2015,4,24,28.2,27.6,27,26.2
Srimongal,2015,4,25,27.4,27.5,27.3,22.9
Srimongal,2015,4,26,27.4,26.95,26.95,24.8
Srimongal,2015,4,27,27.95,27.4,27.1,24.4
Srimongal,2015,4,28,28.4,27.7,27.2,26.5
Srimongal,2015,4,29,27.95,28,27.5,23.9
Srimongal,2015,4,30,27.7,27.4,27.3,24.9
Srimongal,2015,5,1,27.6,27.2,27.2,25.2
Srimongal,2015,5,2,27.85,26.9,26.9,25.3
Srimongal,2015,5,3,28.8,27.8,27.3,28.5
Srimongal,2015,5,4,30.2,28.35,27.7,29.5
Srimongal,2015,5,5,30.7,29.7,28.45,29.3
Srimongal,2015,5,6,30.5,29.75,28.75,28.4
Srimongal,2015,5,7,28.9,29.4,28.8,24.3
Srimongal,2015,5,8,26.85,27.35,27.9,22.7
Srimongal,2015,5,9,28.45,27.65,27.4,28.7
Srimongal,2015,5,10,29.4,28.4,27.9,26.1
Srimongal,2015,5,11,28.5,28.1,27.9,25.9
Srimongal,2015,5,12,29,28.3,27.8,26.8
Srimongal,2015,5,13,29.6,28.8,28.05,28.5
Srimongal,2015,5,14,30.7,29.7,28.5,30.3
Srimongal,2015,5,15,29.4,29.55,28.8,24.7
Srimongal,2015,5,16,29.6,28.9,28.3,29
Srimongal,2015,5,17,30.3,29.7,28.8,26
Srimongal,2015,5,18,30.3,29.6,28.9,27.1
Srimongal,2015,5,19,31,30,29,29
Srimongal,2015,5,20,31.65,30.6,29.5,30.3
Srimongal,2015,5,21,31.9,31.1,29.7,29.7
Srimongal,2015,5,22,31.4,30.9,30,26.7
Srimongal,2015,5,23,30.4,30.15,29.7,27.8
Srimongal,2015,5,24,29.7,29.6,29.4,27.2
Srimongal,2015,5,25,30.95,30,29.4,28.2
Srimongal,2015,5,26,29.45,29.4,28.7,25.8
Srimongal,2015,5,27,28.5,28.8,28.9,24.4
Srimongal,2015,5,28,28.55,28.5,28.3,26.4
Srimongal,2015,5,29,29.2,29,28.9,26.8
Srimongal,2015,5,30,28,28.45,28.5,25.4
Srimongal,2015,5,31,29,28.5,28.3,28.8
Srimongal,2015,6,1,30.1,29.3,28.7,28
Srimongal,2015,6,2,30.3,29.6,29,28.5
Srimongal,2015,6,3,30.8,30.3,29.3,29.2
Srimongal,2015,6,4,32,30.85,29.75,30.6
Srimongal,2015,6,5,32.9,31.6,30.1,30.8
Srimongal,2015,6,6,32.6,31.9,30.55,29.7
Srimongal,2015,6,7,34.4,31.4,30.5,29.9
Srimongal,2015,6,8,31.9,31.4,30.5,30.1
Srimongal,2015,6,9,31.7,31.2,30.5,30
Srimongal,2015,6,10,29,30.1,30.2,24.7
Srimongal,2015,6,11,28,28.5,29.3,24.4
Srimongal,2015,6,12,27.75,28.1,28.5,26.3
Srimongal,2015,6,13,28.5,28.6,28.5,26.5
Srimongal,2015,6,14,29.3,28.8,28.55,27.8
Srimongal,2015,6,15,26,29.35,28.8,27.2
Srimongal,2015,6,16,29.8,29.5,29,27.9
Srimongal,2015,6,17,30.1,29.6,29.2,27.7
Srimongal,2015,6,18,30.9,30,29.3,29.2
Srimongal,2015,6,19,31.9,30.7,29.7,29.6
Srimongal,2015,6,20,32.1,30.9,30.05,29.4
Srimongal,2015,6,21,30.8,31.4,30.4,28.9
Srimongal,2015,6,22,31.4,31,30.4,28.3
Srimongal,2015,6,23,30.4,30.5,30.25,27
Srimongal,2015,6,24,29.85,30,29.9,27.6
Srimongal,2015,6,25,30.1,29.4,29.6,27.9
Srimongal,2015,6,26,30.1,29.9,29.7,27.2
Srimongal,2015,6,27,30.35,29.9,29.45,28
Srimongal,2015,6,28,30,30,29.7,27
Srimongal,2015,6,29,30.6,30.05,29.6,28
Srimongal,2015,6,30,30.6,30,29.6,28.2
Srimongal,2015,7,1,31,30.4,29.8,28.5
Srimongal,2015,7,2,31.3,30.55,30,28.7
Srimongal,2015,7,3,31.7,30.9,30.2,29
Srimongal,2015,7,4,31.65,30.85,30.2,28.9
Srimongal,2015,7,5,31.7,30.85,30.05,28.1
Srimongal,2015,7,6,31.4,30.7,30.2,28.6
Srimongal,2015,7,7,31.1,30.7,30.25,29.9
Srimongal,2015,7,8,30.9,31,30.2,27.9
Srimongal,2015,7,9,30.1,30.2,30.1,26.8
Srimongal,2015,7,10,29.8,29.8,29.7,27.1
Srimongal,2015,7,11,31.4,30.3,29.6,28.7
Srimongal,2015,7,12,32.25,31.2,30,29.5
Srimongal,2015,7,13,32.6,31.8,30.45,30.1
Srimongal,2015,7,14,31.7,31.75,30.9,28.4
Srimongal,2015,7,15,29.8,30.1,30.3,25.8
Srimongal,2015,7,16,29.7,29.7,29.7,27.2
Srimongal,2015,7,17,29.65,29.5,29.45,26.9
Srimongal,2015,7,18,29.7,29.5,29.4,26.5
Srimongal,2015,7,19,28.9,28.9,29.1,25.7
Srimongal,2015,7,20,29.4,29,28.95,27.8
Srimongal,2015,7,21,30.1,29.45,29,28.2
Srimongal,2015,7,22,30.35,30,29.4,28
Srimongal,2015,7,23,30.5,30.15,29.5,28
Srimongal,2015,7,24,30.15,30,29.6,27
Srimongal,2015,7,25,30.35,29.7,29.5,27.4
Srimongal,2015,7,26,30.6,30,29.6,28
Srimongal,2015,7,27,30.1,29.9,29.65,27.2
Srimongal,2015,7,28,31.45,30.4,29.6,29.4
Srimongal,2015,7,29,31.7,30.75,30,29.9
Srimongal,2015,7,30,30.6,30.4,30,28.4
Srimongal,2015,7,31,28.8,29.3,29.55,25.2
Srimongal,2015,8,1,28.75,28.7,28.9,26.7
Srimongal,2015,8,2,29.9,29.2,28.9,28.3
Srimongal,2015,8,3,30,29.7,29.2,27.7
Srimongal,2015,8,4,30,30,29.5,27.9
Srimongal,2015,8,5,30.45,29.95,29.4,28.1
Srimongal,2015,8,6,31.5,30.4,29.65,29.8
Srimongal,2015,8,7,31.55,30.7,30,28.5
Srimongal,2015,8,8,31.05,30.5,30,28.2
Srimongal,2015,8,9,31.3,30.5,29.5,28.5
Srimongal,2015,8,10,30.9,30.2,30,27.4
Srimongal,2015,8,11,31.3,30.6,29.9,29.3
Srimongal,2015,8,12,31.95,30.9,30.3,28.6
Srimongal,2015,8,13,31.8,31.05,30.3,29.6
Srimongal,2015,8,14,31.6,31.05,30.4,28.4
Srimongal,2015,8,15,31.2,30.8,30.4,28.5
Srimongal,2015,8,16,31.2,30.6,30.3,28.1
Srimongal,2015,8,17,30.6,30.5,30.25,27.8
Srimongal,2015,8,18,29.6,29.95,30.05,26.7
Srimongal,2015,8,19,29.05,29.1,29.4,26.7
Srimongal,2015,8,20,28.9,28.75,29.1,26.7
Srimongal,2015,8,21,30,29.2,29,28.2
Srimongal,2015,8,22,30.15,29.6,29.25,27.5
Srimongal,2015,8,23,29.7,29.9,29.6,28.2
Srimongal,2015,8,24,30.5,30,29.4,28.2
Srimongal,2015,8,25,30.7,30.1,29.6,29
Srimongal,2015,8,26,31.1,30.15,29.85,28.2
Srimongal,2015,8,27,31.05,30.3,29.8,28.5
Srimongal,2015,8,28,30.9,30.3,29.95,28.4
Srimongal,2015,8,29,30.25,30.05,29.8,28
Srimongal,2015,8,30,30.25,29.9,29.7,28.1
Srimongal,2015,8,31,28.2,29.15,29.4,26.5
Srimongal,2015,9,1,29.3,29,29,27.7
Srimongal,2015,9,2,29.8,29.4,29.1,27.5
Srimongal,2015,9,3,29.4,29.2,29.1,26.9
Srimongal,2015,9,4,29.6,29.3,29.2,27.2
Srimongal,2015,9,5,29.8,29.1,29.1,27.4
Srimongal,2015,9,6,30.4,29.65,29.1,28.7
Srimongal,2015,9,7,30.9,30.15,29.4,28
Srimongal,2015,9,8,30.7,30.2,29.6,28.5
Srimongal,2015,9,9,31.2,30.5,29.8,29.4
Srimongal,2015,9,10,31.55,30.8,30,29.7
Srimongal,2015,9,11,31.9,31.1,30.25,29.1
Srimongal,2015,9,12,32.2,31.2,30.3,29.4
Srimongal,2015,9,13,32.35,31.5,30.55,30.1
Srimongal,2015,9,14,31.3,30.8,30.4,28
Srimongal,2015,9,15,31.3,30.65,30.2,28.3
Srimongal,2015,9,16,32.1,31.1,30.3,29.9
Srimongal,2015,9,17,32.45,31.6,30.1,30.4
Srimongal,2015,9,18,32.7,31.85,30.85,30.2
Srimongal,2015,9,19,31.8,31.7,31,27.9
Srimongal,2015,9,20,31,31,30.8,28
Srimongal,2015,9,21,30.1,30.35,30.3,27
Srimongal,2015,9,22,29.1,29.8,30.1,26.6
Srimongal,2015,9,23,29.3,29.3,29.5,26.7
Srimongal,2015,9,24,29.15,29.1,29.35,26.9
Srimongal,2015,9,25,30.3,29.6,29.4,28.2
Srimongal,2015,9,26,30.45,29.95,29.45,27.1
Srimongal,2015,9,27,30.2,29.8,29.45,27
Srimongal,2015,9,28,30.25,29.8,29.5,27.5
Srimongal,2015,9,29,30.8,30.2,29.5,28.9
Srimongal,2015,9,30,31.4,30.6,29.7,29.6
Srimongal,2015,10,1,31.9,31.1,30,30
Srimongal,2015,10,2,31.9,31.05,30.35,29
Srimongal,2015,10,3,30.85,30.55,30.15,28.2
Srimongal,2015,10,4,31.3,30.5,30.1,28.9
Srimongal,2015,10,5,31.65,30.7,30.2,28.8
Srimongal,2015,10,6,30.7,30.35,30.1,27.5
Srimongal,2015,10,7,30.75,30.25,30.05,27.4
Srimongal,2015,10,8,29.7,29.7,29.8,25.7
Srimongal,2015,10,9,30.05,29.6,29.6,27.3
Srimongal,2015,10,10,29.8,29.6,29.5,25.7
Srimongal,2015,10,11,29.8,29.35,29.25,26.9
Srimongal,2015,10,12,29.7,29.4,29.3,26.5
Srimongal,2015,10,13,29.1,29.2,29.25,25.3
Srimongal,2015,10,14,28.4,28.9,29.1,23.8
Srimongal,2015,10,15,28.7,28.6,28.6,26.4
Srimongal,2015,10,16,29,29,28.9,26.7
Srimongal,2015,10,17,29.5,29.15,29,26.5
Srimongal,2015,10,18,29.3,29.1,28.95,26.5
Srimongal,2015,10,19,29.3,29.05,28.9,26.5
Srimongal,2015,10,20,29.4,29.05,28.9,26.2
Srimongal,2015,10,21,29.35,29,28.8,26.2
Srimongal,2015,10,22,29.1,28.9,28.7,26.1
Srimongal,2015,10,23,28.1,28.6,28.7,24.2
Srimongal,2015,10,24,28.1,28,28.3,24.8
Srimongal,2015,10,25,28.35,28.15,28.15,25.3
Srimongal,2015,10,26,28.2,28.2,28.15,25.3
Srimongal,2015,10,27,28,28.1,28.1,24.9
Srimongal,2015,10,28,27.8,27.8,28,24.8
Srimongal,2015,10,29,27.9,27.85,27.9,25.6
Srimongal,2015,10,30,27.8,27.7,27.85,25.9
Srimongal,2015,10,31,27.6,27.65,27.85,24.3
Srimongal,2015,11,1,27,27.2,27.55,23.4
Srimongal,2015,11,2,27.6,27.3,27.4,24.9
Srimongal,2015,11,3,27.9,27.5,27.45,25
Srimongal,2015,11,4,27.8,27.5,27.55,24.3
Srimongal,2015,11,5,27.2,27.3,27.45,24.4
Srimongal,2015,11,6,26.75,26.8,27.2,23.5
Srimongal,2015,11,7,26.6,26.6,26.6,23
Srimongal,2015,11,8,26.35,26.4,26.8,22.9
Srimongal,2015,11,9,26,26.1,26.65,22.6
Srimongal,2015,11,10,26,25.9,25.9,22.5
Srimongal,2015,11,11,25.7,25.8,26.35,22.2
Srimongal,2015,11,12,25.45,25.55,26.15,22.1
Srimongal,2015,11,13,25.3,25.1,25.7,21.7
Srimongal,2015,11,14,25.2,24.85,25.65,21.6
Srimongal,2015,11,15,24.8,25.2,25.95,21.6
Srimongal,2015,11,16,24.7,25.1,25.55,22.3
Srimongal,2015,11,17,25.3,25.05,25.45,22.7
Srimongal,2015,11,18,25.25,25.1,25.6,21.8
Srimongal,2015,11,19,25.25,25.05,25.4,21.1
Srimongal,2015,11,20,24.7,24.7,25.35,21.8
Srimongal,2015,11,21,25,24.75,25.25,22.3
Srimongal,2015,11,22,24.05,24.8,25.15,21.5
Srimongal,2015,11,23,24.15,24.3,24.9,20.2
Srimongal,2015,11,24,23.6,23.8,24,20.2
Srimongal,2015,11,25,23.5,23.75,24.5,20.3
Srimongal,2015,11,26,23.25,23.7,24.35,20.4
Srimongal,2015,11,27,23,23.45,24.3,20.2
Srimongal,2015,11,28,23.2,23.3,24.1,20.1
Srimongal,2015,11,29,23.25,23.25,23.95,20
Srimongal,2015,11,30,23.45,23.25,23.85,21
Srimongal,2015,12,1,23.5,23.3,23.7,21.8
Srimongal,2015,12,2,23.55,23.6,24.1,21.2
Srimongal,2015,12,3,23.8,23.75,24.1,21.7
Srimongal,2015,12,4,23.85,23.75,24.15,19.8
Srimongal,2015,12,5,23,23.3,24,18.9
Srimongal,2015,12,6,22.85,23.15,23.65,19.6
Srimongal,2015,12,7,22.6,22.8,23.5,19.3
Srimongal,2015,12,8,22.55,22.7,23.4,19.7
Srimongal,2015,12,9,22.6,22.75,23.5,19.3
Srimongal,2015,12,10,22.15,22.55,23.2,18.9
Srimongal,2015,12,11,21.75,22.25,23.1,19.1
Srimongal,2015,12,12,22.2,22.4,22.9,20.4
Srimongal,2015,12,13,22.7,22.6,23.1,20.9
Srimongal,2015,12,14,22.75,22.7,23.15,19.5
Srimongal,2015,12,15,22.25,22.35,23.05,17.7
Srimongal,2015,12,16,20.9,21.6,22.65,15.2
Srimongal,2015,12,17,19.6,20.5,22.15,15.7
Srimongal,2015,12,18,19.9,20.4,21.7,15.2
Srimongal,2015,12,19,18.6,19.7,21.2,14.9
Srimongal,2015,12,20,18.3,19.6,21,14.3
Srimongal,2015,12,21,18.7,19.15,20.7,14.1
Srimongal,2015,12,22,18.45,18.8,20.3,14.1
Srimongal,2015,12,23,18,18.7,20.2,14
Srimongal,2015,12,24,18.05,18.85,20.25,14.8
Srimongal,2015,12,25,17.95,18.55,20,13.6
Srimongal,2015,12,26,17.7,18.4,19.8,13.5
Srimongal,2015,12,27,18.4,18.6,19.7,15.3
Srimongal,2015,12,28,18.55,18.65,19.85,15.8
Srimongal,2015,12,29,18.8,18.9,19.75,15.8
Srimongal,2015,12,30,18.9,18.9,19.9,16.5
Srimongal,2015,12,31,19.45,19.35,20.1,16.6
Srimongal,2016,1,1,19.4,19.6,20.25,16.5
Srimongal,2016,1,2,19.5,19.65,20.3,17.1
Srimongal,2016,1,3,19.1,19.65,20.35,17
Srimongal,2016,1,4,19.6,19.7,20.35,16.8
Srimongal,2016,1,5,19.15,19.5,20.3,16.5
Srimongal,2016,1,6,19.4,19.6,20.35,16.8
Srimongal,2016,1,7,19.85,19.75,20.4,16.6
Srimongal,2016,1,8,19.65,19.65,20.3,17.2
Srimongal,2016,1,9,19.7,19.8,20.5,18.9
Srimongal,2016,1,10,20,20.3,20.5,18.1
Srimongal,2016,1,11,20.8,20.5,20.7,16.5
Srimongal,2016,1,12,19.4,19.9,20.6,15.7
Srimongal,2016,1,13,19,19.5,20.2,15.7
Srimongal,2016,1,14,19.2,19.6,20.2,15.5
Srimongal,2016,1,15,19.15,19.6,20.1,15.2
Srimongal,2016,1,16,19.1,19.25,20.1,15.9
Srimongal,2016,1,17,18.9,19.1,20,15
Srimongal,2016,1,18,19.1,19.15,19.9,16
Srimongal,2016,1,19,19.2,19.4,20.1,16.3
Srimongal,2016,1,20,19.2,19.6,20.2,17.4
Srimongal,2016,1,21,20,19.75,20.2,18.1
Srimongal,2016,1,22,20.2,20.15,20.4,15.4
Srimongal,2016,1,23,19.75,19.75,20.3,15.5
Srimongal,2016,1,24,19.4,19.5,20.3,13
Srimongal,2016,1,25,18.8,19.05,20.05,13.2
Srimongal,2016,1,26,18.2,18.7,19.8,12.7
Srimongal,2016,1,27,18.35,18.6,19.45,15.4
Srimongal,2016,1,28,19,19,19.6,16.4
Srimongal,2016,1,29,19,19.2,19.8,16
Srimongal,2016,1,30,18.9,19.15,19.75,16.3
Srimongal,2016,1,31,19.55,19.45,19.8,18.5
Srimongal,2016,2,1,20.6,20.2,20.2,19.5
Srimongal,2016,2,2,21.1,20.65,20.45,19.2
Srimongal,2016,2,3,21.2,20.9,20.8,17.4
Srimongal,2016,2,4,20.5,20.5,20.7,17.4
Srimongal,2016,2,5,20.3,20.5,20.7,16
Srimongal,2016,2,6,19.7,20,20.55,16.8
Srimongal,2016,2,7,20.6,20.3,20.5,19.4
Srimongal,2016,2,8,21.5,21,20.9,20.9
Srimongal,2016,2,9,22.35,21.6,21.45,21.1
Srimongal,2016,2,10,22.75,22.1,21.8,21
Srimongal,2016,2,11,22.2,22.1,21.9,20.6
Srimongal,2016,2,12,21.8,21.55,21.9,20.4
Srimongal,2016,2,13,22.7,21.6,22,20.2
Srimongal,2016,2,14,22.15,21.65,22,21.2
Srimongal,2016,2,15,23.2,22.6,22.2,22.4
Srimongal,2016,2,16,23.3,22.7,22.4,22
Srimongal,2016,2,17,23.3,22.9,22.6,21.9
Srimongal,2016,2,18,22.65,22.8,22.65,22.7
Srimongal,2016,2,19,23.7,23.3,22.9,25
Srimongal,2016,2,20,24.9,23.95,23.4,26.1
Srimongal,2016,2,21,25.8,24.85,23.75,27
Srimongal,2016,2,22,25.4,25.1,24.3,24
Srimongal,2016,2,23,25.65,24.9,24.35,25.6
Srimongal,2016,2,24,24.7,24.7,24.35,22.2
Srimongal,2016,2,25,25.1,24.5,24.25,21.9
Srimongal,2016,2,26,24.3,24.1,24,23.3
Srimongal,2016,2,27,25.3,24.65,24.2,23.5
Srimongal,2016,2,28,25,24.6,24.35,22.8
Srimongal,2016,2,29,24.6,24.3,24.25,22.6
Srimongal,2016,3,1,24.6,24.25,24.25,22.4
Srimongal,2016,3,2,24.7,24.2,27.15,23.8
Srimongal,2016,3,3,26.2,24.5,24.4,23.8
Srimongal,2016,3,4,26.25,25.3,24.65,25.2
Srimongal,2016,3,5,24.9,25.7,25,24.5
Srimongal,2016,3,6,26.5,25.9,25.3,24.2
Srimongal,2016,3,7,26.15,25.75,25.25,23.1
Srimongal,2016,3,8,26.9,25.55,25.2,24
Srimongal,2016,3,9,26.2,25.5,25.3,25.8
Srimongal,2016,3,10,25.6,26.15,25.5,26.3
Srimongal,2016,3,11,27.5,26.6,25.75,26.3
Srimongal,2016,3,12,27.7,26.95,26.05,25.9
Srimongal,2016,3,13,27.05,26.8,26.1,25
Srimongal,2016,3,14,26.4,26.15,25.9,23.9
Srimongal,2016,3,15,27,25.9,25.9,24.4
Srimongal,2016,3,16,26.3,25.9,25.9,23.5
Srimongal,2016,3,17,26.7,26.1,25.25,23
Srimongal,2016,3,18,26.05,25.6,25.7,22.8
Srimongal,2016,3,19,26.3,25.9,25.65,24.9
Srimongal,2016,3,20,26.8,26.3,25.8,25.2
Srimongal,2016,3,21,26.6,26.1,25.8,23.5
Srimongal,2016,3,22,27.15,26.4,25.9,25.7
Srimongal,2016,3,23,27.65,27,26.2,25.6
Srimongal,2016,3,24,27.65,27.1,26.45,24.8
Srimongal,2016,3,25,27.8,27.05,26.45,24.7
Srimongal,2016,3,26,27.4,26.95,26.5,25.7
Srimongal,2016,3,27,28,27.4,26.7,27
Srimongal,2016,3,28,25.1,26.2,26.6,21
Srimongal,2016,3,29,24.7,24.9,25.5,24.7
Srimongal,2016,3,30,27.35,26.45,25.8,26.8
Srimongal,2016,3,31,26,26.5,26.2,24.1
Srimongal,2016,4,1,25,25.75,26.05,22.1
Srimongal,2016,4,2,26.8,26.1,25.9,25.3
Srimongal,2016,4,3,25.8,26.3,26.1,23.5
Srimongal,2016,4,4,25.25,25.8,25.75,25
Srimongal,2016,4,5,27.4,26.95,25.95,26.3
Srimongal,2016,4,6,27.6,26.9,26.2,26.7
Srimongal,2016,4,7,27.9,27.1,26.4,28.2
Srimongal,2016,4,8,29.65,28.5,27.1,28.2
Srimongal,2016,4,9,29.65,28.8,27.4,29
Srimongal,2016,4,10,29.8,29.2,27.7,29.2
Srimongal,2016,4,11,30.5,29.7,28.3,29.6
Srimongal,2016,4,12,30.6,29.8,28.45,29.9
Srimongal,2016,4,13,30.8,30,28.8,29.9
Srimongal,2016,4,14,30.05,29.8,28.8,28.1
Srimongal,2016,4,15,29.9,29.7,28.75,28.4
Srimongal,2016,4,16,28.6,29.1,28.55,25.1
Srimongal,2016,4,17,28.4,28.3,28.1,25.8
Srimongal,2016,4,18,28.4,28.5,28.1,28.3
Srimongal,2016,4,19,29.6,28.95,28.25,29.5
Srimongal,2016,4,20,29.7,29.1,28.4,29.1
Srimongal,2016,4,21,29.75,29.2,28.5,28.4
Srimongal,2016,4,22,29.3,28.85,28.45,28.3
Srimongal,2016,4,23,30,29.45,29.25,30.3
Srimongal,2016,4,24,31,30,28.9,31.3
Srimongal,2016,4,25,30.9,30.15,29.15,28.5
Srimongal,2016,4,26,30.4,29.85,29.15,28.7
Srimongal,2016,4,27,30.9,30.15,30.15,28.9
Srimongal,2016,4,28,32.85,30.15,29.6,28.7
Srimongal,2016,4,29,30.65,30.2,29.45,29.8
Srimongal,2016,4,30,31.75,30.85,29.75,30.1
Srimongal,2016,5,1,30.8,30.5,29.75,25.3
Srimongal,2016,5,2,26.5,28.35,29.15,22.1
Srimongal,2016,5,3,27.9,27.8,28.1,26.6
Srimongal,2016,5,4,28.6,28.7,28.1,25.3
Srimongal,2016,5,5,29,29.05,28.3,25.4
Srimongal,2016,5,6,28.7,28.6,28.3,25.3
Srimongal,2016,5,7,28.9,28.35,28.25,26.4
Srimongal,2016,5,8,29.85,29.3,28.5,27.7
Srimongal,2016,5,9,30.7,29.95,28.9,28.8
Srimongal,2016,5,10,31.3,30.4,29.2,29.7
Srimongal,2016,5,11,31.95,31.1,29.65,30
Srimongal,2016,5,12,30.6,31.1,30,27.4
Srimongal,2016,5,13,28.1,29.4,29.5,23.5
Srimongal,2016,5,14,27.4,28.55,28.7,26.5
Srimongal,2016,5,15,29.5,29,28.8,27.2
Srimongal,2016,5,16,30.2,29.5,28.9,30.2
Srimongal,2016,5,17,30.8,30.2,29.2,29.1
Srimongal,2016,5,18,30.25,29.95,29.4,26.4
Srimongal,2016,5,19,28.8,28.9,29,24.8
Srimongal,2016,5,20,28.7,28.85,28.65,25.9
Srimongal,2016,5,21,26.9,27.85,28.35,23.7
Srimongal,2016,5,22,28.3,27.4,27.45,26.4
Srimongal,2016,5,23,30.45,29.1,28.05,29.3
Srimongal,2016,5,24,28.2,30.25,28.9,28.9
Srimongal,2016,5,25,31.1,30,29.2,27.2
Srimongal,2016,5,26,30.9,30.2,29.7,27.6
Srimongal,2016,5,27,30.5,29.8,29.5,27.5
Srimongal,2016,5,28,29.2,29.5,29.4,25.1
Srimongal,2016,5,29,29.2,29.05,28.8,26.5
Srimongal,2016,5,30,29.5,29.35,28.8,26.4
Srimongal,2016,5,31,29.1,28.95,23.9,26.4
Srimongal,2016,6,1,30.7,29.85,29.05,28.9
Srimongal,2016,6,2,30.35,30.2,29.4,27.4
Srimongal,2016,6,3,30.9,30.15,29.35,29.4
Srimongal,2016,6,4,31.4,30.55,29.45,29.5
Srimongal,2016,6,5,31.9,31.1,29.85,29.6
Srimongal,2016,6,6,31.95,31.2,30.2,28.2
Srimongal,2016,6,7,30.7,30.5,30.15,26.1
Srimongal,2016,6,8,30.8,29.95,29.8,28.2
Srimongal,2016,6,9,31,30.2,29.8,28.5
Srimongal,2016,6,10,31.2,30.85,29.9,28.8
Srimongal,2016,6,11,30,30.3,30.1,26.6
Srimongal,2016,6,12,29.9,29.95,29.9,26
Srimongal,2016,6,13,29.25,29.35,29.3,26.3
Srimongal,2016,6,14,30.3,29.65,29.25,28.8
Srimongal,2016,6,15,30.95,30.35,29.55,28.4
Srimongal,2016,6,16,30.9,30.2,29.6,27.8
Srimongal,2016,6,17,30.9,30.2,29.7,27.5
Srimongal,2016,6,18,31.15,30.5,29.8,28.9
Srimongal,2016,6,19,31.4,30.9,30,28.8
Srimongal,2016,6,20,31.45,31,30.2,28.8
Srimongal,2016,6,21,30.95,31,30.2,28.4
Srimongal,2016,6,22,31.15,30.5,30.1,27.9
Srimongal,2016,6,23,30.3,30.2,29.9,27.3
Srimongal,2016,6,24,31,30.2,29.8,28.7
Srimongal,2016,6,25,30.8,30.5,30,28.2
Srimongal,2016,6,26,32.15,31.1,30,30.3
Srimongal,2016,6,27,32.7,31.8,30.5,30.1
Srimongal,2016,6,28,33.2,32.3,30.9,30.3
Srimongal,2016,6,29,32.25,32.1,31,29.9
Srimongal,2016,6,30,32.7,31.5,31.05,29.5
Srimongal,2016,7,1,31.95,31.1,31.1,28.6
Srimongal,2016,7,2,31.1,30.8,30.8,28.3
Srimongal,2016,7,3,31.45,30.65,30.65,28.1
Srimongal,2016,7,4,30.6,30.35,30.35,27.5
Srimongal,2016,7,5,30.4,30.2,30.2,27.6
Srimongal,2016,7,6,30.7,30,30,28.1
Srimongal,2016,7,7,31.65,30.1,30.1,29.2
Srimongal,2016,7,8,32.4,30.35,30.35,30
Srimongal,2016,7,9,32.2,30.85,30.85,29
Srimongal,2016,7,10,32.55,30.95,30.95,29
Srimongal,2016,7,11,32.65,31.9,30.9,28.9
Srimongal,2016,7,12,32,31.7,30.95,28.8
Srimongal,2016,7,13,32.25,31.6,31,29.3
Srimongal,2016,7,14,32.5,31.65,31,29.2
Srimongal,2016,7,15,32.3,31.7,31,29.5
Srimongal,2016,7,16,31.3,31.1,30.9,27
Srimongal,2016,7,17,30.95,30.55,30.35,27.9
Srimongal,2016,7,18,29.8,30.2,30.1,26.9
Srimongal,2016,7,19,30,29.8,29.95,27
Srimongal,2016,7,20,30.2,29.9,29.8,27.8
Srimongal,2016,7,21,30.35,30.1,29.8,28.1
Srimongal,2016,7,22,30.4,30.1,29.85,27.1
Srimongal,2016,7,23,30.6,30.1,29.8,27.4
Srimongal,2016,7,24,30.45,30.2,29.8,27.9
Srimongal,2016,7,25,30,30.1,29.85,26.5
Srimongal,2016,7,26,30.2,29.9,29.7,27.3
Srimongal,2016,7,27,30.5,30.05,29.7,27.5
Srimongal,2016,7,28,31.55,30.5,29.95,28.9
Srimongal,2016,7,29,31.4,30.6,30.05,28
Srimongal,2016,7,30,31.5,30.65,30.1,28.5
Srimongal,2016,7,31,32.1,31.1,30.3,28.9
Srimongal,2016,8,1,32.4,31.3,30.45,29.6
Srimongal,2016,8,2,31.5,31.6,30.8,28.8
Srimongal,2016,8,3,32.9,30.5,30.7,30.4
Srimongal,2016,8,4,33.15,32.1,31,30.8
Srimongal,2016,8,5,32.5,32.05,31,28.4
Srimongal,2016,8,6,32.25,31.75,31,29
Srimongal,2016,8,7,32.2,31.7,30.9,29.1
Srimongal,2016,8,8,32.2,31.55,30.8,28.9
Srimongal,2016,8,9,32,31.6,31,28.6
Srimongal,2016,8,10,30.4,30.7,30.8,26.8
Srimongal,2016,8,11,30.9,30.4,30.4,28.4
Srimongal,2016,8,12,31.7,30.9,30.45,29.3
Srimongal,2016,8,13,31.9,31.1,30.55,29.2
Srimongal,2016,8,14,31.2,30.6,30.3,28.7
Srimongal,2016,8,15,31.5,30.65,30.2,29
Srimongal,2016,8,16,31.6,30.8,30.2,29.2
Srimongal,2016,8,17,31.5,30.9,30.3,28.9
Srimongal,2016,8,18,31.75,31.2,30.45,28.9
Srimongal,2016,8,19,31.55,31.2,30.55,28.6
Srimongal,2016,8,20,30.95,30.9,30.5,28.3
Srimongal,2016,8,21,30.05,30.5,30.4,26.5
Srimongal,2016,8,22,30.75,30.45,30.05,28.8
Srimongal,2016,8,23,31.75,31.4,30.45,29.1
Srimongal,2016,8,24,32.6,31.9,30.8,30.4
Srimongal,2016,8,25,33.4,32.5,31,29.6
Srimongal,2016,8,26,32,31.75,31.05,29.1
Srimongal,2016,8,27,32.6,31.7,31,29.5
Srimongal,2016,8,28,31.75,31.7,31.1,28.1
Srimongal,2016,8,29,31.9,31.65,31,28.7
Srimongal,2016,8,30,32,31.7,31.05,28.8
Srimongal,2016,8,31,30.9,31,31.45,28
Srimongal,2016,9,1,30.7,30.85,30.65,27.9
Srimongal,2016,9,2,30.1,30.45,30.4,27.6
Srimongal,2016,9,3,30.85,30.55,30.3,29
Srimongal,2016,9,4,30.75,31.1,30.4,28.6
Srimongal,2016,9,5,31.1,30.9,30.45,28.2
Srimongal,2016,9,6,31.05,30.85,30.45,28.8
Srimongal,2016,9,7,31.55,31.15,30.5,29.3
Srimongal,2016,9,8,31.45,31.2,30.6,28.3
Srimongal,2016,9,9,30.95,30.85,30.55,27.8
Srimongal,2016,9,10,30.8,31,30.35,28.5
Srimongal,2016,9,11,30.25,30.5,30.45,26.8
Srimongal,2016,9,12,30.25,30.25,30.2,27.7
Srimongal,2016,9,13,30.65,30.3,30.15,27.3
Srimongal,2016,9,14,29.8,29.75,29.9,26
Srimongal,2016,9,15,30.75,29.85,29.6,29.3
Srimongal,2016,9,16,30.75,30.6,30,27.9
Srimongal,2016,9,17,30.9,30.7,30,28.9
Srimongal,2016,9,18,30.5,30.6,30.2,27.4
Srimongal,2016,9,19,30.2,30.2,30,27.8
Srimongal,2016,9,20,29.7,29.9,29.9,26
Srimongal,2016,9,21,30.1,29.8,29.7,27.7
Srimongal,2016,9,22,30.6,30.1,29.8,28.6
Srimongal,2016,9,23,31.4,30.4,30,27.3
Srimongal,2016,9,24,30.4,30.5,30.2,28.5
Srimongal,2016,9,25,31.9,31.2,30.15,28.5
Srimongal,2016,9,26,31.05,30.85,30.3,28
Srimongal,2016,9,27,31.6,31.1,30.4,29.1
Srimongal,2016,9,28,31.65,31,30.4,28.8
Srimongal,2016,9,29,31.6,31.2,30.45,28
Srimongal,2016,9,30,31.9,31.25,30.55,29.5
Srimongal,2016,10,1,32.05,31.7,30.8,29
Srimongal,2016,10,2,32,31.5,30.9,29.1
Srimongal,2016,10,3,32.25,31.7,30.85,29.8
Srimongal,2016,10,4,32.45,31.8,31.1,29.7
Srimongal,2016,10,5,31.85,32,31,28.5
Srimongal,2016,10,6,31.6,31.3,30.9,28.1
Srimongal,2016,10,7,30.35,30.3,30.3,26.8
Srimongal,2016,10,8,30.1,29.75,29.85,27.4
Srimongal,2016,10,9,30.35,30.3,30,27.2
Srimongal,2016,10,10,30.2,30.2,30,27.3
Srimongal,2016,10,11,29.7,29.9,29.9,26.7
Srimongal,2016,10,12,28.6,28.85,29.6,24.9
Srimongal,2016,10,13,28.2,28.8,29.1,26.1
Srimongal,2016,10,14,29.15,29.1,29,27.4
Srimongal,2016,10,15,30.6,29.9,29.3,28.3
Srimongal,2016,10,16,30.5,30.2,29.5,28.3
Srimongal,2016,10,17,31.1,30.6,29.8,28.8
Srimongal,2016,10,18,31.2,30.8,30,28.8
Srimongal,2016,10,19,30.8,30.6,30.05,28.3
Srimongal,2016,10,20,25.55,30.4,30,26.9
Srimongal,2016,10,21,29.7,29.9,29.8,26
Srimongal,2016,10,22,28.9,29.3,29.35,25.2
Srimongal,2016,10,23,28.7,28.9,29.1,24.5
Srimongal,2016,10,24,28.6,28.75,29,26.4
Srimongal,2016,10,25,29.5,29.3,29,27.9
Srimongal,2016,10,26,29.45,29.55,29.4,26.9
Srimongal,2016,10,27,28.6,29.2,29.15,25
Srimongal,2016,10,28,27.15,28.05,28.7,23.6
Srimongal,2016,10,29,28,28,28.3,26.1
Srimongal,2016,10,30,28.7,28.6,28.55,26.6
Srimongal,2016,10,31,29.2,29.3,28.85,26.9
Srimongal,2016,11,1,23.5,23.9,25,26.9
Srimongal,2016,11,2,23.1,23.9,24.8,27.4
Srimongal,2016,11,3,23,23.6,24.1,27.7
Srimongal,2016,11,4,23.3,23.7,24.45,23.6
Srimongal,2016,11,5,23.2,23.65,24.25,22
Srimongal,2016,11,6,23.2,23.5,23.85,20.9
Srimongal,2016,11,7,23.3,23.7,24.2,23.1
Srimongal,2016,11,8,23.1,23.6,24.15,23.4
Srimongal,2016,11,9,23.25,23.6,24.3,23.7
Srimongal,2016,11,10,23.3,23.7,24,24.5
Srimongal,2016,11,11,26.5,26.7,26.8,23
Srimongal,2016,11,12,25.6,26.1,26.6,22.6
Srimongal,2016,11,13,25.3,25.9,26.4,22.9
Srimongal,2016,11,14,25.6,25.85,26.35,22.8
Srimongal,2016,11,15,25.2,25.6,25.6,22.3
Srimongal,2016,11,16,25.1,25.55,26.1,21.9
Srimongal,2016,11,17,24.75,25.3,25.8,21.1
Srimongal,2016,11,18,24.4,24.9,25.7,20.5
Srimongal,2016,11,19,23.6,24.55,25.3,20.3
Srimongal,2016,11,20,23.5,24.2,24.6,20.1
Srimongal,2016,11,21,29.35,29.35,28.3,20.5
Srimongal,2016,11,22,29.5,29.4,29.55,19.7
Srimongal,2016,11,23,29.5,29.45,30.5,20
Srimongal,2016,11,24,28.2,28.95,28.1,20.5
Srimongal,2016,11,25,26.5,27.4,23.9,20
Srimongal,2016,11,26,24.2,25.05,22.85,20.2
Srimongal,2016,11,27,24.75,24.8,21.7,20.8
Srimongal,2016,11,28,26.4,25.9,24.95,20.9
Srimongal,2016,11,29,26.45,26.35,26.15,20.2
Srimongal,2016,11,30,26.75,26.8,27.45,20.9
Srimongal,2016,12,1,23.1,23.7,24.15,21.2
Srimongal,2016,12,2,23.4,23.7,24.15,20.7
Srimongal,2016,12,3,23.2,23.7,24.1,20.6
Srimongal,2016,12,4,23.1,23.45,23.95,20.4
Srimongal,2016,12,5,22.85,23.25,23.85,19.9
Srimongal,2016,12,6,22.4,23,23.6,19
Srimongal,2016,12,7,22.1,22.7,23.4,19.1
Srimongal,2016,12,8,22,22.3,23.3,18.8
Srimongal,2016,12,9,21.2,22.1,22.9,18.7
Srimongal,2016,12,10,22,22.2,22.9,19
Srimongal,2016,12,11,22,22.2,22.9,18.6
Srimongal,2016,12,12,21.5,22.05,22.9,17.7
Srimongal,2016,12,13,21.1,21.6,22.55,18
Srimongal,2016,12,14,21,21.4,22.5,17.1
Srimongal,2016,12,15,21.15,21.3,22.3,17.3
Srimongal,2016,12,16,21,21.35,22.05,18.6
Srimongal,2016,12,17,21.7,21.75,22.3,19.6
Srimongal,2016,12,18,21.4,21.9,22.4,18.6
Srimongal,2016,12,19,20.85,21.5,22.15,18.3
Srimongal,2016,12,20,21.2,21.4,22.2,18.8
Srimongal,2016,12,21,20.9,21.35,22.05,18.3
Srimongal,2016,12,22,21.8,21.75,22.1,21.3
Srimongal,2016,12,23,22.95,22.8,22.65,20.7
Srimongal,2016,12,24,22.4,22.6,22.75,20.3
Srimongal,2016,12,25,22.25,22.55,22.9,20
Srimongal,2016,12,26,22.25,22.65,22.9,20.9
Srimongal,2016,12,27,22.2,22.5,22.85,18.7
Srimongal,2016,12,28,21.35,22.05,22.65,18
Srimongal,2016,12,29,21.55,21.9,22.6,19.1
Srimongal,2016,12,30,21.95,22,22.55,19.8
Srimongal,2016,12,31,21.65,22.2,22.45,18.7
Srimongal,2017,1,1,21.5,21.7,21.8,18.9
Srimongal,2017,1,2,21.7,21.9,22,19
Srimongal,2017,1,3,21.6,21.9,22.3,18.1
Srimongal,2017,1,4,21.2,21.5,22.05,17.6
Srimongal,2017,1,5,21.1,21.3,22,17.8
Srimongal,2017,1,6,21.3,21.3,21.9,16.6
Srimongal,2017,1,7,20.7,21,21.6,15.4
Srimongal,2017,1,8,19.9,20.6,21.4,16.3
Srimongal,2017,1,9,20.25,20.65,21.25,17.3
Srimongal,2017,1,10,19.9,20.5,21.2,17.9
Srimongal,2017,1,11,20.5,20.75,21.25,16
Srimongal,2017,1,12,19.5,20.2,21.1,14.9
Srimongal,2017,1,13,18.85,19.5,20.7,13.9
Srimongal,2017,1,14,18.15,18.85,20.3,13.8
Srimongal,2017,1,15,18.6,19,20.05,14.9
Srimongal,2017,1,16,18.6,19.1,19.9,15.4
Srimongal,2017,1,17,18.9,19.1,19.95,15.1
Srimongal,2017,1,18,18.75,19.2,19.95,15.6
Srimongal,2017,1,19,19.5,19.55,20,16.5
Srimongal,2017,1,20,19.6,19.9,20.15,16.4
Srimongal,2017,1,21,20.15,20,20.25,16.4
Srimongal,2017,1,22,20.3,20.15,20.35,17.2
Srimongal,2017,1,23,19.7,20.2,20.4,17.3
Srimongal,2017,1,24,20.75,20.65,20.8,18.1
Srimongal,2017,1,25,21.2,21.2,21,19.5
Srimongal,2017,1,26,22,21.7,21.3,21
Srimongal,2017,1,27,21.9,21.7,21.6,20.1
Srimongal,2017,1,28,22.15,21.95,21.95,19
Srimongal,2017,1,29,22.15,22.15,21.85,18.2
Srimongal,2017,1,30,21.8,21.75,21.9,18
Srimongal,2017,1,31,21.5,21.5,21.65,18.3
Srimongal,2017,2,1,21.65,21.65,21.6,17.8
Srimongal,2017,2,2,21.4,21.45,21.6,17.1
Srimongal,2017,2,3,21.3,21.05,21.4,16.4
Srimongal,2017,2,4,21.3,21.6,21.4,17.9
Srimongal,2017,2,5,22.35,21.9,21.95,20.1
Srimongal,2017,2,6,22.4,22.35,22,20.5
Srimongal,2017,2,7,22.8,22.7,22.3,20.3
Srimongal,2017,2,8,23.1,22.75,22.4,19.3
Srimongal,2017,2,9,22.2,22.5,22.3,18.4
Srimongal,2017,2,10,22.5,22.55,22.2,19.1
Srimongal,2017,2,11,22.5,22.2,22.2,19.7
Srimongal,2017,2,12,23.25,22.9,22.35,19.9
Srimongal,2017,2,13,23.4,23.1,22.5,20.2
Srimongal,2017,2,14,23.35,23.25,22.7,19.5
Srimongal,2017,2,15,23.65,23.15,22.8,20.2
Srimongal,2017,2,16,23.75,23.3,22.9,20.5
Srimongal,2017,2,17,24.3,23.6,23,21.2
Srimongal,2017,2,18,24.7,24.2,23.75,21.9
Srimongal,2017,2,19,24.2,24,23.5,21.6
Srimongal,2017,2,20,24,24,23.6,23.6
Srimongal,2017,2,21,25.55,24.85,23.75,25.5
Srimongal,2017,2,22,26.3,25.3,24.25,25.8
Srimongal,2017,2,23,26.15,25.6,24.45,22.7
Srimongal,2017,2,24,25.4,25.2,24.4,19.8
Srimongal,2017,2,25,24.6,24.7,24.4,18.9
Srimongal,2017,2,26,24.4,24.35,23.6,19.1
Srimongal,2017,2,27,24.55,24.5,23.6,19.7
Srimongal,2017,2,28,24.85,24.4,23.45,20.1
Srimongal,2017,3,1,24.8,24.45,23.95,20.6
Srimongal,2017,3,2,25.35,24.8,23.6,22.8
Srimongal,2017,3,3,25.45,25.1,23.9,23.1
Srimongal,2017,3,4,25.65,25.1,24.45,22
Srimongal,2017,3,5,23.2,24,24.15,20
Srimongal,2017,3,6,24,23.5,23.7,22.5
Srimongal,2017,3,7,24.65,24.5,24,23
Srimongal,2017,3,8,23.9,24.45,24.2,22.3
Srimongal,2017,3,9,24.7,23.95,24.1,22.2
Srimongal,2017,3,10,25.1,24.95,24.4,22.8
Srimongal,2017,3,11,23.5,23.9,23.9,21.3
Srimongal,2017,3,12,25,24.55,24.1,22.8
Srimongal,2017,3,13,24.65,24.75,24.4,20.4
Srimongal,2017,3,14,23.6,24,24.15,19.9
Srimongal,2017,3,15,23.3,23.65,23.85,19.9
Srimongal,2017,3,16,23.4,23.7,23.7,19.7
Srimongal,2017,3,17,23.6,23.6,23.7,21.5
Srimongal,2017,3,18,23.15,23.9,23.95,20.9
Srimongal,2017,3,19,24.65,24,23.8,23.6
Srimongal,2017,3,20,22.9,24.3,24.1,18.1
Srimongal,2017,3,21,23.7,23.15,23.4,20.3
Srimongal,2017,3,22,24.15,24.1,23.6,22.1
Srimongal,2017,3,23,24.55,24.5,24,23.9
Srimongal,2017,3,24,26.15,25.25,24.5,25.4
Srimongal,2017,3,25,24.45,24.8,24.9,20.5
Srimongal,2017,3,26,24.95,24.4,24.2,23.9
Srimongal,2017,3,27,27.2,25.85,24.95,26.9
Srimongal,2017,3,28,27.3,26.55,25.6,25.7
Srimongal,2017,3,29,25.7,26.2,25.7,25.2
Srimongal,2017,3,30,26.3,26,25.75,25.7
Srimongal,2017,3,31,24.7,25.1,25.3,25.3
Srimongal,2017,4,1,26.85,26.7,25.65,27.2
Srimongal,2017,4,2,26.6,27.1,26.05,26.6
Srimongal,2017,4,3,25.9,26.1,26.15,21.2
Srimongal,2017,4,4,22.25,24.4,24.35,20.5
Srimongal,2017,4,5,21.5,22.8,24,19.5
Srimongal,2017,4,6,23.95,23,23.45,24
Srimongal,2017,4,7,26.7,25.2,24.2,27.1
Srimongal,2017,4,8,28.6,27,25.3,28.5
Srimongal,2017,4,9,29.4,28.1,26.35,28.4
Srimongal,2017,4,10,29.6,28.15,26.8,27.8
Srimongal,2017,4,11,29.5,28.75,27.3,27.9
Srimongal,2017,4,12,29.4,28.9,27.6,26.6
Srimongal,2017,4,13,29.3,28.8,27.75,26.9
Srimongal,2017,4,14,29.4,29.45,27.75,27.5
Srimongal,2017,4,15,29.5,29,27.95,26.4
Srimongal,2017,4,16,28,28.05,27.65,24
Srimongal,2017,4,17,28.9,28.5,27.5,26.3
Srimongal,2017,4,18,29.15,28.6,27.5,27.9
Srimongal,2017,4,19,28.8,28.85,27.9,25.2
Srimongal,2017,4,20,27.45,27.1,27.55,24.7
Srimongal,2017,4,21,26.35,26.9,27.1,23.7
Srimongal,2017,4,22,26.1,26.55,26.7,21.9
Srimongal,2017,4,23,24.7,25.1,25.75,22.6
Srimongal,2017,4,24,24.85,24.9,25.5,22.2
Srimongal,2017,4,25,26.05,25.3,25.4,27.2
Srimongal,2017,4,26,27.7,26.9,26,27.6
Srimongal,2017,4,27,28.5,27.75,26.65,28
Srimongal,2017,4,28,27.65,28.55,27.3,24.7
Srimongal,2017,4,29,28.15,27.8,27.15,26.6
Srimongal,2017,4,30,29,28.55,27.4,26.9
Srimongal,2017,5,1,29.3,28.8,27.75,26.7
Srimongal,2017,5,2,29.1,28.9,28,26.2
Srimongal,2017,5,3,30.3,29.4,28.15,28.6
Srimongal,2017,5,4,30.7,29.95,28.5,26.8
Srimongal,2017,5,5,29.95,29.65,28.75,26.4
Srimongal,2017,5,6,29.8,29.7,28.7,26.8
Srimongal,2017,5,7,29.15,29.1,28.55,26.5
Srimongal,2017,5,8,30.15,29.5,28.75,28.9
Srimongal,2017,5,9,30,29.8,28.9,27.1
Srimongal,2017,5,10,30.05,29.5,28.9,27.9
Srimongal,2017,5,11,30.55,29.5,29,28.3
Srimongal,2017,5,12,30.85,30.2,29.25,27.3
Srimongal,2017,5,13,30.65,29.9,30,28.6
Srimongal,2017,5,14,30.4,30.2,29.45,27.5
Srimongal,2017,5,15,30.5,29.9,29.25,25.9
Srimongal,2017,5,16,30.15,29.8,29.1,26.5
Srimongal,2017,5,17,30.55,30.05,29.25,28.6
Srimongal,2017,5,18,31.5,30.65,29.5,28.7
Srimongal,2017,5,19,30.3,30.2,29.6,26.3
Srimongal,2017,5,20,29.7,29.8,29.25,26.9
Srimongal,2017,5,21,29.6,29.6,29.1,28.2
Srimongal,2017,5,22,31.2,30.35,29.45,28.4
Srimongal,2017,5,23,32.05,30.95,29.75,30.6
Srimongal,2017,5,24,32.6,31.6,30.2,29.7
Srimongal,2017,5,25,32.7,31.6,30.9,30.9
Srimongal,2017,5,26,32.7,32,30.7,28.8
Srimongal,2017,5,27,32.8,32.2,30.8,30.3
Srimongal,2017,5,28,32.8,32.35,31,30.1
Srimongal,2017,5,29,32.1,32.1,31.2,29.3
Srimongal,2017,5,30,28.9,30.5,30.75,26.1
Srimongal,2017,5,31,29.1,29.4,29.65,26.7
Srimongal,2017,6,1,27.5,28.5,29.15,24.3
Srimongal,2017,6,2,28.15,27.95,28.3,26.6
Srimongal,2017,6,3,27.95,28.5,28.4,26.5
Srimongal,2017,6,4,27.1,27.3,27.2,25.4
Srimongal,2017,6,5,27.3,27.75,27.9,26.8
Srimongal,2017,6,6,30.55,29.55,28.6,29.9
Srimongal,2017,6,7,32.25,31.25,28.95,31.2
Srimongal,2017,6,8,32.1,31.4,30.2,28.9
Srimongal,2017,6,9,32.65,31.8,30.4,29.6
Srimongal,2017,6,10,32.55,31.95,30.7,29.3
Srimongal,2017,6,11,31.5,31.6,30.6,28.1
Srimongal,2017,6,12,29.1,30.1,30.25,25.8
Srimongal,2017,6,13,28.95,29.05,29.3,27.3
Srimongal,2017,6,14,28.05,28.85,29.1,25.4
Srimongal,2017,6,15,29.5,29.05,28.6,27.4
Srimongal,2017,6,16,29.5,29.5,29,26.8
Srimongal,2017,6,17,28.9,29.2,28.95,27
Srimongal,2017,6,18,28.8,29.1,28.85,26.8
Srimongal,2017,6,19,27.55,28.2,28.65,23.9
Srimongal,2017,6,20,28,27.75,28.2,25.9
Srimongal,2017,6,21,29.05,28.8,28.2,28
Srimongal,2017,6,22,29.4,29.35,28.6,27.7
Srimongal,2017,6,23,30.3,29.75,29,27.1
Srimongal,2017,6,24,31.3,30,29.25,28.3
Srimongal,2017,6,25,31.8,30.9,29.6,29.4
Srimongal,2017,6,26,32.05,31.2,30.15,28.9
Srimongal,2017,6,27,32.25,31.4,30.25,29
Srimongal,2017,6,28,31.9,31.35,30.4,28
Srimongal,2017,6,29,31.6,31.25,30.4,28.6
Srimongal,2017,6,30,31.3,31,30.45,27.9
Srimongal,2017,7,1,31,30.8,30.3,28.3
Srimongal,2017,7,2,31.6,31,30.2,28.8
Srimongal,2017,7,3,31.15,30.9,30.5,27.7
Srimongal,2017,7,4,30.6,30.5,30.1,27.8
Srimongal,2017,7,5,30.4,30.35,30.1,27.4
Srimongal,2017,7,6,31.35,30.7,30,28.8
Srimongal,2017,7,7,31.7,31,30.25,28.7
Srimongal,2017,7,8,31.6,31.25,30.5,28.1
Srimongal,2017,7,9,30.75,30.8,30.45,27.2
Srimongal,2017,7,10,30,30.2,30.2,26.6
Srimongal,2017,7,11,30.35,30,29.8,27.1
Srimongal,2017,7,12,31.2,30.3,29.8,28.5
Srimongal,2017,7,13,30.2,30.2,29.9,26.3
Srimongal,2017,7,14,31,30,29.8,28.2
Srimongal,2017,7,15,31.95,31.1,30.1,29.8
Srimongal,2017,7,16,33.05,31.9,30.35,30
Srimongal,2017,7,17,33.75,32.7,31.1,30.9
Srimongal,2017,7,18,33.3,32.85,31.45,30.2
Srimongal,2017,7,19,32.4,32.2,31.3,28
Srimongal,2017,7,20,30.75,31,30.9,26.5
Srimongal,2017,7,21,31.35,30.75,30.45,28.6
Srimongal,2017,7,22,32.15,31.5,30.6,29.3
Srimongal,2017,7,23,30.35,30.7,30.55,27.1
Srimongal,2017,7,24,29.95,30.25,30.35,26.1
Srimongal,2017,7,25,30.15,29.9,30,26.9
Srimongal,2017,7,26,30.25,30,29.95,27.7
Srimongal,2017,7,27,31.4,30.5,30,28.4
Srimongal,2017,7,28,31.95,31.1,30.3,29.4
Srimongal,2017,7,29,31.95,31.25,30.45,28.4
Srimongal,2017,7,30,31.9,31.2,30.5,28.2
Srimongal,2017,7,31,31.9,31.5,30.8,28.9
Srimongal,2017,8,1,31.8,31.4,30.7,28.8
Srimongal,2017,8,2,30.9,31.3,30.7,28.7
Srimongal,2017,8,3,31.9,31.4,30.8,29
Srimongal,2017,8,4,32.2,31.6,30.9,29.7
Srimongal,2017,8,5,32.25,31.75,31,29.9
Srimongal,2017,8,6,31.85,31.65,31.2,28
Srimongal,2017,8,7,31.15,31,30.8,27.6
Srimongal,2017,8,8,31.7,30.8,30.8,29.2
Srimongal,2017,8,9,31.15,30.95,30.65,28
Srimongal,2017,8,10,30.4,30.6,30.6,27.4
Srimongal,2017,8,11,29.2,29.45,30.05,25.3
Srimongal,2017,8,12,29.05,28.65,29.2,26.1
Srimongal,2017,8,13,29.45,29.05,29,27.5
Srimongal,2017,8,14,30,29.7,29.25,28.1
Srimongal,2017,8,15,30.1,29.95,29.55,27.4
Srimongal,2017,8,16,30.65,29.95,29.6,28
Srimongal,2017,8,17,31.45,30.5,29.8,29.3
Srimongal,2017,8,18,31,30.8,30.2,27.7
Srimongal,2017,8,19,31.75,30.8,30.2,28.9
Srimongal,2017,8,20,32,31.4,30.6,29.2
Srimongal,2017,8,21,32.6,31.5,30.75,29.4
Srimongal,2017,8,22,32.1,31.8,30.8,28.9
Srimongal,2017,8,23,32.7,31.9,31,29.3
Srimongal,2017,8,24,32.3,31.8,30.5,29
Srimongal,2017,8,25,32.35,31.8,31,29.4
Srimongal,2017,8,26,31.5,31.55,31.05,27.7
Srimongal,2017,8,27,32.2,31.5,30.9,28.9
Srimongal,2017,8,28,32.3,31.7,30.5,28.8
Srimongal,2017,8,29,32.2,31,31,28.7
Srimongal,2017,8,30,31.5,31.2,31,27.6
Srimongal,2017,8,31,30.6,30.3,30.7,26.9
Srimongal,2017,9,1,30.6,30.4,30.55,27.2
Srimongal,2017,9,2,30.3,30.45,30.35,27.3
Srimongal,2017,9,3,30.25,30.35,30.35,27.2
Srimongal,2017,9,4,30.6,30.45,30.4,27.6
Srimongal,2017,9,5,30.35,30.4,30.3,26.7
Srimongal,2017,9,6,30.3,29.95,30.05,27.1
Srimongal,2017,9,7,30.1,29.85,29.9,27.5
Srimongal,2017,9,8,30.3,30,29.8,27.6
Srimongal,2017,9,9,30.2,29.9,29.9,27.9
Srimongal,2017,9,10,29.9,29.8,29.9,26
Srimongal,2017,9,11,29.8,29.6,29.6,26
Srimongal,2017,9,12,30.15,29.8,29.6,27
Srimongal,2017,9,13,30.1,30.1,29.8,27.3
Srimongal,2017,9,14,30.6,29.95,29.75,27.8
Srimongal,2017,9,15,31.45,30.7,29.9,29.5
Srimongal,2017,9,16,32.1,31.3,30.3,30.4
Srimongal,2017,9,17,31.4,31,30.6,27.6
Srimongal,2017,9,18,31.7,31,30.4,28.8
Srimongal,2017,9,19,30.75,30.65,30.45,27.5
Srimongal,2017,9,20,30.45,30.45,30.35,27.6
Srimongal,2017,9,21,30.55,30.45,30.25,28.1
Srimongal,2017,9,22,31.4,30.85,30.3,29.1
Srimongal,2017,9,23,31.85,31.4,30.5,29.6
Srimongal,2017,9,24,32.1,31.6,30.75,30.1
Srimongal,2017,9,25,31.65,31.7,30.8,28.9
Srimongal,2017,9,26,31.85,31.4,30.95,28.9
Srimongal,2017,9,27,31.8,31.25,30.75,28.7
Srimongal,2017,9,28,32.05,31.5,30.8,28.1
Srimongal,2017,9,29,30.75,30.9,30.65,26.8
Srimongal,2017,9,30,30.5,30.45,30.5,27.2
Srimongal,2017,10,1,29.75,30.2,30.25,26
Srimongal,2017,10,2,30.7,30.05,30,28.4
Srimongal,2017,10,3,31.15,30.7,30.2,29
Srimongal,2017,10,4,31.6,31.05,30.35,29.7
Srimongal,2017,10,5,32.1,31.7,30.75,29
Srimongal,2017,10,6,32.25,31.6,31,28.6
Srimongal,2017,10,7,30.95,30.7,30.45,27.7
Srimongal,2017,10,8,31.15,30.8,30.4,27.5
Srimongal,2017,10,9,31.1,30.85,30.45,27.8
Srimongal,2017,10,10,31.4,30.85,30.4,28.8
Srimongal,2017,10,11,31.8,31.2,30.6,29.2
Srimongal,2017,10,12,31.55,31.2,30.6,29
Srimongal,2017,10,13,31.1,31.2,30.6,27.5
Srimongal,2017,10,14,31.4,31.05,30.6,28.4
Srimongal,2017,10,15,31.5,31.1,30.65,28.1
Srimongal,2017,10,16,30.95,30.4,30.45,27.6
Srimongal,2017,10,17,31.2,30.8,30.4,28.8
Srimongal,2017,10,18,30.9,30.5,30.4,27.8
Srimongal,2017,10,19,29.75,30,30.2,25.7
Srimongal,2017,10,20,28.75,29.35,29.65,24.3
Srimongal,2017,10,21,26.7,27.28,31.32,22.9
Srimongal,2017,10,22,26.71,27.18,31.28,23.2
Srimongal,2017,10,23,28.05,28.31,33.59,25.6
Srimongal,2017,10,24,28.23,28.36,33.34,26
Srimongal,2017,10,25,27.75,27.86,33,25.5
Srimongal,2017,10,26,26.66,27.22,33.03,23.8
Srimongal,2017,10,27,25.39,25.76,32.62,22.7
Srimongal,2017,10,28,25.52,26.35,33.53,23.8
Srimongal,2017,10,29,26.5,26.9,32.92,23.3
Srimongal,2017,10,30,24.48,24.92,26.58,20.9
Srimongal,2017,10,31,25.19,25.6,33.2,22.5
Srimongal,2017,11,1,25.86,26.61,34.51,23.3
Srimongal,2017,11,2,26.07,26.62,33.41,23.6
Srimongal,2017,11,3,26.2,26.76,34.31,23.6
Srimongal,2017,11,4,26.67,27.24,34.14,24.3
Srimongal,2017,11,5,26.59,26.85,27.02,23.7
Srimongal,2017,11,6,26.13,26.73,26.75,23.3
Srimongal,2017,11,7,25.75,26.15,26.07,22.8
Srimongal,2017,11,8,26.22,26.84,26.75,23.3
Srimongal,2017,11,9,26.28,26.72,26.74,23.3
Srimongal,2017,11,10,25.32,25.85,25.94,22.8
Srimongal,2017,11,11,25.99,26.53,26.67,23.6
Srimongal,2017,11,12,26.21,26.57,26.61,23.6
Srimongal,2017,11,13,25.62,26.17,26.18,22.9
Srimongal,2017,11,14,25.21,25.86,25.93,23.6
Srimongal,2017,11,15,26.24,26.92,26.95,23.2
Srimongal,2017,11,16,25.48,26.09,26.02,22.6
Srimongal,2017,11,17,27.45,27.63,27.44,24.8
Srimongal,2017,11,18,27.94,28.19,27.83,25.1
Srimongal,2017,11,19,26.73,27.25,27.28,24.4
Srimongal,2017,11,20,25.36,26.41,26.85,23.1
Srimongal,2017,11,21,25.36,25.67,25.62,22.8
Srimongal,2017,11,22,24.31,24.77,25.25,21.6
Srimongal,2017,11,23,23.07,23.76,24.23,20.3
Srimongal,2017,11,24,23.45,24.02,24.29,20.2
Srimongal,2017,11,25,23.06,23.38,23.38,20
Srimongal,2017,11,26,22.6,22.96,23.14,19.5
Srimongal,2017,11,27,22.75,23.41,23.68,19.9
Srimongal,2017,11,28,22.6,23.24,23.37,19.6
Srimongal,2017,11,29,22.14,22.82,22.98,19.1
Srimongal,2017,11,30,22.2,22.81,22.98,19.2
Srimongal,2017,12,1,22.31,22.83,23.04,19
Srimongal,2017,12,2,22.28,22.6,22.95,19.2
Srimongal,2017,12,3,21.29,21.97,22.43,18.5
Srimongal,2017,12,4,21.18,21.5,21.87,17.9
Srimongal,2017,12,5,20.91,21.41,21.84,18
Srimongal,2017,12,6,20.45,20.88,21.2,17.6
Srimongal,2017,12,7,21.97,22.36,22.42,19
Srimongal,2017,12,8,22.19,22.97,23.23,20.3
Srimongal,2017,12,9,23.12,23.74,23.83,20.7
Srimongal,2017,12,10,24.83,25.15,25.44,21.4
Srimongal,2017,12,11,25.5,26.13,26.3,21.9
Srimongal,2017,12,12,25,25.97,26.02,22
Srimongal,2017,12,13,23.18,23.79,23.98,21.2
Srimongal,2017,12,14,22.1,22.75,22.96,19.7
Srimongal,2017,12,15,21.2,21.65,22.15,18.1
Srimongal,2017,12,16,20.49,21.2,21.46,17.5
Srimongal,2017,12,17,20.85,21.31,21.55,17.5
Srimongal,2017,12,18,21.85,22.31,22.7,19.2
Srimongal,2017,12,19,22.11,22.68,23.02,19.8
Srimongal,2017,12,20,23.16,23.68,24.08,20.1
Srimongal,2017,12,21,21.6,21.6,22,19.4
Srimongal,2017,12,22,22.5,22.1,22.2,18.6
Srimongal,2017,12,23,21.7,22.1,22.3,18.8
Srimongal,2017,12,24,20.2,20.7,21.8,18.1
Srimongal,2017,12,25,19.7,20.5,21.6,18.5
Srimongal,2017,12,26,19,19.65,21,18.6
Srimongal,2017,12,27,18.7,19.3,20.5,17.7
Srimongal,2017,12,28,17.8,18.5,20.1,18.5
Srimongal,2017,12,29,17.4,18.2,19.8,18.6
Srimongal,2017,12,30,17.5,17.8,19.4,19.1
Srimongal,2017,12,31,17.6,18,19.45,19.8
Srimongal,2018,1,1,18.5,18.6,19.4,20.1
Srimongal,2018,1,2,19,18.8,19.7,20.7
Srimongal,2018,1,3,19.65,19.4,19.8,16.5
Srimongal,2018,1,4,19.9,19.6,20.1,16
Srimongal,2018,1,5,19.4,19.4,20.1,15.1
Srimongal,2018,1,6,19.6,19.5,20,13.7
Srimongal,2018,1,7,19.8,19.65,20.2,12.8
Srimongal,2018,1,8,20.3,20.2,20.3,11.9
Srimongal,2018,1,9,20.2,20.25,20.45,11.6
Srimongal,2018,1,10,19.95,19.95,20.4,14.5
Srimongal,2018,1,11,19.9,19.8,20.2,14.8
Srimongal,2018,1,12,20.1,20,20.4,14.4
Srimongal,2018,1,13,20.1,20.05,20.4,15.5
Srimongal,2018,1,14,19.8,19.8,20.3,16.6
Srimongal,2018,1,15,20.2,19.95,20.55,15.6
Srimongal,2018,1,16,19.1,19.5,20.35,14.6
Srimongal,2018,1,17,18.65,19.1,20,16.6
Srimongal,2018,1,18,18.3,18.8,19.7,16.4
Srimongal,2018,1,19,18.15,18.5,19.4,17.8
Srimongal,2018,1,20,18.4,18.6,19.45,17.4
Srimongal,2018,1,21,18.85,18.8,19.5,17.2
Srimongal,2018,1,22,20.3,19.9,19.9,17.6
Srimongal,2018,1,23,20.35,20.2,20.3,17.6
Srimongal,2018,1,24,20.7,20.5,20.45,17.7
Srimongal,2018,1,25,21.35,20.75,20.55,17.5
Srimongal,2018,1,26,21.8,21.2,21,16.2
Srimongal,2018,1,27,22.1,21.2,21.3,15.5
Srimongal,2018,1,28,22.3,22,21.8,13.9
Srimongal,2018,1,29,21.45,21.4,21.6,14.3
Srimongal,2018,1,30,21.8,21.4,21.6,14.7
Srimongal,2018,1,31,21.55,21.55,21.65,15.8
Srimongal,2018,2,1,21.95,21.7,21.7,18
Srimongal,2018,2,2,21.8,21.7,21.7,17.8
Srimongal,2018,2,3,22.1,21.8,21.85,17.9
Srimongal,2018,2,4,22.2,21.95,21.9,19.6
Srimongal,2018,2,5,21.9,21.8,21.9,20.2
Srimongal,2018,2,6,22.05,21.8,21.9,20
Srimongal,2018,2,7,22.3,22.1,21.9,20.4
Srimongal,2018,2,8,22.45,22.05,22,19.5
Srimongal,2018,2,9,22.95,22.4,22.15,20.3
Srimongal,2018,2,10,22.85,22.8,22.4,20.6
Srimongal,2018,2,11,23.3,23.2,22.65,18.7
Srimongal,2018,2,12,23.75,23.2,22.85,19.8
Srimongal,2018,2,13,24.65,23.9,23.2,20.4
Srimongal,2018,2,14,24.7,24.3,23.45,20
Srimongal,2018,2,15,24.05,24.1,23.65,19.2
Srimongal,2018,2,16,24.5,24,23.6,19.3
Srimongal,2018,2,17,24.5,24.25,23.7,19.7
Srimongal,2018,2,18,24.9,24.35,23.8,20.1
Srimongal,2018,2,19,24.9,24.5,23.95,20.3
Srimongal,2018,2,20,24.95,24.9,24.2,20.9
Srimongal,2018,2,21,26.5,25.65,24.6,21.1
Srimongal,2018,2,22,26.9,26.55,25,22
Srimongal,2018,2,23,26.7,26.3,25.25,22
Srimongal,2018,2,24,26,25.85,25.25,24
Srimongal,2018,2,25,25.45,25.3,25,24
Srimongal,2018,2,26,25.2,25.15,24.9,21.6
Srimongal,2018,2,27,25.25,25.25,24.9,22.4
Srimongal,2018,2,28,25,24.9,24.6,23.1
Srimongal,2018,3,1,25.6,25.4,24.9,23.2
Srimongal,2018,3,2,26,25.8,25.05,23.4
Srimongal,2018,3,3,25.75,25.5,25.1,25.9
Srimongal,2018,3,4,26.9,26.1,25.3,26.2
Srimongal,2018,3,5,27.3,26.8,25.65,25.9
Srimongal,2018,3,6,27.5,27,25.85,24.5
Srimongal,2018,3,7,27.65,27.2,26.05,22
Srimongal,2018,3,8,27.2,27.45,26.1,22.3
Srimongal,2018,3,9,26.9,26.9,26.15,22.5
Srimongal,2018,3,10,26.85,26.95,26.1,22.3
Srimongal,2018,3,11,27.1,26.9,26.05,22.7
Srimongal,2018,3,12,27.65,27.3,26.25,24.5
Srimongal,2018,3,13,28.1,27.7,26.4,21.8
Srimongal,2018,3,14,28.65,27.95,26.65,24
Srimongal,2018,3,15,27.85,27.7,26.8,26.5
Srimongal,2018,3,16,27.4,27.25,26.5,26
Srimongal,2018,3,17,28.15,27.45,26.7,25.7
Srimongal,2018,3,18,27.95,27.65,26.8,23.9
Srimongal,2018,3,19,27.25,27.3,26.85,23.3
Srimongal,2018,3,20,25.4,26,26.4,23.6
Srimongal,2018,3,21,26.7,26,25.9,23.4
Srimongal,2018,3,22,27.2,26.8,26.2,24.9
Srimongal,2018,3,23,28.2,27.45,26.4,25.8
Srimongal,2018,3,24,28,27.55,26.75,25.9
Srimongal,2018,3,25,27.45,27.55,26.95,26
Srimongal,2018,3,26,27.05,27.05,26.7,24.4
Srimongal,2018,3,27,27.55,26.9,26.65,25.1
Srimongal,2018,3,28,27,27.1,26.9,26.2
Srimongal,2018,3,29,27.75,27.1,26.6,25
Srimongal,2018,3,30,28.2,27.8,26.9,22.8
Srimongal,2018,3,31,27.9,27.75,27.15,21.2
Srimongal,2018,4,1,28.75,28.2,27.25,25.3
Srimongal,2018,4,2,29.3,28.9,27.6,25.5
Srimongal,2018,4,3,28.75,28.6,27.9,26.2
Srimongal,2018,4,4,29.4,28.75,27.85,25.7
Srimongal,2018,4,5,29.95,29.4,28.25,24
Srimongal,2018,4,6,27.95,28.6,28.25,23.2
Srimongal,2018,4,7,28.1,27.7,27.4,25.9
Srimongal,2018,4,8,28.4,28.25,27.75,23.3
Srimongal,2018,4,9,28.4,28.3,27.7,26.4
Srimongal,2018,4,10,26.45,27.3,27.6,24.6
Srimongal,2018,4,11,26.9,27,27,24.9
Srimongal,2018,4,12,29.1,28.1,27.2,26.4
Srimongal,2018,4,13,30,29.15,27.95,26.6
Srimongal,2018,4,14,29.3,29.05,28.15,25.2
Srimongal,2018,4,15,28.25,28.3,28,27.2
Srimongal,2018,4,16,28.2,27.9,27.9,28.2
Srimongal,2018,4,17,29.1,28.55,27.95,22.7
Srimongal,2018,4,18,26.65,27.75,27.95,26.1
Srimongal,2018,4,19,24.6,25.85,26.9,26.1
Srimongal,2018,4,20,27.93,27.88,27.55,25.8
Srimongal,2018,4,21,27.15,27.5,27.52,23.5
Srimongal,2018,4,22,27.34,27.47,27.42,24.8
Srimongal,2018,4,23,29.8,29.68,28.75,28.2
Srimongal,2018,4,24,28.36,28.62,27.86,26.6
Srimongal,2018,4,25,28.33,28.16,27.68,25.9
Srimongal,2018,4,26,27.45,27.8,27.38,25.5
Srimongal,2018,4,27,27.13,27.39,27.43,24.5
Srimongal,2018,4,28,29.01,29.11,28.55,27.4
Srimongal,2018,4,29,25,25.34,25.53,21.4
Srimongal,2018,4,30,23.51,24.13,24.39,20.6
Srimongal,2018,5,1,26.65,26.51,26.2,24.7
Srimongal,2018,5,2,27.61,27.69,27.61,25.1
Srimongal,2018,5,3,27.96,28.02,27.6,25.5
Srimongal,2018,5,4,26.86,27.03,27.14,23.5
Srimongal,2018,5,5,27.3,27.63,27.44,24.9
Srimongal,2018,5,6,29.2,29.18,28.61,27.2
Srimongal,2018,5,7,27.37,27.82,27.68,24.5
Srimongal,2018,5,8,26.81,27.28,27.28,24.1
Srimongal,2018,5,9,27.2,27.59,27.5,24
Srimongal,2018,5,10,25.53,26.08,26.04,22
Srimongal,2018,5,11,26.09,26.52,26.33,23.7
Srimongal,2018,5,12,28.41,28.71,27.73,26.6
Srimongal,2018,5,13,28.41,28.36,27.87,26
Srimongal,2018,5,14,28.37,28.39,27.91,26.2
Srimongal,2018,5,15,28.54,28.58,27.96,25.9
Srimongal,2018,5,16,27,27.43,27.18,24.8
Srimongal,2018,5,17,28.04,28.23,27.84,25.6
Srimongal,2018,5,18,27.74,28.13,27.81,24.7
Srimongal,2018,5,19,28.6,28.9,28.24,26.7
Srimongal,2018,5,20,28.72,29.03,28.34,26.5
Srimongal,2018,5,21,28.56,29,28.71,25.8
Srimongal,2018,5,22,29.35,29.84,29.27,27
Srimongal,2018,5,23,29.39,29.82,29.32,27
Srimongal,2018,5,24,28.23,28.7,28.4,25.2
Srimongal,2018,5,25,29.91,30.18,29.36,27.7
Srimongal,2018,5,26,30.67,30.81,30.07,29.1
Srimongal,2018,5,27,30.83,30.82,30.22,28.4
Srimongal,2018,5,28,30.67,30.74,29.77,28.3
Srimongal,2018,5,29,29.62,29.75,28.73,28.1
Srimongal,2018,5,30,30.72,30.44,29.6,29.3
Srimongal,2018,6,31,28.09,28.84,28.63,25.4
Srimongal,2018,6,1,29.56,29.52,29.21,27.3
Srimongal,2018,6,2,30.79,30.88,29.82,28.6
Srimongal,2018,6,3,31.08,30.97,30.17,29.4
Srimongal,2018,6,4,30.79,30.83,29.89,29.8
Srimongal,2018,6,5,31.29,31.22,30.44,29.7
Srimongal,2018,6,6,30.69,30.77,29.95,28.4
Srimongal,2018,6,7,30.22,30.15,29.6,27.9
Srimongal,2018,6,8,30.39,30.42,29.65,29.9
Srimongal,2018,6,9,30.96,30.87,30.12,29.2
Srimongal,2018,6,10,31.24,31.11,30.44,29
Srimongal,2018,6,11,28.81,29.19,29.27,26.2
Srimongal,2018,6,12,29.04,29.24,29.26,26.2
Srimongal,2018,6,13,30.07,30.38,29.86,28
Srimongal,2018,6,14,29.42,29.61,29.48,26.2
Srimongal,2018,6,15,28.49,28.84,28.47,25.9
Srimongal,2018,6,16,29.05,29.53,29.05,26.6
Srimongal,2018,6,17,30.28,30.26,29.74,27.8
Srimongal,2018,6,18,30.72,30.76,29.85,28.7
Srimongal,2018,6,19,28.51,28.79,28.18,26.7
Srimongal,2018,6,20,30.44,30.13,29.61,29.6
Srimongal,2018,6,21,31.52,31.27,30.72,29.2
Srimongal,2018,6,22,31.12,30.99,30.48,28.9
Srimongal,2018,6,23,30.5,30.68,30.06,28.1
Srimongal,2018,6,24,30.71,30.93,30.21,28.6
Srimongal,2018,6,25,29.69,30.03,29.72,27.2
Srimongal,2018,6,26,30.63,30.83,30.27,28.6
Srimongal,2018,6,27,31.2,31.01,30.42,28.7
Srimongal,2018,6,28,30.96,31,30.37,29.3
Srimongal,2018,6,29,31.01,31.03,30.28,28.7
Srimongal,2018,7,30,30.89,31,30.35,28.9
Srimongal,2018,7,1,31.12,31.07,30.42,29.2
Srimongal,2018,7,2,30.35,30.86,30.16,28.3
Srimongal,2018,7,3,29.14,29.71,29.35,26.7
Srimongal,2018,7,4,29.82,30.17,29.89,27.4
Srimongal,2018,7,5,29.87,30.08,29.73,27.1
Srimongal,2018,7,6,31.26,31.33,30.52,30
Srimongal,2018,7,7,30.22,30.65,30.11,28.3
Srimongal,2018,7,8,30.39,30.68,30.15,28.4
Srimongal,2018,7,9,30.7,30.81,30.14,28.8
Srimongal,2018,7,10,30.8,30.87,30.11,28.3
Srimongal,2018,7,11,31.44,31.26,30.43,29.6
Srimongal,2018,7,12,31.46,31.28,30.52,29.9
Srimongal,2018,7,13,31.37,31.29,30.59,29.1
Srimongal,2018,7,14,30.84,30.9,29.99,29.7
Srimongal,2018,7,15,31.67,31.32,30.56,29.3
Srimongal,2018,7,16,31.41,31.26,30.49,29.6
Srimongal,2018,7,17,31.35,31.23,30.5,29.6
Srimongal,2018,7,18,31.69,31.68,31.24,30.9
Srimongal,2018,7,19,32.01,31.93,31.42,32.4
Srimongal,2018,7,20,31.7,31.5,30.48,30.2
Srimongal,2018,7,21,30.1,30.37,29.95,27.4
Srimongal,2018,7,22,30.46,30.67,30.06,28.3
Srimongal,2018,7,23,29.65,29.92,29.68,26.9
Srimongal,2018,7,24,29.87,30.08,29.73,27.1
Srimongal,2018,7,25,30.87,30.83,30.2,28.4
Srimongal,2018,7,26,30.71,30.74,30,28.1
Srimongal,2018,7,27,30.51,30.71,29.96,28.2
Srimongal,2018,7,28,30.38,30.6,29.92,28.1
Srimongal,2018,7,29,31.12,31.12,30.41,29
Srimongal,2018,7,30,30.8,30.87,30.09,28.2
Srimongal,2018,8,31,30.57,30.57,29.99,28
Srimongal,2018,8,1,29.43,29.79,29.39,26.6
Srimongal,2018,8,2,29.16,29.61,28.97,26.5
Srimongal,2018,8,3,29.38,29.8,29.33,27
Srimongal,2018,8,4,31.15,31.13,30.4,29.3
Srimongal,2018,8,5,30.65,30.81,30.26,28.4
Srimongal,2018,8,6,31.11,31.19,30.53,29.8
Srimongal,2018,8,7,31.42,31.19,30.53,29.2
Srimongal,2018,8,8,31.29,31.22,30.49,29.5
Srimongal,2018,8,9,31.15,31.24,30.59,29.2
Srimongal,2018,8,10,31.32,31.23,30.44,29.5
Srimongal,2018,8,11,30.44,30.72,30.12,28.1
Srimongal,2018,8,12,29.8,29.94,29.76,27.6
Srimongal,2018,8,13,31.27,31.21,30.5,29.3
Srimongal,2018,8,14,31.23,31.15,30.41,29.2
Srimongal,2018,8,15,31.58,31.34,30.6,29.4
Srimongal,2018,8,16,31.48,31.47,30.54,29.6
Srimongal,2018,8,17,30.91,30.83,29.88,29.4
Srimongal,2018,8,18,31.59,31.54,30.74,30.4
Srimongal,2018,8,19,30.94,30.9,29.95,29.9
Srimongal,2018,8,20,30.96,30.83,30.31,28.5
Srimongal,2018,8,21,30.03,30.23,29.78,27.3
Srimongal,2018,8,22,30.33,30.65,30.03,28.3
Srimongal,2018,8,23,30.97,31.05,30.41,28.9
Srimongal,2018,8,24,30.59,30.69,30.08,28.3
Srimongal,2018,8,25,30.74,30.83,30.17,28.5
Srimongal,2018,8,26,30.85,30.63,30.04,28.5
Srimongal,2018,8,27,30.19,30.54,29.99,28.2
Srimongal,2018,8,28,31.02,30.97,30.37,28.8
Srimongal,2018,8,29,30.37,30.63,30.02,28.3
Srimongal,2018,8,30,30.82,30.86,30.28,28.6
Srimongal,2018,9,31,31.44,31.38,30.55,30.1
Srimongal,2018,9,1,30.57,30.42,29.94,27.9
Srimongal,2018,9,2,30.22,30.27,29.76,27.8
Srimongal,2018,9,3,30.73,30.72,30.07,28.3
Srimongal,2018,9,4,31.04,30.94,30.4,28.6
Srimongal,2018,9,5,30.89,30.9,30.12,29
Srimongal,2018,9,6,30.82,30.7,30.17,28.4
Srimongal,2018,9,7,31,31.03,30.24,29
Srimongal,2018,9,8,30.63,30.7,30,28.5
Srimongal,2018,9,9,31.11,31.15,30.39,28.9
Srimongal,2018,9,10,29.9,30.2,29.89,27.2
Srimongal,2018,9,11,30.04,30.16,29.72,27.4
Srimongal,2018,9,12,29.79,30.19,29.76,27.3
Srimongal,2018,9,13,29.89,30.13,29.67,27.6
Srimongal,2018,9,14,30.02,30.29,29.84,27.8
Srimongal,2018,9,15,31.32,31.11,30.37,29.2
Srimongal,2018,9,16,31.27,31.23,30.45,29.8
Srimongal,2018,9,17,31.48,31.39,30.62,30.4
Srimongal,2018,9,18,31.5,31.43,30.65,30.5
Srimongal,2018,9,19,31.32,31.17,30.43,29.5
Srimongal,2018,9,20,30.56,30.64,30.01,28.2
Srimongal,2018,9,21,31,30.9,29.91,29.3
Srimongal,2018,9,22,31.31,31.11,30.39,29.1
Srimongal,2018,9,23,30.38,30.32,29.88,27.7
Srimongal,2018,9,24,30.24,30.35,29.56,28
Srimongal,2018,9,25,28.71,28.98,28.5,26.9
Srimongal,2018,9,26,29.89,30.01,29.4,27.3
Srimongal,2018,9,27,29.13,29.58,29.38,26.5
Srimongal,2018,9,28,30.42,30.51,29.63,28
Srimongal,2018,9,29,29.93,30.03,29.47,27.4
Srimongal,2018,10,30,30.63,30.64,29.86,29.4
Srimongal,2018,10,1,31.01,30.96,30.27,28.7
Srimongal,2018,10,2,30.24,30.36,29.41,28
Srimongal,2018,10,3,29.42,29.31,28.8,27.8
Srimongal,2018,10,4,29.67,29.91,29.18,27.7
Srimongal,2018,10,5,30.05,29.91,29.32,28.1
Srimongal,2018,10,6,28.88,29.08,28.5,26.9
Srimongal,2018,10,7,29.45,29.51,29.02,27.5
Srimongal,2018,10,8,29.03,29.24,29.05,26.9
Srimongal,2018,10,9,28.81,28.94,28.37,27
Srimongal,2018,10,10,27.69,28.1,28.14,24.3
Srimongal,2018,10,11,27.48,28.03,27.79,24.4
Srimongal,2018,10,12,27.33,27.94,27.89,23.8
Srimongal,2018,10,13,26.68,27.11,27.26,23.2
Srimongal,2018,10,14,27.57,27.9,27.69,24.6
Srimongal,2018,10,15,26.95,27.42,27.23,24.3
Srimongal,2018,10,16,26.55,26.97,26.9,23.6
Srimongal,2018,10,17,25.88,26.37,26.36,23.5
Srimongal,2018,10,18,26.42,26.8,26.66,24.2
Srimongal,2018,10,19,26.59,27.18,26.75,24.5
Srimongal,2018,10,20,26.93,27.35,26.99,24.8
Srimongal,2018,10,21,27.29,27.63,27.37,24.7
Srimongal,2018,10,22,26.56,27.33,27.4,24.9
Srimongal,2018,10,23,26.56,27.31,26.96,24.6
Srimongal,2018,10,24,26.86,27.33,26.93,24.5
Srimongal,2018,10,25,26.7,27.15,27.08,24.2
Srimongal,2018,10,26,27.14,27.21,26.97,25.2
Srimongal,2018,10,27,28.15,28.11,27.67,25.9
Srimongal,2018,10,28,24.12,24.77,24.85,20.9
Srimongal,2018,10,29,26.17,26.71,26.76,23
Srimongal,2018,10,30,26.89,27.35,27.25,24
Srimongal,2018,11,31,26.9,27.2,27.23,23.8
Srimongal,2018,11,1,26.9,27.18,26.88,24.9
Srimongal,2018,11,2,27.36,27.79,27.54,25.2
Srimongal,2018,11,3,26.88,27.34,27.3,24.1
Srimongal,2018,11,4,26.65,27.01,26.65,24.4
Srimongal,2018,11,5,27.19,27.33,27.28,24.6
Srimongal,2018,11,6,26.35,26.85,26.85,23.3
Srimongal,2018,11,7,24.42,24.8,25.14,21.7
Srimongal,2018,11,8,23.89,24.53,24.74,21
Srimongal,2018,11,9,23.88,24.57,24.97,21.6
Srimongal,2018,11,10,24.05,24.93,25.16,22
Srimongal,2018,11,11,23.91,24.66,25.2,21.5
Srimongal,2018,11,12,24.15,24.63,25.02,21.4
Srimongal,2018,11,13,23.72,24.45,25.14,21.5
Srimongal,2018,11,14,23.73,24.44,24.75,21
Srimongal,2018,11,15,23.92,24.37,24.66,21.6
Srimongal,2018,11,16,24.72,25.11,25.02,22.7
Srimongal,2018,11,17,25.94,25.9,25.89,23.4
Srimongal,2018,11,18,23.81,24.45,24.69,20.8
Srimongal,2018,11,19,22.41,22.77,23.01,19.2
Srimongal,2018,11,20,22.36,22.6,22.96,19.1
Srimongal,2018,11,21,22.09,22.63,23.02,19.2
Srimongal,2018,11,22,22.08,22.63,22.95,18.9
Srimongal,2018,11,23,20.72,21.68,22.27,18.5
Srimongal,2018,11,24,21.64,22.49,22.95,19.2
Srimongal,2018,11,25,21.9,22.6,22.87,18.9
Srimongal,2018,11,26,22.69,22.96,23.25,19.6
Srimongal,2018,11,27,22.68,23.12,23.32,19.7
Srimongal,2018,11,28,21.2,21.6,22.32,19
Srimongal,2018,11,29,21.94,22.36,22.68,19.2
Srimongal,2018,11,30,22.19,22.52,22.89,19.4
Srimongal,2018,12,1,22.65,23.32,23.52,19.8
Srimongal,2018,12,2,22.42,22.91,23.08,19.2
Srimongal,2018,12,3,21.24,21.86,22.46,18.5
Srimongal,2018,12,4,21.08,21.73,22.32,18.5
Srimongal,2018,12,5,21.91,22.38,22.68,19.1
Srimongal,2018,12,6,21.34,21.62,22.02,18.4
Srimongal,2018,12,7,20.89,21.67,22.22,18.3
Srimongal,2018,12,8,20.77,21.17,21.57,17.5
Srimongal,2018,12,9,20.34,20.49,20.9,17
Srimongal,2018,12,10,20.51,20.77,21.02,17.3
Srimongal,2018,12,11,21.54,22.13,22.1,19.2
Srimongal,2018,12,12,21,21.89,22.69,18.8
Srimongal,2018,12,13,22.48,22.94,23.22,19.7
Srimongal,2018,12,14,22.81,23.46,23.56,19.8
Srimongal,2018,12,15,21.47,22.21,22.51,19.7
Srimongal,2018,12,16,23.08,23.62,23.87,20.9
Srimongal,2018,12,17,23.3,23.83,24.03,21
Srimongal,2018,12,18,20.45,21.09,21.36,17.2
Srimongal,2018,12,19,20.58,21.3,21.36,17.5
Srimongal,2018,12,20,20.79,21.28,21.55,17.2
Srimongal,2018,12,21,20.13,20.46,21.06,16.1
Srimongal,2018,12,22,19.41,20.55,20.7,16.6
Srimongal,2018,12,23,20.23,20.55,20.65,17
Srimongal,2018,12,24,20.15,20.75,21.01,17.4
Srimongal,2018,12,25,20.05,20.93,20.93,17.1
Srimongal,2018,12,26,19.35,20.22,20.68,16.4
Srimongal,2018,12,27,19.31,20.09,20.45,16.1
Srimongal,2018,12,28,18.65,19.46,20.07,15
Srimongal,2018,12,29,18.25,19.2,19.88,14.1
Srimongal,2018,12,30,18.71,19.65,20.02,15.4
Srimongal,2018,12,31,18.85,20,19.08,16
Srimongal,2019,1,1,18.8,20,19.06,16.2
Srimongal,2019,1,2,18.65,19.9,18.97,16.1
Srimongal,2019,1,3,18.65,19.8,18.89,15.9
Srimongal,2019,1,4,18.6,19.65,18.75,15.1
Srimongal,2019,1,5,18.8,19.75,18.92,15.4
Srimongal,2019,1,6,18.85,19.8,19,15.9
Srimongal,2019,1,7,18.95,19.9,19.15,16.7
Srimongal,2019,1,8,19,19.8,19.12,16.5
Srimongal,2019,1,9,18.9,19.95,19.14,16.6
Srimongal,2019,1,10,18.75,19.8,19.02,15.6
Srimongal,2019,1,11,18.75,19.8,19,15.9
Srimongal,2019,1,12,18.7,19.9,19.01,16.1
Srimongal,2019,1,13,18.8,19.8,18.99,16.5
Srimongal,2019,1,14,18.9,19.9,19.12,16.7
Srimongal,2019,1,15,18.95,19.9,19.1,15.8
Srimongal,2019,1,16,19.2,19.9,19.24,16
Srimongal,2019,1,17,19.25,19.95,19.38,17.2
Srimongal,2019,1,18,19.3,19.95,19.4,16.9
Srimongal,2019,1,19,19.2,19.95,19.33,16.6
Srimongal,2019,1,20,19,19.9,19.23,16.4
Srimongal,2019,1,21,19.4,20,19.44,17.1
Srimongal,2019,1,22,19.7,20.2,19.69,17.8
Srimongal,2019,1,23,19.8,20.4,19.8,17.5
Srimongal,2019,1,24,19.95,20.4,19.93,18.2
Srimongal,2019,1,25,20.3,20.55,20.26,18.3
Srimongal,2019,1,26,20.9,20.8,20.77,19.6
Srimongal,2019,1,27,21.15,21.2,21.08,20.8
Srimongal,2019,1,28,21.45,21.5,21.45,20.4
Srimongal,2019,1,29,20.3,20.9,20.38,18.8
Srimongal,2019,1,30,20,20.9,19.99,16.8
Srimongal,2019,1,31,20.15,20.8,20.06,17.3
Srimongal,2019,2,1,20.2,20.9,20.19,18.8
Srimongal,2019,2,2,20.45,21,20.52,18.4
Srimongal,2019,2,3,20.2,20.95,20.22,17.1
Srimongal,2019,2,4,20.05,20.8,20.05,17.3
Srimongal,2019,2,5,20.1,20.7,20.16,17.6
Srimongal,2019,2,6,20.2,20.85,20.29,17.7
Srimongal,2019,2,7,20.4,20.85,20.45,18.7
Srimongal,2019,2,8,21.5,21.35,21.38,21.6
Srimongal,2019,2,9,22.25,21.8,22.04,22.8
Srimongal,2019,2,10,20.65,21.35,20.61,18
Srimongal,2019,2,11,21.15,21.5,21.11,17.4
Srimongal,2019,2,12,21.45,21.45,21.29,18.6
Srimongal,2019,2,13,21.75,21.8,21.6,19.5
Srimongal,2019,2,14,22.45,21.95,22.05,19.9
Srimongal,2019,2,15,21.3,22,21.55,20
Srimongal,2019,2,16,20.8,21.65,20.97,18.1
Srimongal,2019,2,17,20.7,21.3,20.71,17
Srimongal,2019,2,18,21.3,21.2,21.01,18.1
Srimongal,2019,2,19,22,21.8,21.8,20
Srimongal,2019,2,20,22.7,22.1,22.45,20.9
Srimongal,2019,2,21,22.4,22,22.15,21
Srimongal,2019,2,22,23.95,22.9,23.5,21.9
Srimongal,2019,2,23,24.6,23.4,24.1,23.6
Srimongal,2019,2,24,22.25,23.1,22.56,21.8
Srimongal,2019,2,25,22.25,22.8,22.43,19.4
Srimongal,2019,2,26,21.95,22.6,22.11,19.9
Srimongal,2019,2,27,22.1,22.5,22.16,18.9
Srimongal,2019,2,28,22.3,22.4,22.25,18.9
Srimongal,2019,3,1,21.4,22.2,21.53,17.7
Srimongal,2019,3,2,21.9,22,21.7,17.7
Srimongal,2019,3,3,21.6,22.2,21.74,19.5
Srimongal,2019,3,4,21.55,22.1,21.74,19.6
Srimongal,2019,3,5,22.95,22.4,22.63,20.1
Srimongal,2019,3,6,23.8,22.95,23.45,23.3
Srimongal,2019,3,7,23.65,23.2,23.37,21.5
Srimongal,2019,3,8,23,23.2,22.93,20.9
Srimongal,2019,3,9,23.35,23.15,23.11,20.4
Srimongal,2019,3,10,24.5,23.35,24.02,23.2
Srimongal,2019,3,11,25,23.9,24.51,23.6
Srimongal,2019,3,12,24.9,23.95,24.55,23.6
Srimongal,2019,3,13,25.75,24.05,25.02,24.9
Srimongal,2019,3,14,27.1,25,26.03,25.5
Srimongal,2019,3,15,26.45,25.2,25.98,26.1
Srimongal,2019,3,16,26.6,25.45,26.08,25.7
Srimongal,2019,3,17,26.1,25.55,25.89,26.1
Srimongal,2019,3,18,25.8,25.4,25.45,23.1
Srimongal,2019,3,19,26,25.45,25.61,24.3
Srimongal,2019,3,20,25.9,25.5,25.66,24.4
Srimongal,2019,3,21,25.8,25.7,25.87,24.3
Srimongal,2019,3,22,26.5,25.65,26.11,24.5
Srimongal,2019,3,23,26.4,25.8,26.03,24.2
Srimongal,2019,3,24,26.05,25.6,25.78,24.1
Srimongal,2019,3,25,26.25,25.8,25.9,23.9
Srimongal,2019,3,26,25.7,25.9,25.85,25.8
Srimongal,2019,3,27,25.4,25.55,25.15,21.3
Srimongal,2019,3,28,25.95,25,25.48,23.4
Srimongal,2019,3,29,26.95,25.95,26.54,25.1
Srimongal,2019,3,30,26.75,26.2,26.54,27.1
Srimongal,2019,3,31,25.45,25.8,25.4,23.4
Srimongal,2019,4,1,26,25.85,26.05,23.8
Srimongal,2019,4,2,25.4,25.55,25.18,22
Srimongal,2019,4,3,26.15,25.7,25.92,24
Srimongal,2019,4,4,26.7,26,26.41,24.7
Srimongal,2019,4,5,26.7,26.25,26.53,25.7
Srimongal,2019,4,6,26.9,26.3,26.63,24.9
Srimongal,2019,4,7,26.3,26.4,26.41,24.5
Srimongal,2019,4,8,24.85,25.85,25.18,22.5
Srimongal,2019,4,9,25.25,25.4,25.09,20.5
Srimongal,2019,4,10,26.8,25.75,26.39,24.3
Srimongal,2019,4,11,26.7,26.55,27.01,26.9
Srimongal,2019,4,12,28.7,27,27.91,27.2
Srimongal,2019,4,13,29.4,27.5,28.61,28.7
Srimongal,2019,4,14,29.3,27.8,28.68,27.7
Srimongal,2019,4,15,29.5,27.9,28.85,26.4
Srimongal,2019,4,16,29.9,28.3,29.22,29.2
Srimongal,2019,4,17,29.8,28.3,29.18,27.2
Srimongal,2019,4,18,29.9,28.3,29.19,26.4
Srimongal,2019,4,19,29.45,28.5,29.09,27.7
Srimongal,2019,4,20,29.05,28.4,28.6,25.1
Srimongal,2019,4,21,29.1,28.45,28.75,27.3
Srimongal,2019,4,22,29,28.25,28.55,24.9
Srimongal,2019,4,23,29.55,28.45,29.02,27
Srimongal,2019,4,24,30.2,28.75,29.45,28.3
Srimongal,2019,4,25,30.7,29,29.98,29.4
Srimongal,2019,4,26,31.05,29.6,30.44,30.1
Srimongal,2019,4,27,30.05,29.5,29.92,28.5
Srimongal,2019,4,28,29.65,29.1,29.36,26.2
Srimongal,2019,4,29,30.25,29.15,29.78,29.6
Srimongal,2019,4,30,30.45,29.25,29.93,29.5
Srimongal,2019,5,1,30.85,29.6,30.4,29.8
Srimongal,2019,5,2,30.15,29.75,30.02,29.2
Srimongal,2019,5,3,28.3,29.25,31.63,26.9
Srimongal,2019,5,4,28.85,28.3,28.48,25.6
Srimongal,2019,5,5,30.25,28.95,29.7,28.3
Srimongal,2019,5,6,30.6,29.3,30.03,29.6
Srimongal,2019,5,7,30.6,29.55,30.13,30
Srimongal,2019,5,8,30.9,29.8,30.44,29.8
Srimongal,2019,5,9,31,30,30.57,29.9
Srimongal,2019,5,10,31.3,30.1,30.83,30.4
Srimongal,2019,5,11,31.05,30.2,30.57,29.1
Srimongal,2019,5,12,31,30.2,30.6,29
Srimongal,2019,5,13,32,30.1,30.7,27.3
Srimongal,2019,5,14,30.55,29.95,30.14,28
Srimongal,2019,5,15,30.2,30.1,30.07,27.3
Srimongal,2019,5,16,29.9,29.9,29.87,27.3
Srimongal,2019,5,17,29,29.4,29.08,25.8
Srimongal,2019,5,18,29.2,29.2,29.04,25.6
Srimongal,2019,5,19,30.55,29.4,30.04,27.7
Srimongal,2019,5,20,31.4,30,30.72,29.6
Srimongal,2019,5,21,31.55,30.25,30.99,30.7
Srimongal,2019,5,22,30.85,30.2,30.48,29.3
Srimongal,2019,5,23,28.3,29.7,28.75,26.5
Srimongal,2019,5,24,28.05,28.8,28.2,23.3
Srimongal,2019,5,25,29.2,28.8,29,25.3
Srimongal,2019,5,26,29,28.9,29,27.5
Srimongal,2019,5,27,30,29.3,29.6,27.3
Srimongal,2019,5,28,31.1,29.85,30.51,29
Srimongal,2019,5,29,31.3,30,30.73,30.4
Srimongal,2019,5,30,30.9,30.45,30.8,29.3
Srimongal,2019,5,31,29.5,30,29.6,26.3
Srimongal,2019,6,1,29.7,29.7,29.59,26.7
Srimongal,2019,6,2,29.3,29.45,29.38,26.5
Srimongal,2019,6,3,28.35,29.2,28.73,26.9
Srimongal,2019,6,4,27.8,28.6,28.06,25.1
Srimongal,2019,6,5,29.25,28.6,28.93,25.8
Srimongal,2019,6,6,29.8,29.2,29.64,29.7
Srimongal,2019,6,7,28.9,29,29.05,27.3
Srimongal,2019,6,8,30.1,29.4,29.88,27.9
Srimongal,2019,6,9,30.6,29.5,30.17,28.2
Srimongal,2019,6,10,31.2,30.1,30.65,29.4
Srimongal,2019,6,11,31.8,30.4,31.14,30
Srimongal,2019,6,12,32.45,30.7,31.77,31.3
Srimongal,2019,6,13,29.75,30.3,29.87,30.5
Srimongal,2019,6,14,29.9,30.2,30.08,26.9
Srimongal,2019,6,15,30.3,30,30.09,26.6
Srimongal,2019,6,16,30.85,30.2,30.53,29.7
Srimongal,2019,6,17,31.85,30.4,31.23,29.7
Srimongal,2019,6,18,32.4,30.75,31.7,30.7
Srimongal,2019,6,19,32.4,31,31.88,30.8
Srimongal,2019,6,20,32.4,31.3,31.94,29.5
Srimongal,2019,6,21,32.3,31.3,31.86,29
Srimongal,2019,6,22,32.3,31.35,31.91,29.7
Srimongal,2019,6,23,32.75,31.45,32.21,30.1
Srimongal,2019,6,24,33,31.75,32.49,31.1
Srimongal,2019,6,25,32.4,31.75,32.19,31
Srimongal,2019,6,26,31.1,31.15,31.05,27.9
Srimongal,2019,6,27,30.2,30.7,30.45,28.9
Srimongal,2019,6,28,30.3,30.2,30.13,26.5
Srimongal,2019,6,29,31.8,30.6,31.26,29.5
Srimongal,2019,6,30,31.75,31,31.49,29.5
Srimongal,2019,7,1,32,31,31.55,28.7
Srimongal,2019,7,2,32.2,31.1,31.68,30.3
Srimongal,2019,7,3,32.2,31.3,31.89,30.1
Srimongal,2019,7,4,32.5,31.4,32.06,29.4
Srimongal,2019,7,5,31.75,31.5,31.7,29.1
Srimongal,2019,7,6,31.1,31.2,31.13,28
Srimongal,2019,7,7,30.25,30.85,30.46,28.1
Srimongal,2019,7,8,29.45,30.35,29.8,26.9
Srimongal,2019,7,9,29.4,29.9,29.61,26.5
Srimongal,2019,7,10,29.25,29.7,29.46,27.6
Srimongal,2019,7,11,28.95,29.45,29.18,26.2
Srimongal,2019,7,12,29.2,29.55,29.28,26.4
Srimongal,2019,7,13,28.4,29.1,28.66,26.4
Srimongal,2019,7,14,27.6,28.7,28.04,25.4
Srimongal,2019,7,15,28.5,28.35,28.39,24.8
Srimongal,2019,7,16,30.2,29.15,29.7,28.4
Srimongal,2019,7,17,31.2,29.7,30.56,29.9
Srimongal,2019,7,18,31.45,30.2,30.83,30.2
Srimongal,2019,7,19,31.65,30.6,31.23,29.2
Srimongal,2019,7,20,31.65,32.9,32.06,28.9
Srimongal,2019,7,21,31.05,31.5,31.1,29.7
Srimongal,2019,7,22,31.1,31.35,31.12,28.1
Srimongal,2019,7,23,30.8,31,30.85,29
Srimongal,2019,7,24,30.8,30.6,30.68,27.4
Srimongal,2019,7,25,31.05,30.8,30.94,28.7
Srimongal,2019,7,26,31.4,31.7,31.48,28.7
Srimongal,2019,7,27,31.45,31.75,31.49,28.8
Srimongal,2019,7,28,31.5,32.25,31.65,29
Srimongal,2019,7,29,30.7,30.4,30.68,28.9
Srimongal,2019,7,30,30.7,30.5,30.54,26.7
Srimongal,2019,7,31,31.1,30.5,30.77,28.2
Srimongal,2019,8,1,31.65,30.75,31.3,29.3
Srimongal,2019,8,2,31.55,31,31.35,29.4
Srimongal,2019,8,3,32.05,31.1,31.63,29
Srimongal,2019,8,4,32.6,31.45,32.18,30.5
Srimongal,2019,8,5,32.8,31.9,32.38,31.2
Srimongal,2019,8,6,32.15,31.9,32.06,30.8
Srimongal,2019,8,7,31.4,31.5,31.45,29
Srimongal,2019,8,8,31.4,31.1,31.24,28.3
Srimongal,2019,8,9,31.6,31.2,31.4,28.9
Srimongal,2019,8,10,32.2,31.45,31.85,29.8
Srimongal,2019,8,11,32.4,31.6,32.11,31.2
Srimongal,2019,8,12,31.25,31.4,31.3,29.1
Srimongal,2019,8,13,30.5,31.1,30.68,27.5
Srimongal,2019,8,14,30.1,30.7,30.37,27.7
Srimongal,2019,8,15,29.85,30.35,30.02,26.4
Srimongal,2019,8,16,30.6,30.4,30.47,27.4
Srimongal,2019,8,17,30.95,30.55,30.77,28.6
Srimongal,2019,8,18,31.05,30.65,30.85,27.8
Srimongal,2019,8,19,31.4,30.75,31.13,28.7
Srimongal,2019,8,20,31.7,31,31.43,29.6
Srimongal,2019,8,21,32.1,31.1,31.71,30.1
Srimongal,2019,8,22,31.5,31.35,31.47,29.5
Srimongal,2019,8,23,30.75,31.15,30.91,27.7
Srimongal,2019,8,24,30.9,30.9,30.86,27.3
Srimongal,2019,8,25,31.75,31.1,31.46,29.5
Srimongal,2019,8,26,32.1,31.45,31.84,30.3
Srimongal,2019,8,27,31.85,31.55,31.78,30.5
Srimongal,2019,8,28,31.75,31.4,31.6,28.7
Srimongal,2019,8,29,32,31.4,31.78,29.9
Srimongal,2019,8,30,31.8,31.55,31.76,29.7
Srimongal,2019,8,31,32.1,31.5,31.84,28.9
Srimongal,2019,9,1,32.15,31.6,31.9,30.4
Srimongal,2019,9,2,31.95,31.75,31.78,29.6
Srimongal,2019,9,3,31.7,31.65,31.65,29.6
Srimongal,2019,9,4,31.3,31.3,31.24,28.8
Srimongal,2019,9,5,31.65,31.45,31.55,28.7
Srimongal,2019,9,6,31.9,31.5,31.75,29.6
Srimongal,2019,9,7,31.3,31.35,31.34,28.8
Srimongal,2019,9,8,31.15,31.2,31.18,28.4
Srimongal,2019,9,9,31.35,31.25,31.29,28.4
Srimongal,2019,9,10,31.6,31.25,31.43,29.2
Srimongal,2019,9,11,31.4,31.3,31.33,28.9
Srimongal,2019,9,12,30.9,31.1,30.92,28.1
Srimongal,2019,9,13,31.4,31,31.19,28.1
Srimongal,2019,9,14,31.85,31.2,31.47,28.6
Srimongal,2019,9,15,31.85,31.3,31.65,29.7
Srimongal,2019,9,16,31.55,31.35,31.45,28
Srimongal,2019,9,17,31.6,31,31.23,27.4
Srimongal,2019,9,18,31.8,31.1,31.45,29.1
Srimongal,2019,9,19,31.9,31.2,31.46,29.5
Srimongal,2019,9,20,31.3,31.45,31.39,29.5
Srimongal,2019,9,21,31.3,31.15,31.21,27.5
Srimongal,2019,9,22,31.15,31.25,31.13,27.8
Srimongal,2019,9,23,30.45,30.8,30.51,27.2
Srimongal,2019,9,24,29.7,30.5,30.02,25.8
Srimongal,2019,9,25,30.2,30.3,30.14,25.2
Srimongal,2019,9,26,30.25,30.3,30.22,27.3
Srimongal,2019,9,27,30,30.25,30.04,27.5
Srimongal,2019,9,28,29.85,30.2,30.02,27.1
Srimongal,2019,9,29,29.65,30.1,29.74,25.6
Srimongal,2019,9,30,29.25,29.9,29.47,26
Srimongal,2019,10,1,29.15,29.6,29.33,25.7
Srimongal,2019,10,2,28.95,29.45,29.15,26.2
Srimongal,2019,10,3,29.3,29.4,29.31,26.4
Srimongal,2019,10,4,29.6,29.8,29.63,27.7
Srimongal,2019,10,5,29.7,29.6,29.65,27.1
Srimongal,2019,10,6,30.1,30,30.03,27.8
Srimongal,2019,10,7,29.9,30,29.93,27.5
Srimongal,2019,10,8,29.7,29.85,29.64,25.9
Srimongal,2019,10,9,28.55,29.6,29,26.1
Srimongal,2019,10,10,28.85,29.2,28.88,24.2
Srimongal,2019,10,11,29.15,29.3,29.15,25.9
Srimongal,2019,10,12,29,29.2,28.98,26.1
Srimongal,2019,10,13,29,29.2,28.97,26.3
Srimongal,2019,10,14,29.35,29.25,29.26,26.7
Srimongal,2019,10,15,29.3,29.35,29.17,28.2
Srimongal,2019,10,16,29.3,29.25,29.21,26.2
Srimongal,2019,10,17,29.55,29.4,29.47,27.3
Srimongal,2019,10,18,29.6,29.4,29.49,27.9
Srimongal,2019,10,19,29.65,29.6,29.6,28.1
Srimongal,2019,10,20,29.45,29.5,29.48,27.6
Srimongal,2019,10,21,29.5,29.6,29.57,27.3
Srimongal,2019,10,22,29.2,29.6,29.36,26.5
Srimongal,2019,10,23,28.45,29.3,28.9,26.4
Srimongal,2019,10,24,27.1,28.75,27.74,23.1
Srimongal,2019,10,25,26.95,28.05,27.35,23.3
Srimongal,2019,10,26,27.4,28.05,27.89,24.9
Srimongal,2019,10,27,27.55,28.05,27.68,24.5
Srimongal,2019,10,28,28.05,28.2,28.06,25.8
Srimongal,2019,10,29,28.45,28.4,28.39,26.3
Srimongal,2019,10,30,28.45,28.65,28.43,26.2
Srimongal,2019,10,31,28,28.5,28.15,25.8
Srimongal,2019,11,1,27.75,28.1,27.78,24.9
Srimongal,2019,11,2,27.8,28.2,27.91,25.6
Srimongal,2019,11,3,27.95,28.35,28.1,26.1
Srimongal,2019,11,4,27.5,28.25,27.73,24.6
Srimongal,2019,11,5,27.3,28.05,27.52,24.4
Srimongal,2019,11,6,27.15,27.7,27.3,24.1
Srimongal,2019,11,7,26.65,27.55,26.94,23.8
Srimongal,2019,11,8,26.95,27.55,27.13,24.5
Srimongal,2019,11,9,26.15,27.35,26.75,24.1
Srimongal,2019,11,10,25.85,26.9,26.2,22.9
Srimongal,2019,11,11,26.4,26.8,26.41,22.5
Srimongal,2019,11,12,26.35,26.8,26.45,23.5
Srimongal,2019,11,13,26.5,26.95,26.6,23.6
Srimongal,2019,11,14,26.7,27.05,26.78,24.2
Srimongal,2019,11,15,26.55,27.05,26.61,24.1
Srimongal,2019,11,16,25.9,26.85,26.08,22.8
Srimongal,2019,11,17,25.8,26.6,26,22.3
Srimongal,2019,11,18,25.55,26.4,25.75,22
Srimongal,2019,11,19,25.2,26.1,25.4,21.4
Srimongal,2019,11,20,24.85,26,25.12,20.8
Srimongal,2019,11,21,24.6,25.8,24.88,20.8
Srimongal,2019,11,22,24.2,25.45,24.48,20.5
Srimongal,2019,11,23,24.25,25.5,24.6,20.1
Srimongal,2019,11,24,24,25.2,24.33,20.8
Srimongal,2019,11,25,24.1,25.2,24.38,21.1
Srimongal,2019,11,26,24.4,25,24.48,21.5
Srimongal,2019,11,27,24.55,25.3,24.71,21.9
Srimongal,2019,11,28,24.4,25.2,24.61,21.8
Srimongal,2019,11,29,24.15,25.15,24.43,20.9
Srimongal,2019,11,30,23.4,24.95,23.95,20.8
Srimongal,2019,12,1,22.6,24.75,23.41,19.8
Srimongal,2019,12,2,22.2,24.45,23.09,18.5
Srimongal,2019,12,3,21.85,24.1,22.71,17.8
Srimongal,2019,12,4,22.2,24,22.85,18.4
Srimongal,2019,12,5,21.6,23.6,22.39,19.3
Srimongal,2019,12,6,21.75,23.45,22.42,18.6
Srimongal,2019,12,7,18.2,23.75,22.01,19.5
Srimongal,2019,12,8,22.2,23.45,22.61,19.5
Srimongal,2019,12,9,22.25,23.45,22.64,18.7
Srimongal,2019,12,10,21.95,23.3,22.35,18.6
Srimongal,2019,12,11,21.7,23.05,22.07,17.4
Srimongal,2019,12,12,21.45,22.9,21.85,17.6
Srimongal,2019,12,13,21.6,22.7,21.93,17.2
Srimongal,2019,12,14,21.7,23,22.13,18.7
Srimongal,2019,12,15,20.6,22.9,21.5,18.2
Srimongal,2019,12,16,21.45,22.55,21.66,18.3
Srimongal,2019,12,17,21.1,22.5,21.58,17.7
Srimongal,2019,12,18,20.8,22.45,21.43,17.6
Srimongal,2019,12,19,21.15,22.2,21.48,16
Srimongal,2019,12,20,19.85,21.9,20.62,16
Srimongal,2019,12,21,20.95,22,21.29,15.3
Srimongal,2019,12,22,20.4,21.7,20.81,17.1
Srimongal,2019,12,23,20.4,21.55,20.74,15.7
Srimongal,2019,12,24,20.7,21.8,20.98,16.6
Srimongal,2019,12,25,20,21.7,20.5,16.3
Srimongal,2019,12,26,20,21.7,20.6,16.6
Srimongal,2019,12,27,19.75,20.95,20.03,15.7
Srimongal,2019,12,28,19.4,20.9,19.74,14.9
Srimongal,2019,12,29,19.3,20.85,19.64,15.8
Srimongal,2019,12,30,19.7,20.8,19.92,16.8
Srimongal,2019,12,31,20.75,20.8,21.2,18.9
Srimongal,2020,1,1,20.55,20.8,21.35,19.95
Srimongal,2020,1,2,20.4,20.8,21.45,19.2
Srimongal,2020,1,3,20.8,21,21.4,18.15
Srimongal,2020,1,4,19.8,20.65,21.4,20.45
Srimongal,2020,1,5,19.8,20.45,21.3,17.6
Srimongal,2020,1,6,19.1,20,20.9,16.95
Srimongal,2020,1,7,19.3,19.6,20.7,14.05
Srimongal,2020,1,8,19.25,19.8,20.75,17.25
Srimongal,2020,1,9,20.3,20.3,20.8,16.3
Srimongal,2020,1,10,18.95,19.7,20.7,19.2
Srimongal,2020,1,11,19.75,19.95,20.45,14.3
Srimongal,2020,1,12,19.25,20,20.5,18.2
Srimongal,2020,1,13,18.85,19.3,20.35,14.5
Srimongal,2020,1,14,18.9,19.4,20.2,15.95
Srimongal,2020,1,15,19.2,19.8,20.3,17.65
Srimongal,2020,1,16,19.8,20,20.35,18.65
Srimongal,2020,1,17,20,20.5,20.75,19.5
Srimongal,2020,1,18,20.1,20.7,20.9,19.85
Srimongal,2020,1,19,20.2,20.9,21.15,20
Srimongal,2020,1,20,19,20,20.85,19.3
Srimongal,2020,1,21,18.95,19.9,20.6,15.8
Srimongal,2020,1,22,18.15,19.35,20.1,15.45
Srimongal,2020,1,23,18,19.05,20,15.2
Srimongal,2020,1,24,18.3,19.25,20.1,15.4
Srimongal,2020,1,25,18.3,19.2,20.1,15.1
Srimongal,2020,1,26,17.45,18.7,19.6,15.5
Srimongal,2020,1,27,17.5,18.6,19.4,16.1
Srimongal,2020,1,28,18.15,18.6,19.5,16.25
Srimongal,2020,1,29,19.35,19.6,19.3,17.6
Srimongal,2020,1,30,20.3,20.4,20.3,19.1
Srimongal,2020,1,31,19.7,20.1,20.45,19.5
Srimongal,2020,2,1,19,19.5,20.1,18.85
Srimongal,2020,2,2,18.4,19.4,20.1,17.55
Srimongal,2020,2,3,18.35,19.35,20.05,15.3
Srimongal,2020,2,4,19.35,19.9,20.2,15.8
Srimongal,2020,2,5,18.9,19.85,20.1,17.85
Srimongal,2020,2,6,19.3,19.9,20.25,17.05
Srimongal,2020,2,7,19.5,20.2,20.4,17.45
Srimongal,2020,2,8,21.1,21,20.35,18.35
Srimongal,2020,2,9,20.5,20.95,20.95,21.3
Srimongal,2020,2,10,20.4,20.7,20.9,18.15
Srimongal,2020,2,11,20.4,20.9,20.8,18.25
Srimongal,2020,2,12,20.75,21.2,21.25,18.75
Srimongal,2020,2,13,20.15,20.8,21.1,18.8
Srimongal,2020,2,14,21.25,21.5,21.4,18.1
Srimongal,2020,2,15,22.4,21.75,21.6,20.15
Srimongal,2020,2,16,23.05,22.7,22,21.4
Srimongal,2020,2,17,22.25,22.5,22.2,22.35
Srimongal,2020,2,18,22.25,22.8,22.5,21.55
Srimongal,2020,2,19,21.5,21.7,21.65,21.3
Srimongal,2020,2,20,22.7,22.75,22.4,19.8
Srimongal,2020,2,21,22.9,23,22.45,21.05
Srimongal,2020,2,22,23,23.35,22.65,21.95
Srimongal,2020,2,23,24,23.9,23.2,22.5
Srimongal,2020,2,24,22.7,23.3,23.2,22.2
Srimongal,2020,2,25,22,22.55,22.9,20.45
Srimongal,2020,2,26,22.6,22.8,22.6,14.45
Srimongal,2020,2,27,23,23.25,22.8,19.75
Srimongal,2020,2,28,23.15,23.4,22.95,20.45
Srimongal,2020,2,29,26.75,24.9,23.25,21.45
Srimongal,2020,3,1,24.3,24.6,23.2,21.95
Srimongal,2020,3,2,24.9,24.9,24.1,22.45
Srimongal,2020,3,3,24.5,24.9,24.1,23.3
Srimongal,2020,3,4,25.4,25.3,24.3,23.35
Srimongal,2020,3,5,25.15,25.2,24.55,24.25
Srimongal,2020,3,6,23.65,24.2,24,23.4
Srimongal,2020,3,7,23.9,23.9,24,20.95
Srimongal,2020,3,8,24.4,25,24.3,22.15
Srimongal,2020,3,9,24.5,24.7,24.1,22.2
Srimongal,2020,3,10,25.1,25.1,23.95,21.3
Srimongal,2020,3,11,26,25.9,24.6,22.1
Srimongal,2020,3,12,27,26.4,25.2,24
Srimongal,2020,3,13,27.4,26.75,25.4,25.25
Srimongal,2020,3,14,27.5,27.2,26,25.95
Srimongal,2020,3,15,27.5,27.5,26.2,25.3
Srimongal,2020,3,16,27.3,27.35,26.1,24.85
Srimongal,2020,3,17,26.9,27.2,26.25,23.85
Srimongal,2020,3,18,26.8,27.3,26.3,23.2
Srimongal,2020,3,19,26.95,27.55,26.4,23.7
Srimongal,2020,3,20,27.65,27.9,26.55,24.35
Srimongal,2020,3,21,26.8,27.5,26.7,25.6
Srimongal,2020,3,22,26.5,27.1,26.45,23.4
Srimongal,2020,3,23,25.8,27.8,26.25,22.85
Srimongal,2020,3,24,26.75,27.35,26.45,23.35
Srimongal,2020,3,25,28.25,28.2,26.9,23.9
Srimongal,2020,3,26,28.7,28.8,27.3,26.4
Srimongal,2020,3,27,29,29.1,27.5,27.1
Srimongal,2020,3,28,29.6,29.6,27.9,27.05
Srimongal,2020,3,29,28.7,29.45,28.1,26.65
Srimongal,2020,3,30,28.1,29.2,28,25.6
Srimongal,2020,3,31,27.8,29.1,27.9,24.05
Srimongal,2020,4,1,27.4,29.15,28.1,24.65
Srimongal,2020,4,2,27.75,28.2,27.7,27.35
Srimongal,2020,4,3,28.2,28.6,27.8,27.25
Srimongal,2020,4,4,28.8,29.1,28,27
Srimongal,2020,4,5,29.35,29.45,28.25,27.15
Srimongal,2020,4,6,29.6,29.55,28.35,27.8
Srimongal,2020,4,7,28.6,29.9,28.8,28.1
Srimongal,2020,4,8,30.1,29.8,28.8,27.75
Srimongal,2020,4,9,30.45,30.4,29.05,29.2
Srimongal,2020,4,10,30.85,31.1,29.3,28.1
Srimongal,2020,4,11,26.8,29.65,29.2,28.8
Srimongal,2020,4,12,28,28.8,28.4,24.05
Srimongal,2020,4,13,29.6,29.6,28.6,25.95
Srimongal,2020,4,14,28.1,30.1,29.05,28.2
Srimongal,2020,4,15,27.45,28.8,28.65,29
Srimongal,2020,4,16,25.15,26.8,27.9,25.65
Srimongal,2020,4,17,25.25,26.8,27.15,22.9
Srimongal,2020,4,18,26.85,27.3,27,23
Srimongal,2020,4,19,26.5,27.95,27.45,25.5
Srimongal,2020,4,20,26.8,27.7,27.45,25.5
Srimongal,2020,4,21,26.75,27.85,27.4,25.4
Srimongal,2020,4,22,24.85,26.9,27.3,26.95
Srimongal,2020,4,23,24.55,26,26.55,26
Srimongal,2020,4,24,26.1,26.75,26.4,22.85
Srimongal,2020,4,25,25.5,27,26.8,25.35
Srimongal,2020,4,26,27.25,27.5,27,24.85
Srimongal,2020,4,27,25.85,27.5,27.2,26.75
Srimongal,2020,4,28,27.8,28,27.4,26.6
Srimongal,2020,4,29,27.7,28.25,27.5,26.85
Srimongal,2020,4,30,27.7,28.4,27.75,26.2
Srimongal,2020,5,1,27.65,28.85,28.2,26.75
Srimongal,2020,5,2,27.2,28.3,28.05,27.7
Srimongal,2020,5,3,28.9,28.85,28.2,26.45
Srimongal,2020,5,4,28.1,29.4,28.4,27.35
Srimongal,2020,5,5,27.4,28.2,28.25,28.15
Srimongal,2020,5,6,28.25,28.7,27.8,25.6
Srimongal,2020,5,7,28.4,29.1,28.3,26.6
Srimongal,2020,5,8,29.85,29.9,28.7,26.55
Srimongal,2020,5,9,30.4,30.6,29.2,29.25
Srimongal,2020,5,10,31.15,31.05,29.6,29.85
Srimongal,2020,5,11,31.3,31.5,30.05,30.65
Srimongal,2020,5,12,29.65,30.8,30.1,30.25
Srimongal,2020,5,13,29.8,30.55,29.45,26.45
Srimongal,2020,5,14,29.2,30.5,29.85,29.05
Srimongal,2020,5,15,29.2,30.2,29.75,27.4
Srimongal,2020,5,16,29.8,30.4,29.6,27.35
Srimongal,2020,5,17,31,31.2,29.95,27.7
Srimongal,2020,5,18,30.5,31,30.35,30.2
Srimongal,2020,5,19,29.2,30.3,30.1,30.4
Srimongal,2020,5,20,28.3,29.85,29.8,27.65
Srimongal,2020,5,21,28.6,29.5,29.45,27.4
Srimongal,2020,5,22,29.9,29.85,29.2,27.9
Srimongal,2020,5,23,29.25,30,29.3,30.1
Srimongal,2020,5,24,29.6,30.3,29.65,30
Srimongal,2020,5,25,29.1,30.05,29.55,29.7
Srimongal,2020,5,26,26.7,28.7,29.1,30.35
Srimongal,2020,5,27,27.8,28.7,28.5,24.5
Srimongal,2020,5,28,28.15,28.8,28.5,26.4
Srimongal,2020,5,29,26.8,28.2,28.4,25.75
Srimongal,2020,5,30,28.15,28.5,28.4,25.1
Srimongal,2020,5,31,28.7,28.75,28.35,26
Srimongal,2020,6,1,29.2,29.2,28.6,28.65
Srimongal,2020,6,2,28.4,29.7,29,28.45
Srimongal,2020,6,3,27.65,28.7,28.8,28.95
Srimongal,2020,6,4,28.9,29,28.95,26.8
Srimongal,2020,6,5,28.1,29.45,28.9,28.8
Srimongal,2020,6,6,28.85,28.95,28.55,27.85
Srimongal,2020,6,7,29.5,29.65,29,28.5
Srimongal,2020,6,8,30.8,30.15,29.3,29.1
Srimongal,2020,6,9,30,30.45,29.65,30.5
Srimongal,2020,6,10,29.35,30.3,29.6,28.8
Srimongal,2020,6,11,29.05,30.2,29.7,28.2
Srimongal,2020,6,12,28.8,29.65,29.45,29.2
Srimongal,2020,6,13,29.95,29.9,29.4,27.05
Srimongal,2020,6,14,30.55,30.9,29.85,30.35
Srimongal,2020,6,15,30.95,31.15,30.2,30.45
Srimongal,2020,6,16,30.3,31.15,30.3,30.7
Srimongal,2020,6,17,29.4,30.45,30.2,28.9
Srimongal,2020,6,18,29.8,30.3,30,28.25
Srimongal,2020,6,19,31.1,30.85,30.2,29
Srimongal,2020,6,20,30.7,31.25,30.45,30.2
Srimongal,2020,6,21,30.75,31.2,30.55,29.7
Srimongal,2020,6,22,31.1,31.6,30.6,30.25
Srimongal,2020,6,23,31.5,31.9,30.5,30.15
Srimongal,2020,6,24,31.7,31.65,31,30.9
Srimongal,2020,6,25,30.6,31.4,31,31
Srimongal,2020,6,26,28.35,30.35,30.4,29.6
Srimongal,2020,6,27,29.35,29.95,30.1,29
Srimongal,2020,6,28,29.6,30.25,30,28
Srimongal,2020,6,29,30.85,30.9,30.2,28.95
Srimongal,2020,6,30,28.75,31.1,30.4,30.3
Srimongal,2020,7,1,31,31.25,30.6,30.55
Srimongal,2020,7,2,31.4,31.55,30.65,30.1
Srimongal,2020,7,3,30.65,31.55,30.9,30.3
Srimongal,2020,7,4,31,31.3,30.7,30.2
Srimongal,2020,7,5,30.5,31.1,30.55,29.1
Srimongal,2020,7,6,31,31.6,30.8,29.75
Srimongal,2020,7,7,31.1,31.45,30.85,30.25
Srimongal,2020,7,8,28.75,31.55,30.95,30
Srimongal,2020,7,9,29.7,30.9,30.75,29.6
Srimongal,2020,7,10,28.5,29.9,30.1,28.9
Srimongal,2020,7,11,28.55,29.5,29.55,27
Srimongal,2020,7,12,29.65,29.95,29.6,28.2
Srimongal,2020,7,13,31,30.5,29.9,29.35
Srimongal,2020,7,14,30.3,31.15,30.35,29.9
Srimongal,2020,7,15,31.05,31,30.35,29.15
Srimongal,2020,7,16,30.6,31.4,30.4,29.85
Srimongal,2020,7,17,30.25,31.2,30.65,30.05
Srimongal,2020,7,18,30,30.8,30.6,29.75
Srimongal,2020,7,19,29.25,30.4,30.6,29.95
Srimongal,2020,7,20,27.85,29.9,30.1,27.05
Srimongal,2020,7,21,28.8,29.55,29.7,27.85
Srimongal,2020,7,22,29.25,30,29.7,28.05
Srimongal,2020,7,23,29.5,30.3,29.85,29.3
Srimongal,2020,7,24,30.4,29,30,29.4
Srimongal,2020,7,25,30.35,31,30.2,29.95
Srimongal,2020,7,26,29.55,31.1,30.5,30.6
Srimongal,2020,7,27,29.85,30.85,30.4,30.5
Srimongal,2020,7,28,29.2,30.5,30.2,29.25
Srimongal,2020,7,29,29.4,30.65,30.25,28.15
Srimongal,2020,7,30,31.35,31.1,30.35,29.8
Srimongal,2020,7,31,32.15,31.9,30.8,30.2
Srimongal,2020,8,1,31.4,32,31.25,30.95
Srimongal,2020,8,2,32.15,32,31.1,30.85
Srimongal,2020,8,3,31.9,32.5,31.4,31.85
Srimongal,2020,8,4,31.1,32.9,31.4,30.75
Srimongal,2020,8,5,30.4,31.9,31.4,31.8
Srimongal,2020,8,6,31.3,31.8,31.3,30.65
Srimongal,2020,8,7,31.1,31.9,31.5,30.7
Srimongal,2020,8,8,31.35,31.7,31.35,30.2
Srimongal,2020,8,9,31.4,32,31.5,30.7
Srimongal,2020,8,10,30.3,31.7,31.4,30.1
Srimongal,2020,8,11,30.55,31.3,31.2,30.35
Srimongal,2020,8,12,31.85,31.9,31.3,29.9
Srimongal,2020,8,13,30.95,32.55,31.5,30.85
Srimongal,2020,8,14,30.35,31.6,31.45,31.35
Srimongal,2020,8,15,30,31.55,31.3,29.45
Srimongal,2020,8,16,29.7,31.15,31.1,29.05
Srimongal,2020,8,17,29.55,30.75,30.9,28.4
Srimongal,2020,8,18,30.05,30.95,30.7,28.9
Srimongal,2020,8,19,29.8,31,31.3,29.9
Srimongal,2020,8,20,30,30.7,30.65,29.15
Srimongal,2020,8,21,29.4,30.5,30.65,28.9
Srimongal,2020,8,22,29.5,30.5,30.5,28.5
Srimongal,2020,8,23,30.4,30.7,30.4,29.2
Srimongal,2020,8,24,30.2,31.2,30.7,29.55
Srimongal,2020,8,25,30.25,31.3,30.8,29.95
Srimongal,2020,8,26,30.6,31.6,30.8,29.8
Srimongal,2020,8,27,29.65,31.2,30.9,30.05
Srimongal,2020,8,28,30.8,31.1,30.9,29.9
Srimongal,2020,8,29,30.25,31.6,31,29.85
Srimongal,2020,8,30,29.8,30.8,30.9,29.95
Srimongal,2020,8,31,29.5,30.4,30.5,28.4
Srimongal,2020,9,1,30.5,30.6,30.4,28.45
Srimongal,2020,9,2,31.1,31.15,30.5,30
Srimongal,2020,9,3,31.15,31.5,30.8,30
Srimongal,2020,9,4,30.1,31.4,31,30.2
Srimongal,2020,9,5,31.2,31.3,30.9,30.5
Srimongal,2020,9,6,30.7,31.6,31,30.6
Srimongal,2020,9,7,30.75,31.4,31,29.8
Srimongal,2020,9,8,31.6,31.85,31.1,30.2
Srimongal,2020,9,9,29.95,31.3,31.1,29.9
Srimongal,2020,9,10,30.15,30.8,30.85,28.15
Srimongal,2020,9,11,30.05,30.8,30.75,29.35
Srimongal,2020,9,12,29.6,30.6,30.5,28.9
Srimongal,2020,9,13,29.25,30.8,30.4,28.45
Srimongal,2020,9,14,28.45,30.25,30.4,29.9
Srimongal,2020,9,15,29.4,30.2,30.1,28.95
Srimongal,2020,9,16,29.6,30.45,30.15,28.75
Srimongal,2020,9,17,30.4,30.6,30.3,30.35
Srimongal,2020,9,18,31.75,31.35,30.55,29.9
Srimongal,2020,9,19,31.45,31.65,30.85,31.1
Srimongal,2020,9,20,29.75,31.3,31.1,31.3
Srimongal,2020,9,21,29.05,30.45,30.6,28.85
Srimongal,2020,9,22,29.5,30.25,30.35,28.35
Srimongal,2020,9,23,28.75,30.1,30.25,28.05
Srimongal,2020,9,24,28.3,29.75,30,26.95
Srimongal,2020,9,25,28.2,29.5,29.7,28.85
Srimongal,2020,9,26,28.7,29.6,29.55,27.55
Srimongal,2020,9,27,29.9,30.05,29.75,28.75
Srimongal,2020,9,28,30.35,30.4,30,29.55
Srimongal,2020,9,29,30.3,30.7,30.2,29.6
Srimongal,2020,9,30,29.85,30.75,30.3,30.5
Srimongal,2020,10,1,30.15,30.55,30.5,29.8
Srimongal,2020,10,2,30.35,30.85,30.4,29.45
Srimongal,2020,10,3,30.65,30.8,30.45,29.9
Srimongal,2020,10,4,29.7,30.7,30.45,30.3
Srimongal,2020,10,5,28.6,30.4,30.4,29.75
Srimongal,2020,10,6,29.05,30.15,30.05,28.5
Srimongal,2020,10,7,30.2,30.3,30,28.8
Srimongal,2020,10,8,30.7,30.75,30.2,29.35
Srimongal,2020,10,9,31.1,30.85,30.4,30.15
Srimongal,2020,10,10,30.55,31,30.45,30.35
Srimongal,2020,10,11,30.6,31,30.7,31.2
Srimongal,2020,10,12,31.2,31.4,30.7,30.25
Srimongal,2020,10,13,30.5,31.5,30.9,30.3
Srimongal,2020,10,14,30.85,31.3,30.9,29.4
Srimongal,2020,10,15,31,31.4,30.8,30.3
Srimongal,2020,10,16,30.75,31.1,30.9,30.15
Srimongal,2020,10,17,30.5,31.2,31,30.25
Srimongal,2020,10,18,30.65,31,30.85,28.4
Srimongal,2020,10,19,29.8,30.9,30.65,29.8
Srimongal,2020,10,20,29.9,30.8,30.7,29.7
Srimongal,2020,10,21,28.45,30.3,30.4,29.4
Srimongal,2020,10,22,26.6,28.95,29.4,26.55
Srimongal,2020,10,23,27.4,28.1,29,24.2
Srimongal,2020,10,24,28.3,29.1,29,27.2
Srimongal,2020,10,25,28.35,29.2,29.1,28.45
Srimongal,2020,10,26,28.1,29.25,29.2,27.6
Srimongal,2020,10,27,28.35,29.25,29.15,27.5
Srimongal,2020,10,28,28.9,29.4,29.2,27.5
Srimongal,2020,10,29,28.85,29.6,29.2,28.05
Srimongal,2020,10,30,28.85,29.6,29.2,28.6
Srimongal,2020,10,31,27.9,29.3,29.3,26.2
Srimongal,2020,11,1,29.1,29.3,29.25,27.75
Srimongal,2020,11,2,28.65,29.35,29.35,28.1
Srimongal,2020,11,3,28.6,29.4,29.35,27.2
Srimongal,2020,11,4,27.55,29.1,29.1,28.1
Srimongal,2020,11,5,24.75,27.1,28.5,26.6
Srimongal,2020,11,6,24.95,26.95,27.8,22.15
Srimongal,2020,11,7,26.1,27.5,27.75,23.8
Srimongal,2020,11,8,25.5,27.5,27.5,24.9
Srimongal,2020,11,9,25.3,27.2,27.45,24.2
Srimongal,2020,11,10,25.25,27,27.4,24.6
Srimongal,2020,11,11,25.4,27.05,27.4,24.25
Srimongal,2020,11,12,25.2,27.15,27.2,25.3
Srimongal,2020,11,13,25.15,27,27.2,24.85
Srimongal,2020,11,14,25.1,26.8,27.2,24.7
Srimongal,2020,11,15,25.6,27.1,27.7,25.15
Srimongal,2020,11,16,25.1,26.7,27.2,25.25
Srimongal,2020,11,17,24.2,26.5,26.95,24.2
Srimongal,2020,11,18,23.5,25.85,26.6,23.75
Srimongal,2020,11,19,23.75,25.7,26.35,22.6
Srimongal,2020,11,20,23.05,25.45,26.2,22.95
Srimongal,2020,11,21,23.5,25.4,26.1,21.45
Srimongal,2020,11,22,21.55,24.5,25.65,23.1
Srimongal,2020,11,23,21.4,23.95,25.2,19.5
Srimongal,2020,11,24,21.4,23.85,24.85,20.45
Srimongal,2020,11,25,21.45,23.65,24.6,20
Srimongal,2020,11,26,21.45,23.6,24.8,20.65
Srimongal,2020,11,27,22.45,23.9,24.5,20.8
Srimongal,2020,11,28,22.25,23.95,24.5,22.25
Srimongal,2020,11,29,22,23.9,24.6,22.35
Srimongal,2020,11,30,22.65,24.1,24.7,22.45
Srimongal,2020,12,1,22.1,24.15,24.8,23.25
Srimongal,2020,12,2,22.35,24.15,24.7,22.8
Srimongal,2020,12,3,22.15,23.9,24.25,26.9
Srimongal,2020,12,4,21.5,23.7,24.35,21.55
Srimongal,2020,12,5,21.6,23.4,24.2,20.9
Srimongal,2020,12,6,21,23,24,20.55
Srimongal,2020,12,7,21.25,23.05,24,20.15
Srimongal,2020,12,8,20.7,22.7,23.65,20.05
Srimongal,2020,12,9,21.4,22.8,23.55,18.8
Srimongal,2020,12,10,21.45,22.7,23.7,20.45
Srimongal,2020,12,11,20.8,22.5,23.55,19.7
Srimongal,2020,12,12,21.1,22.75,23.45,18.8
Srimongal,2020,12,13,20.5,27.6,23.35,20.1
Srimongal,2020,12,14,20.75,22.3,23.3,18.95
Srimongal,2020,12,15,20.95,22.35,23.1,18.85
Srimongal,2020,12,16,19.85,22,23.05,19.75
Srimongal,2020,12,17,18.7,21.6,22.7,19.35
Srimongal,2020,12,18,18.15,20.95,22.1,17.7
Srimongal,2020,12,19,17.75,20.55,21.9,16.75
Srimongal,2020,12,20,17.8,20.3,21.5,16.15
Srimongal,2020,12,21,18.95,21.15,21.8,17.55
Srimongal,2020,12,22,18.85,20.7,21.6,20
Srimongal,2020,12,23,19.45,21.25,21.7,18.5
Srimongal,2020,12,24,18.9,21,21.6,19.1
Srimongal,2020,12,25,18.35,20.5,21.55,18.2
Srimongal,2020,12,26,18.15,20.4,21.3,17.85
Srimongal,2020,12,27,17.9,20.1,21.1,16.95
Srimongal,2020,12,28,17.4,20,20.9,17.2
Srimongal,2020,12,29,17.5,19.7,20.9,16.4
Srimongal,2020,12,30,17.5,19.7,20.7,16.95
Srimongal,2020,12,31,17.85,19.6,20.6,16.95
Srimongal,2021,1,1,18.6,20.1,20.5,18.25
Srimongal,2021,1,2,18.6,20.3,20.8,18.75
Srimongal,2021,1,3,19,20.7,21.1,19.2
Srimongal,2021,1,4,19,20.9,21,19.7
Srimongal,2021,1,5,19.5,20.9,21.15,20.1
Srimongal,2021,1,6,20.1,21.15,21.5,20.4
Srimongal,2021,1,7,19.8,21.1,21.6,21.5
Srimongal,2021,1,8,24.6,24.4,21.55,20.65
Srimongal,2021,1,9,19.6,21.05,21.55,19.45
Srimongal,2021,1,10,20.05,21.1,21.6,19.75
Srimongal,2021,1,11,19.9,21.3,21.6,20.35
Srimongal,2021,1,12,20.3,21.5,21.8,19.9
Srimongal,2021,1,13,19,20.8,21.55,18.6
Srimongal,2021,1,14,18.45,20.6,21.3,17.45
Srimongal,2021,1,15,17.6,19.95,21.1,17
Srimongal,2021,1,16,17.4,19.65,20.75,16.05
Srimongal,2021,1,17,18.1,19.9,20.75,15.85
Srimongal,2021,1,18,18.2,19.8,20.45,17.05
Srimongal,2021,1,19,18.1,19.85,20.6,17.3
Srimongal,2021,1,20,19.45,20.45,20.75,18.45
Srimongal,2021,1,21,20.15,20.95,21.05,18.7
Srimongal,2021,1,22,17.95,20.3,21.15,20.6
Srimongal,2021,1,23,18.4,20.25,20.8,15.6
Srimongal,2021,1,24,19.4,20.9,20.8,15.85
Srimongal,2021,1,25,18.2,19.85,20.6,18.8
Srimongal,2021,1,26,19.1,20.65,20.55,17.3
Srimongal,2021,1,27,18.8,19.25,20.5,17.1
Srimongal,2021,1,28,17.7,16.6,20.4,16.15
Srimongal,2021,1,29,18.4,17.35,20.4,15.35
Srimongal,2021,1,30,17.5,19.5,20.35,17.4
Srimongal,2021,1,31,16.75,18.95,19.9,18.2
Srimongal,2021,2,1,17.1,19.15,19.85,14.4
Srimongal,2021,2,2,17.85,19.2,19.8,16.3
Srimongal,2021,2,3,18.55,19.75,20,17.5
Srimongal,2021,2,4,18.85,19.55,20.2,18.7
Srimongal,2021,2,5,18.9,20.15,20.5,18.9
Srimongal,2021,2,6,17.7,20,20.5,18.35
Srimongal,2021,2,7,18.4,19.75,20.35,17.05
Srimongal,2021,2,8,19.2,20.25,20.35,18.15
Srimongal,2021,2,9,19.15,20.35,20.5,19.15
Srimongal,2021,2,10,19.45,20.65,20.75,19.15
Srimongal,2021,2,11,19.85,20.8,20.3,19.5
Srimongal,2021,2,12,20.1,20.8,20.4,19.6
Srimongal,2021,2,13,19.75,21,21,19.8
Srimongal,2021,2,14,20.1,21.1,21.15,19.45
Srimongal,2021,2,15,20.2,21.1,21.2,20.5
Srimongal,2021,2,16,19.9,21.25,21.25,20.1
Srimongal,2021,2,17,21.15,21.7,21.4,19.65
Srimongal,2021,2,18,21.3,21.9,21.5,22.15
Srimongal,2021,2,19,20.6,21.9,21.8,22.2
Srimongal,2021,2,20,21.3,22,21.7,22
Srimongal,2021,2,21,21.35,22,21.8,21.7
Srimongal,2021,2,22,21.6,22.4,22,21.55
Srimongal,2021,2,23,21.75,22.65,22.2,21.95
Srimongal,2021,2,24,22.35,22.95,22.5,21.7
Srimongal,2021,2,25,23,23.3,22.7,23.4
Srimongal,2021,2,26,24.45,24,23.3,23.75
Srimongal,2021,2,27,25.1,24.8,23.6,25
Srimongal,2021,2,28,24.8,24.8,24.1,26.3
Srimongal,2021,3,1,25.3,25.4,24.45,25.25
Srimongal,2021,3,2,24.6,25.1,24.45,26.5
Srimongal,2021,3,3,24.1,24.95,24.3,24.65
Srimongal,2021,3,4,25.05,25.2,24.5,23.5
Srimongal,2021,3,5,25.9,25.7,24.75,25.3
Srimongal,2021,3,6,24.9,25.5,25,26.8
Srimongal,2021,3,7,24.95,25.7,25,24.9
Srimongal,2021,3,8,21.4,25.3,24.9,24.7
Srimongal,2021,3,9,25.2,25.5,25,24.2
Srimongal,2021,3,10,25.5,25.6,25,26.15
Srimongal,2021,3,11,26.15,26.4,25.5,26.5
Srimongal,2021,3,12,24.4,26.1,25.6,26.45
Srimongal,2021,3,13,25.3,26.25,25.55,25.25
Srimongal,2021,3,14,24.75,26.25,25.45,24.85
Srimongal,2021,3,15,25,25.7,25.45,24.15
Srimongal,2021,3,16,25.35,25.8,25.45,25.1
Srimongal,2021,3,17,25.2,25.9,25.45,25.2
Srimongal,2021,3,18,25,25.7,25.45,24.9
Srimongal,2021,3,19,25.55,25.9,25.55,24.95
Srimongal,2021,3,20,26.45,26.3,25.7,25.95
Srimongal,2021,3,21,26.7,26.8,26,27.3
Srimongal,2021,3,22,26.4,26.2,25.9,28
Srimongal,2021,3,23,26.7,27.05,26.3,26.2
Srimongal,2021,3,24,27.25,27.4,26.45,26.9
Srimongal,2021,3,25,27.1,27.4,26.4,28.45
Srimongal,2021,3,26,26.8,27.8,27,26.75
Srimongal,2021,3,27,26.5,27.35,26.9,26.1
Srimongal,2021,3,28,27.15,27.55,27.05,25.75
Srimongal,2021,3,29,25.3,27.4,27,27.15
Srimongal,2021,3,30,25.75,26.4,26.4,24.65
Srimongal,2021,3,31,27.4,27.5,26.7,26.1
Srimongal,2021,4,1,28.1,27.9,27.1,29.35
Srimongal,2021,4,2,27.6,27.9,27.2,28.4
Srimongal,2021,4,3,27.4,27.85,27.2,27.7
Srimongal,2021,4,4,26.6,27.85,27.35,27.5
Srimongal,2021,4,5,26.4,27.5,27.1,24.65
Srimongal,2021,4,6,27.35,27.8,27.15,25.55
Srimongal,2021,4,7,28.3,28.5,27.45,27.1
Srimongal,2021,4,8,27.7,28.6,27.85,28.35
Srimongal,2021,4,9,28.5,28.95,28,26.1
Srimongal,2021,4,10,28.95,29.15,28.2,28.15
Srimongal,2021,4,11,29.4,29.6,28.45,28.55
Srimongal,2021,4,12,29.35,29.6,28.6,29.95
Srimongal,2021,4,13,29.5,30,29,29.15
Srimongal,2021,4,14,29.75,30,29.1,29.25
Srimongal,2021,4,15,29.4,30.25,29.3,29.9
Srimongal,2021,4,16,27.5,28.95,29.05,27.6
Srimongal,2021,4,17,28.5,28.95,28.45,24.85
Srimongal,2021,4,18,28.95,29.45,28.75,27.35
Srimongal,2021,4,19,29.6,29.9,28.95,27.5
Srimongal,2021,4,20,29.8,30.15,29.1,29.75
Srimongal,2021,4,21,29.15,30.3,29.4,29.5
Srimongal,2021,4,22,29.5,30.1,29.4,28.5
Srimongal,2021,4,23,28.8,30,29.25,28.65
Srimongal,2021,4,24,29.3,30,29.35,27.35
Srimongal,2021,4,25,30.3,30.65,29.55,28.55
Srimongal,2021,4,26,30.7,31,29.9,30.15
Srimongal,2021,4,27,31.75,31.6,30.05,30.5
Srimongal,2021,4,28,31.15,31.55,30.3,31
Srimongal,2021,4,29,30.3,31.4,30.2,29.7
Srimongal,2021,4,30,28.2,31.2,30.25,28.85
Srimongal,2021,5,1,26.9,29.7,29.55,29.45
Srimongal,2021,5,2,28.35,29.2,29.1,27.75
Srimongal,2021,5,3,25.9,29.15,29.2,27.85
Srimongal,2021,5,4,27.8,28.4,28.55,28.2
Srimongal,2021,5,5,28.3,29,28.75,26.5
Srimongal,2021,5,6,28.85,29.45,28.75,27.8
Srimongal,2021,5,7,29.15,29.9,29.3,28.8
Srimongal,2021,5,8,28,30,29.2,27.6
Srimongal,2021,5,9,29.15,29.7,29.35,28.65
Srimongal,2021,5,10,28.8,29.85,29.35,27.45
Srimongal,2021,5,11,30.05,30.1,29.35,26.5
Srimongal,2021,5,12,28,29.8,29.55,28.35
Srimongal,2021,5,13,27.6,28.8,29,27.15
Srimongal,2021,5,14,27.5,28.95,28.65,25.8
Srimongal,2021,5,15,27.95,28.85,28.65,25.75
Srimongal,2021,5,16,29.4,29.6,28.9,26.6
Srimongal,2021,5,17,29.3,30.2,29.25,28.45
Srimongal,2021,5,18,30.3,30.3,29.4,30.8
Srimongal,2021,5,19,30.4,30.75,29.9,29.85
Srimongal,2021,5,20,31.2,30.8,30,32
Srimongal,2021,5,21,32.15,31.4,30.35,30.75
Srimongal,2021,5,22,32.4,32.5,30.9,31.75
Srimongal,2021,5,23,32.6,32.65,31.1,31.85
Srimongal,2021,5,24,31.6,32.3,31.2,32.4
Srimongal,2021,5,25,31.6,32.5,31.2,30.6
Srimongal,2021,5,26,31.45,31.95,31.3,31.05
Srimongal,2021,5,27,31.5,31.85,31.25,30.9
Srimongal,2021,5,28,29.3,32.1,31.3,30.7
Srimongal,2021,5,29,32.15,32.4,31.5,30.75
Srimongal,2021,5,30,30.8,32.25,31.45,31.2
Srimongal,2021,5,31,29.6,30.7,31,29.85
Srimongal,2021,6,1,30.6,31,30.6,26.75
Srimongal,2021,6,2,29.55,31.05,30.5,29.15
Srimongal,2021,6,3,31,31.5,30.55,30.3
Srimongal,2021,6,4,29,30.4,30.35,30.3
Srimongal,2021,6,5,28.35,29.65,30.05,25.35
Srimongal,2021,6,6,29.05,29.85,29.7,25.95
Srimongal,2021,6,7,29.35,30,29.8,28.2
Srimongal,2021,6,8,30.3,30.4,29.85,28.35
Srimongal,2021,6,9,30.8,30.85,30.2,30.15
Srimongal,2021,6,10,30.8,31,30.25,29
Srimongal,2021,6,11,31.35,31.4,30.5,29.15
Srimongal,2021,6,12,31.85,31.9,30.8,29.95
Srimongal,2021,6,13,31.85,32.3,31.1,31.5
Srimongal,2021,6,14,32.1,32.3,31.25,31
Srimongal,2021,6,15,31.8,32.2,31.4,31.25
Srimongal,2021,6,16,31.7,31.85,31.15,30
Srimongal,2021,6,17,30.55,31.8,31,29.95
Srimongal,2021,6,18,29.9,31.05,30.95,29.1
Srimongal,2021,6,19,29.85,30.75,30.6,27.5
Srimongal,2021,6,20,30.05,31,30.7,28.45
Srimongal,2021,6,21,30.8,31.15,30.55,28.55
Srimongal,2021,6,22,30.6,31.2,30.6,29
Srimongal,2021,6,23,30.55,31.4,30.8,30
Srimongal,2021,6,24,31.35,31.55,30.8,30.45
Srimongal,2021,6,25,31.4,31.75,31.05,30.2
Srimongal,2021,6,26,31.5,31.35,31.1,29.95
Srimongal,2021,6,27,30.3,31.6,31.2,30.2
Srimongal,2021,6,28,29.3,30.6,30.8,29.6
Srimongal,2021,6,29,27.75,30.05,30.3,29.55
Srimongal,2021,6,30,27.8,29.2,29.6,27.45
Srimongal,2021,7,1,27.95,29.1,29.3,26.6
Srimongal,2021,7,2,29.3,29.5,29.3,26.35
Srimongal,2021,7,3,29.35,29.75,29.45,28.5
Srimongal,2021,7,4,30.1,30.15,29.7,28.7
Srimongal,2021,7,5,30.15,30.5,29.85,29.9
Srimongal,2021,7,6,30.2,30.8,30.2,29.5
Srimongal,2021,7,7,30.9,30.7,30.2,29
Srimongal,2021,7,8,31.2,31.1,30.5,30.4
Srimongal,2021,7,9,31,31.3,30.65,30.25
Srimongal,2021,7,10,31.15,31.5,30.8,29
Srimongal,2021,7,11,31.85,31.9,30.6,30.05
Srimongal,2021,7,12,30.85,31.9,31.2,31.1
Srimongal,2021,7,13,30.85,31.5,31.1,29.05
Srimongal,2021,7,14,31.15,31.6,31.1,30.15
Srimongal,2021,7,15,30.55,31.3,31,30
Srimongal,2021,7,16,30.2,31,30.8,29.05
Srimongal,2021,7,17,31,31.3,30.95,28.2
Srimongal,2021,7,18,30.35,30.95,30.6,29.4
Srimongal,2021,7,19,30.15,30.6,30.5,28.8
Srimongal,2021,7,20,30.4,30.7,30.5,29.05
Srimongal,2021,7,21,31.45,31.5,30.6,29.4
Srimongal,2021,7,22,30.65,31.7,31,31.1
Srimongal,2021,7,23,31.35,31.9,31.2,29.45
Srimongal,2021,7,24,30.85,31.6,31.1,30
Srimongal,2021,7,25,31.55,31.75,31.1,29.1
Srimongal,2021,7,26,30.95,31.95,31.2,30.5
Srimongal,2021,7,27,31,31.85,31.25,30.7
Srimongal,2021,7,28,30.6,31.45,31.2,29.85
Srimongal,2021,7,29,31.15,31.4,31.2,29.3
Srimongal,2021,7,30,30.15,31,30.4,28.85
Srimongal,2021,7,31,30.65,31,30.9,28.75
Srimongal,2021,8,1,30.6,31.1,31,30
Srimongal,2021,8,2,29.9,31,30.75,28.35
Srimongal,2021,8,3,31.3,31.2,30.85,29.15
Srimongal,2021,8,4,30.75,31.3,30.95,30.35
Srimongal,2021,8,5,30.8,31.3,30.9,30.15
Srimongal,2021,8,6,30.45,31.15,31.1,29.85
Srimongal,2021,8,7,30.7,31.3,30.8,28.1
Srimongal,2021,8,8,30.2,31.05,30.65,29.15
Srimongal,2021,8,9,30.65,31.3,30.8,28.95
Srimongal,2021,8,10,30.7,31.4,30.9,30.45
Srimongal,2021,8,11,31.25,31.6,31,30.3
Srimongal,2021,8,12,30.15,31.3,31,30.4
Srimongal,2021,8,13,29.5,30.6,30.85,28.55
Srimongal,2021,8,14,29.95,30.6,30.45,28.85
Srimongal,2021,8,15,29.1,30.5,30.5,29.5
Srimongal,2021,8,16,29.4,30.4,30.3,28.25
Srimongal,2021,8,17,29.1,30.2,30.15,28
Srimongal,2021,8,18,29.25,30.2,30.2,28.5
Srimongal,2021,8,19,29.6,30.2,30.1,28.65
Srimongal,2021,8,20,29.35,30.35,30.2,28.65
Srimongal,2021,8,21,30.75,30.65,30.25,28.45
Srimongal,2021,8,22,30.1,30.9,30.45,29.65
Srimongal,2021,8,23,30.2,30.9,30.4,29.5
Srimongal,2021,8,24,29.4,30.3,30.35,29.05
Srimongal,2021,8,25,29.7,30.1,30.1,27.45
Srimongal,2021,8,26,30.4,30.8,30.3,29.85
Srimongal,2021,8,27,30.9,31.05,30.55,29.95
Srimongal,2021,8,28,29.7,30.55,30.35,29.55
Srimongal,2021,8,29,30.1,30.45,30.3,27.7
Srimongal,2021,8,30,30.8,30.75,30.25,29.35
Srimongal,2021,8,31,30.6,30.9,30.4,29.95
Srimongal,2021,9,1,30.7,31.05,30.4,29.65
Srimongal,2021,9,2,31.35,31.5,30.8,29.4
Srimongal,2021,9,3,28.85,31.5,31,30.35
Srimongal,2021,9,4,31.6,31.6,31.15,30.8
Srimongal,2021,9,5,31.3,31.95,31.3,30.5
Srimongal,2021,9,6,30.7,31.6,31.1,29.95
Srimongal,2021,9,7,31.15,31.6,31.05,29.35
Srimongal,2021,9,8,30.75,31.3,31.15,29.6
Srimongal,2021,9,9,31.15,31.7,31.2,29.65
Srimongal,2021,9,10,31.9,32,31.25,30
Srimongal,2021,9,11,32.3,32.5,31.55,30.8
Srimongal,2021,9,12,32.2,32.55,31.8,31.05
Srimongal,2021,9,13,31.9,32.45,31.85,30.9
Srimongal,2021,9,14,31.9,32.5,31.65,30.8
Srimongal,2021,9,15,31.4,32.2,31.75,30.15
Srimongal,2021,9,16,31.15,31.8,31.45,29.55
Srimongal,2021,9,17,29.9,31.4,31.5,29.35
Srimongal,2021,9,18,29.8,30.75,30.95,28.35
Srimongal,2021,9,19,30.35,30.8,31.35,28.4
Srimongal,2021,9,20,30.1,30.9,30.95,29.1
Srimongal,2021,9,21,30.65,31.05,30.7,28.25
Srimongal,2021,9,22,30.75,31.4,30.9,30.4
Srimongal,2021,9,23,31.2,31.6,30.9,29.65
Srimongal,2021,9,24,31.45,31.95,31.3,30.65
Srimongal,2021,9,25,31.35,31.85,31.4,31.5
Srimongal,2021,9,26,31.1,31.85,31.4,29.95
Srimongal,2021,9,27,29.9,31.6,31.35,29.65
Srimongal,2021,9,28,30.3,30.95,31.1,29.3
Srimongal,2021,9,29,30.1,31.2,31.2,28.75
Srimongal,2021,9,30,30.5,30.45,30.85,28.25
Srimongal,2021,10,1,30.45,30.95,30.85,29.4
Srimongal,2021,10,2,29.7,30.9,30.75,28.75
Srimongal,2021,10,3,29.25,30.2,30.3,29
Srimongal,2021,10,4,26.45,29.9,30.15,28.25
Srimongal,2021,10,5,29.9,30.2,30,26.8
Srimongal,2021,10,6,30.1,30.6,30.2,29.1
Srimongal,2021,10,7,30.2,30.7,30.3,29.55
Srimongal,2021,10,8,30.8,31.1,30.45,30
Srimongal,2021,10,9,30.8,31.2,30.6,30.25
Srimongal,2021,10,10,30.8,31.3,32.1,30.25
Srimongal,2021,10,11,31.5,31.85,32.2,30.6
Srimongal,2021,10,12,31.9,32.4,32.95,31.3
Srimongal,2021,10,13,31.55,32.1,32.95,31.95
Srimongal,2021,10,14,31.85,32.25,33.5,30.95
Srimongal,2021,10,15,31.1,32.15,32.65,31.05
Srimongal,2021,10,16,30.55,31.6,31.1,29.65
Srimongal,2021,10,17,30.25,31.3,30.5,28.8
Srimongal,2021,10,18,29.45,30.9,29.85,29.55
Srimongal,2021,10,19,29.3,30.9,29.7,28.3
Srimongal,2021,10,20,29.05,30.4,30.5,28.95
Srimongal,2021,10,21,28.6,30.1,30.3,27.95
Srimongal,2021,10,22,28.65,29.9,30.1,26.45
Srimongal,2021,10,23,28,27.25,29.9,27
Srimongal,2021,10,24,28,29.6,29.7,26.45
Srimongal,2021,10,25,33.1,29.45,29.6,26.25
Srimongal,2021,10,26,28.1,29.4,29.55,26.35
Srimongal,2021,10,27,28.3,29.45,29.4,26.7
Srimongal,2021,10,28,28.85,29.95,29.45,27.25
Srimongal,2021,10,29,28.4,29.65,24.5,28.3
Srimongal,2021,10,30,27.6,29.25,29.4,27.75
Srimongal,2021,10,31,26.35,28.5,29.05,26.15
Srimongal,2021,11,1,25.1,27.5,28.4,24.1
Srimongal,2021,11,2,25.65,27.8,28,22.8
Srimongal,2021,11,3,25.05,27.15,27.8,23.65
Srimongal,2021,11,4,24.7,26.7,27.2,23.35
Srimongal,2021,11,5,24.45,26.55,27.1,22.9
Srimongal,2021,11,6,24.25,26.25,27.1,22.65
Srimongal,2021,11,7,24.4,26.2,26.8,22.75
Srimongal,2021,11,8,25.35,26.6,27,23.95
Srimongal,2021,11,9,25.85,26.9,27,24.8
Srimongal,2021,11,10,25.85,27,27.35,26.05
Srimongal,2021,11,11,26.15,27.2,27.4,26.05
Srimongal,2021,11,12,25.85,27.2,27.4,26.1
Srimongal,2021,11,13,25.25,26.7,27.3,25.15
Srimongal,2021,11,14,25.3,26.7,26.95,22.85
Srimongal,2021,11,15,25.8,26.8,27.2,23.4
Srimongal,2021,11,16,24.5,26.4,26.9,25.1
Srimongal,2021,11,17,23.8,25.9,26.5,24.1
Srimongal,2021,11,18,23.3,25.55,26.4,22.85
Srimongal,2021,11,19,22.9,25.5,25.45,22.1
Srimongal,2021,11,20,23.55,25,25.9,21.3
Srimongal,2021,11,21,23.3,24.9,25.6,22.95
Srimongal,2021,11,22,23.3,25,25.7,23
Srimongal,2021,11,23,22.95,25,25.7,22.75
Srimongal,2021,11,24,21.8,24.4,25.3,23.45
Srimongal,2021,11,25,21.7,24.2,25.05,21.25
Srimongal,2021,11,26,21.7,23.95,24.85,21.15
Srimongal,2021,11,27,21.55,23.7,24.65,20.85
Srimongal,2021,11,28,21.55,23.8,24.5,20.85
Srimongal,2021,11,29,21.85,23.65,24.35,20.55
Srimongal,2021,11,30,22.3,23.8,24.4,21.1
Srimongal,2021,12,1,22.6,24.15,24.5,22.35
Srimongal,2021,12,2,22.5,24.15,24.5,22.3
Srimongal,2021,12,3,21.95,24,24.55,22.5
Srimongal,2021,12,4,23.2,24.75,24.8,20.55
Srimongal,2021,12,5,22.3,24.35,24.3,23.9
Srimongal,2021,12,6,22.2,23.7,24.6,20.7
Srimongal,2021,12,7,23.6,24.1,24.35,21.15
Srimongal,2021,12,8,23.6,24.6,24.65,23.95
Srimongal,2021,12,9,23.65,24.8,24.9,24
Srimongal,2021,12,10,21.75,24.2,24.7,23.65
Srimongal,2021,12,11,21.25,23.2,24.35,21.2
Srimongal,2021,12,12,20.2,22.7,23.8,20.55
Srimongal,2021,12,13,19.7,22.15,23.5,18.6
Srimongal,2021,12,14,19.7,22.1,23.6,18.85
Srimongal,2021,12,15,19.7,22.1,23.5,18.85
Srimongal,2021,12,16,19.1,21.75,22.8,19.55
Srimongal,2021,12,17,18.9,21.4,22.45,18.6
Srimongal,2021,12,18,18.95,21.05,22.2,18.2
Srimongal,2021,12,19,19.2,21.3,22.25,18.4
Srimongal,2021,12,20,19.5,21.3,22.1,19.15
Srimongal,2021,12,21,19.6,21.7,22.1,19.5
Srimongal,2021,12,22,19.1,21.2,22,19.4
Srimongal,2021,12,23,18.9,21,21.9,18.2
Srimongal,2021,12,24,18.2,20.7,21.7,18.1
Srimongal,2021,12,25,18.4,20.8,21.6,17.65
Srimongal,2021,12,26,18.7,22.1,21.6,18.35
Srimongal,2021,12,27,18.7,20.6,21.5,18.2
Srimongal,2021,12,28,18.6,20.6,21.4,18.5
Srimongal,2021,12,29,19.2,20.7,21.4,18
Srimongal,2021,12,30,18.9,20.85,21.45,19.4
Srimongal,2021,12,31,18.45,20.6,21.25,19.2
Srimongal,2022,1,1,18.3,20.4,21.1,18.3
Srimongal,2022,1,2,18.6,20.3,21.1,17.7
Srimongal,2022,1,3,18.4,20.1,21,18.1
Srimongal,2022,1,4,19,20.2,21.05,17.75
Srimongal,2022,1,5,18.9,20.1,20.95,18.4
Srimongal,2022,1,6,18.65,20.25,20.95,18.35
Srimongal,2022,1,7,18.75,20.4,21,18.6
Srimongal,2022,1,8,19.2,20.6,21,19.5
Srimongal,2022,1,9,19.4,20.6,22.6,19.6
Srimongal,2022,1,10,20.15,21,21.3,19.75
Srimongal,2022,1,11,20.45,21.75,21.85,20.4
Srimongal,2022,1,12,20.7,21.9,22,21.25
Srimongal,2022,1,13,19.2,20.95,21.75,20.65
Srimongal,2022,1,14,19.55,21.2,21.75,17.55
Srimongal,2022,1,15,19.6,21.05,21.45,18.4
Srimongal,2022,1,16,18.95,20.3,21,18.2
Srimongal,2022,1,17,19,20.5,21,17.65
Srimongal,2022,1,18,19.55,20.9,21.1,19.55
Srimongal,2022,1,19,19.1,20.6,21.2,19.7
Srimongal,2022,1,20,19.3,20.5,21.15,17.95
Srimongal,2022,1,21,19.2,20.4,21.15,18.2
Srimongal,2022,1,22,19.3,20.6,21.15,18.75
Srimongal,2022,1,23,20.4,21.3,21.35,18.5
Srimongal,2022,1,24,20.75,21.7,21.6,20.7
Srimongal,2022,1,25,20.1,21.5,21.8,19.75
Srimongal,2022,1,26,20.2,21.45,21.9,20.25
Srimongal,2022,1,27,18.2,20.5,21.35,19.1
Srimongal,2022,1,28,18.25,19.85,20.75,16.35
Srimongal,2022,1,29,17.6,19.2,20.4,14.7
Srimongal,2022,1,30,17.5,19.35,20.3,15.75
Srimongal,2022,1,31,17.5,19.3,20.1,16.4
Srimongal,2022,2,1,18.8,19.75,20.1,17.5
Srimongal,2022,2,2,20.05,20.55,20.7,18.65
Srimongal,2022,2,3,18.5,20.4,20.8,20.4
Srimongal,2022,2,4,19.2,20.2,20.7,18.5
Srimongal,2022,2,5,18.4,19.9,20.6,18.1
Srimongal,2022,2,6,18.1,19.6,20.3,16.65
Srimongal,2022,2,7,18.25,19,20.25,16
Srimongal,2022,2,8,18.35,19.1,19.8,16.65
Srimongal,2022,2,9,17.5,19.4,20.25,17.15
Srimongal,2022,2,10,19.25,19.7,20.1,15.55
Srimongal,2022,2,11,19,20.15,20.4,19
Srimongal,2022,2,12,18.6,20,20.4,18.8
Srimongal,2022,2,13,19,20.05,20.4,17.35
Srimongal,2022,2,14,17.85,20.5,20.5,18.6
Srimongal,2022,2,15,19.35,20.5,20.55,19.1
Srimongal,2022,2,16,19.4,20.5,20.75,18.95
Srimongal,2022,2,17,19.4,20.5,20.85,18.6
Srimongal,2022,2,18,19.3,20.5,20.85,18.4
Srimongal,2022,2,19,18.9,20.3,20.75,18.75
Srimongal,2022,2,20,20.25,21.05,21,18.95
Srimongal,2022,2,21,19.9,20.9,21.15,18.7
Srimongal,2022,2,22,21.3,21.25,21,19.35
Srimongal,2022,2,23,21.55,21.85,21.05,22.1
Srimongal,2022,2,24,22.8,22.5,21.9,21
Srimongal,2022,2,25,22.6,22.8,22.3,24.35
Srimongal,2022,2,26,22.3,22.8,22.4,22.5
Srimongal,2022,2,27,22.9,23.1,22.6,21.85
Srimongal,2022,2,28,21.9,23.4,22.9,22.7
Srimongal,2022,3,1,22.1,22.9,22.9,22.4
Srimongal,2022,3,2,22.2,23,22.9,20.85
Srimongal,2022,3,3,22.1,22.7,22.9,21.75
Srimongal,2022,3,4,22.5,23.15,22.95,20.8
Srimongal,2022,3,5,22.6,23.45,23.15,22.2
Srimongal,2022,3,6,23.2,23.8,23.3,21.9
Srimongal,2022,3,7,23.9,24,23.55,24.1
Srimongal,2022,3,8,24.15,24.55,24,24.6
Srimongal,2022,3,9,24.3,24.6,24,24.6
Srimongal,2022,3,10,24.25,24.9,24.3,25
Srimongal,2022,3,11,24.1,24.75,24.3,24.05
Srimongal,2022,3,12,24.6,25.05,24.5,23.95
Srimongal,2022,3,13,24.8,25.1,24.6,25.15
Srimongal,2022,3,14,25,25.2,24.9,25.5
Srimongal,2022,3,15,25,25.6,25,26.4
Srimongal,2022,3,16,25.3,25.75,25.25,25.6
Srimongal,2022,3,17,25.45,25.9,25.55,27
Srimongal,2022,3,18,25.6,26.2,25.5,26.45
Srimongal,2022,3,19,25.95,26.45,25.7,26.35
Srimongal,2022,3,20,25.8,26.5,25.75,26.35
Srimongal,2022,3,21,26.4,26.8,26,25.7
Srimongal,2022,3,22,26.8,27.1,26.15,26.8
Srimongal,2022,3,23,27.15,27,26.25,27.25
Srimongal,2022,3,24,27.2,27.1,26.8,29
Srimongal,2022,3,25,27.35,27.65,26.8,28
Srimongal,2022,3,26,26.3,27,26.75,29.25
Srimongal,2022,3,27,25.7,26.15,26.2,26.9
Srimongal,2022,3,28,25.4,26.2,26.25,24.05
Srimongal,2022,3,29,25.3,26.1,26,24.95
Srimongal,2022,3,30,26.3,25.7,26.1,24.8
Srimongal,2022,3,31,27.5,26.6,26.6,27.5
Srimongal,2022,4,1,28.1,27.6,26.7,27.8
Srimongal,2022,4,2,28.15,28.35,27.3,29
Srimongal,2022,4,3,27.85,28.3,27.3,28.4
Srimongal,2022,4,4,28.15,28.3,27.3,30.7
Srimongal,2022,4,5,28.25,28.6,27.5,28.55
Srimongal,2022,4,6,28.7,28.6,27.8,28.35
Srimongal,2022,4,7,28.8,29.1,28.05,29.05
Srimongal,2022,4,8,28.6,28.8,28,28.45
Srimongal,2022,4,9,28.3,28.75,28,28.6
Srimongal,2022,4,10,27.5,28.55,27.95,26
Srimongal,2022,4,11,28.2,28.6,28,26.75
Srimongal,2022,4,12,28.9,28.95,28.2,28.45
Srimongal,2022,4,13,28.2,29.1,28.2,29.4
Srimongal,2022,4,14,29.4,29.2,28.3,29.7
Srimongal,2022,4,15,28,29.25,28.45,30.65
Srimongal,2022,4,16,26.2,29.1,28.2,28.1
Srimongal,2022,4,17,28.3,28.5,28,28.1
Srimongal,2022,4,18,29.15,29.1,28.3,27.3
Srimongal,2022,4,19,25.8,28.3,28.4,28.8
Srimongal,2022,4,20,26.9,27.2,27.4,21.45
Srimongal,2022,4,21,27.2,28.35,27.7,25.3
Srimongal,2022,4,22,28.55,28.8,28.05,27.65
Srimongal,2022,4,23,29.2,29.1,28.3,28.2
Srimongal,2022,4,24,29.3,29.7,28.8,28.9
Srimongal,2022,4,25,29.45,30.25,29.1,29.25
Srimongal,2022,4,26,29.25,30.25,29.3,29.3
Srimongal,2022,4,27,30.75,30.6,29.5,28.5
Srimongal,2022,4,28,31.25,31,29.9,29.3
Srimongal,2022,4,29,29.7,30.65,29.95,30.7
Srimongal,2022,4,30,29.25,30.6,29.85,28.45
Srimongal,2022,5,1,29.65,30.25,29.8,28.35
Srimongal,2022,5,2,26.9,29.5,29.35,27.9
Srimongal,2022,5,3,27.2,28.2,28.65,26.75
Srimongal,2022,5,4,28.75,28.7,28.35,25.3
Srimongal,2022,5,5,29.6,29.75,28.9,28.05
Srimongal,2022,5,6,30.25,30.35,28.4,28.8
Srimongal,2022,5,7,30.75,30.8,29.6,29.8
Srimongal,2022,5,8,27.65,30.65,29.9,30.05
Srimongal,2022,5,9,28.25,29.6,29.55,27.8
Srimongal,2022,5,10,27.65,29.15,29,25.1
Srimongal,2022,5,11,28.3,29.35,28.95,27.8
Srimongal,2022,5,12,27.1,29.35,29.05,28.8
Srimongal,2022,5,13,27.55,28.45,28.45,28.25
Srimongal,2022,5,14,29.4,29.3,28.55,27.75
Srimongal,2022,5,15,30.6,29.7,29,30.65
Srimongal,2022,5,16,25.1,29.6,29.2,30.6
Srimongal,2022,5,17,28.05,29.05,28.8,26.75
Srimongal,2022,5,18,28.75,28.8,28.7,28.35
Srimongal,2022,5,19,27.45,28.4,28.4,25.7
Srimongal,2022,5,20,26.75,28,28.15,25.65
Srimongal,2022,5,21,28.85,28.4,28.1,25.35
Srimongal,2022,5,22,28.8,28.75,28.5,28
Srimongal,2022,5,23,29.45,29.4,28.45,28
Srimongal,2022,5,24,29.85,29.65,29.1,29.15
Srimongal,2022,5,25,28.75,29.7,29.2,28.25
Srimongal,2022,5,26,29.25,29.6,29.15,27.1
Srimongal,2022,5,27,29.4,29.7,29.1,28.35
Srimongal,2022,5,28,29.2,30,29.4,28.4
Srimongal,2022,5,29,29.55,29.8,29.45,28.6
Srimongal,2022,5,30,30.25,30.7,29.8,28.5
Srimongal,2022,5,31,30.2,30.6,29.75,29.4
Srimongal,2022,6,1,29.45,30.45,29.9,29.05
Srimongal,2022,6,2,29.8,30.15,29.85,28.85
Srimongal,2022,6,3,28.3,29.3,29.5,29.2
Srimongal,2022,6,4,27.7,28.7,29.1,28.3
Srimongal,2022,6,5,29.55,29.25,29.1,27.65
Srimongal,2022,6,6,28.95,29.7,29.25,28.55
Srimongal,2022,6,7,27.9,28.75,28.9,28.85
Srimongal,2022,6,8,28.6,29.15,29,27.9
Srimongal,2022,6,9,29.9,29.4,28.8,29.65
Srimongal,2022,6,10,29.45,29.7,29.2,27.1
Srimongal,2022,6,11,29.55,30,29.5,29.4
Srimongal,2022,6,12,27.15,29.35,29.35,29.35
Srimongal,2022,6,13,26.7,28.4,28.5,27.05
Srimongal,2022,6,14,26.8,28.2,28,27.35
Srimongal,2022,6,15,26.6,28.25,28.1,28.25
Srimongal,2022,6,16,25.4,27.25,27.7,27.9
Srimongal,2022,6,17,25.6,26.65,26.65,25.185
Srimongal,2022,6,18,26.4,26.85,26.6,25.7
Srimongal,2022,6,19,24.9,27.5,27.1,27.55
Srimongal,2022,6,20,28.2,28.4,27.8,27.65
Srimongal,2022,6,21,28.8,28.7,27.6,27.9
Srimongal,2022,6,22,29.2,29.25,28.5,28.75
Srimongal,2022,6,23,29.85,29.85,28.85,29.05
Srimongal,2022,6,24,29.65,30.25,29.2,29.4
Srimongal,2022,6,25,30.35,30.4,29.45,30.15
Srimongal,2022,6,26,31,30.8,29.85,29.65
Srimongal,2022,6,27,30.1,30.9,30.1,29.7
Srimongal,2022,6,28,28.75,30.25,29.85,30.45
Srimongal,2022,6,29,29.55,29.6,29.45,28.85
Srimongal,2022,6,30,29.6,29.7,29.45,28
Srimongal,2022,7,1,30.8,30.6,29.9,29.8
Srimongal,2022,7,2,28.1,31.05,30.2,25.65
Srimongal,2022,7,3,31.2,30.75,30.25,29.75
Srimongal,2022,7,4,31.8,31.35,30.5,30.1
Srimongal,2022,7,5,29.95,30.3,30.3,30.4
Srimongal,2022,7,6,31.35,30.95,30.25,27.45
Srimongal,2022,7,7,31.15,31.6,30.65,30.05
Srimongal,2022,7,8,31.85,31.7,30.75,29.8
Srimongal,2022,7,9,32.35,32.1,31.05,30.9
Srimongal,2022,7,10,32.25,32.5,31.55,31.1
Srimongal,2022,7,11,32.7,32.8,31.5,30.35
Srimongal,2022,7,12,32.95,33,31.85,30.8
Srimongal,2022,7,13,33,33.05,32,31.2
Srimongal,2022,7,14,32.9,33.2,32.2,31.3
Srimongal,2022,7,15,33.2,33.35,32.2,31.05
Srimongal,2022,7,16,32.7,33.3,32.25,31.4
Srimongal,2022,7,17,32.15,33,32.25,31.05
Srimongal,2022,7,18,31.45,32.55,31.95,30.55
Srimongal,2022,7,19,31.9,32.4,31.5,30.4
Srimongal,2022,7,20,32.3,32.6,31.8,30.25
Srimongal,2022,7,21,32.35,32.8,32,30.7
Srimongal,2022,7,22,32.3,32.85,31.9,30.25
Srimongal,2022,7,23,30.65,32.45,32,30.65
Srimongal,2022,7,24,33,31.65,31.4,28.75
Srimongal,2022,7,25,30.2,31.4,31.25,28.1
Srimongal,2022,7,26,30.9,31.25,31.05,26.95
Srimongal,2022,7,27,30.75,31.05,30.9,29.45
Srimongal,2022,7,28,31.45,31.4,30.75,28.9
Srimongal,2022,7,29,30.1,31.6,31.2,30.05
Srimongal,2022,7,30,30.3,31.2,31.1,28.95
Srimongal,2022,7,31,29.8,30.95,30.85,28.65
Srimongal,2022,8,1,30.7,30.9,30.6,28.85
Srimongal,2022,8,2,28.85,31.45,30.85,29.25
Srimongal,2022,8,3,31.85,31.85,31.2,30.2
Srimongal,2022,8,4,31.45,31.75,31.25,30.3
Srimongal,2022,8,5,30.45,31.05,31,30
Srimongal,2022,8,6,31.35,31,31.1,29.15
Srimongal,2022,8,7,29.75,31.55,31.2,30.85
Srimongal,2022,8,8,31.65,31.65,31.15,28.95
Srimongal,2022,8,9,31.35,31.8,30.6,30
Srimongal,2022,8,10,31.6,32.25,31.3,27.5
Srimongal,2022,8,11,31.8,32.45,31.6,30.5
Srimongal,2022,8,12,30.5,31.65,31.05,29.85
Srimongal,2022,8,13,31,31.65,31.15,28.4
Srimongal,2022,8,14,30.35,31.75,31.2,29.8
Srimongal,2022,8,15,31.1,31.5,31.1,30.2
Srimongal,2022,8,16,31.95,31.95,31.3,29.95
Srimongal,2022,8,17,31.9,32.4,31.6,30.7
Srimongal,2022,8,18,30.95,32.7,31.5,30.3
Srimongal,2022,8,19,31.65,32.15,31.55,30.8
Srimongal,2022,8,20,32.05,32.4,31.7,29.8
Srimongal,2022,8,21,31.45,31.75,31.4,30.85
Srimongal,2022,8,22,32,32.6,31.75,29.3
Srimongal,2022,8,23,31.8,32.45,31.8,30.3
Srimongal,2022,8,24,31.7,32.1,31.8,29.6
Srimongal,2022,8,25,31.65,32.3,31.8,29.55
Srimongal,2022,8,26,30.7,31.9,31.65,29.6
Srimongal,2022,8,27,30.95,31.5,31.35,28.3
Srimongal,2022,8,28,31.2,31.9,31.25,29.5
Srimongal,2022,8,29,31.1,32,31.5,29.75
Srimongal,2022,8,30,31.2,31.9,31.4,29.9
Srimongal,2022,8,31,30.65,31.75,31.4,30.2
Srimongal,2022,9,1,30.2,31,31.15,29.4
Srimongal,2022,9,2,29.5,30.8,30.9,28.8
Srimongal,2022,9,3,29.25,30.35,30.35,29.25
Srimongal,2022,9,4,29.25,30.45,30.3,28.05
Srimongal,2022,9,5,29.6,30.3,30.25,28.8
Srimongal,2022,9,6,29.85,30.8,30.3,29.65
Srimongal,2022,9,7,31.6,31.3,30.6,30.05
Srimongal,2022,9,8,31.8,31.7,31.1,31.15
Srimongal,2022,9,9,31.4,31.8,31.45,31.3
Srimongal,2022,9,10,31.2,31.6,31.2,29.75
Srimongal,2022,9,11,30.7,31.45,31.25,29.75
Srimongal,2022,9,12,29.6,31,31.1,29
Srimongal,2022,9,13,29.4,30.55,30.7,28.25
Srimongal,2022,9,14,30,30.55,30.45,27.4
Srimongal,2022,9,15,30.2,30.65,30.4,29.2
Srimongal,2022,9,16,30.3,30.7,30.4,29.2
Srimongal,2022,9,17,31.1,31.4,30.6,29.15
Srimongal,2022,9,18,30.85,31.15,30.75,30.45
Srimongal,2022,9,19,31.3,31.4,30.8,29.15
Srimongal,2022,9,20,30.85,31.2,31,30.25
Srimongal,2022,9,21,30.9,31.1,31,29.1
Srimongal,2022,9,22,30.8,31.3,31,29.7
Srimongal,2022,9,23,29.5,30.9,30.8,29.4
Srimongal,2022,9,24,30.85,30.85,30.55,28.05
Srimongal,2022,9,25,30.75,31.05,30.5,28.55
Srimongal,2022,9,26,30.55,31.35,30.85,29.65
Srimongal,2022,9,27,30.7,31.1,30.8,29.8
Srimongal,2022,9,28,31,31.2,30.9,29.7
Srimongal,2022,9,29,30.9,31.3,31,30.35
Srimongal,2022,9,30,30.8,31.4,31,30.2
Srimongal,2022,10,1,29.25,30.05,30.65,29.05
Srimongal,2022,10,2,29.1,30.45,30.35,26.65
Srimongal,2022,10,3,29.85,30.55,30.5,28.95
Srimongal,2022,10,4,28.8,29.8,30.1,29.3
Srimongal,2022,10,5,29.1,30.3,30,29.25
Srimongal,2022,10,6,29.9,30.6,30.2,29.5
Srimongal,2022,10,7,29.8,30.65,30.2,29.5
Srimongal,2022,10,8,28.65,29.9,29.9,29.7
Srimongal,2022,10,9,27.85,29.5,29.45,28.8
Srimongal,2022,10,10,26.75,29.1,29.5,28.4
Srimongal,2022,10,11,27.65,29,28.95,28.25
Srimongal,2022,10,12,27.6,28.7,28.85,27.75
Srimongal,2022,10,13,28.45,28.95,28.85,27.05
Srimongal,2022,10,14,29.2,29.5,29.6,28.25
Srimongal,2022,10,15,28.45,29.4,29.2,27.95
Srimongal,2022,10,16,29.3,29.9,29.35,27.65
Srimongal,2022,10,17,29.1,29.95,29.5,29.25
Srimongal,2022,10,18,28.75,29.8,29.55,28.4
Srimongal,2022,10,19,28,29.7,29.4,27.9
Srimongal,2022,10,20,27.9,29.2,29.4,28.05
Srimongal,2022,10,21,28.1,29.1,29.2,27.1
Srimongal,2022,10,22,27.9,29,29.3,27.95
Srimongal,2022,10,23,25.8,28.2,28.4,26.7
Srimongal,2022,10,24,25.4,26.3,26.9,23.1
Srimongal,2022,10,25,25.7,25.7,25.9,23.55
Srimongal,2022,10,26,24.7,27.05,27.4,24.5
Srimongal,2022,10,27,25.6,27.05,27.4,24.35
Srimongal,2022,10,28,25.5,27.6,27.75,24.75
Srimongal,2022,10,29,26.2,27.7,29.3,25.9
Srimongal,2022,10,30,27.6,28.6,28.15,26.8
Srimongal,2022,10,31,27.5,28.1,28.3,27.95
Srimongal,2022,11,1,27.35,28.45,28.25,27.4
Srimongal,2022,11,2,26.65,28.5,28.25,27.5
Srimongal,2022,11,3,26.6,27.8,28,25.85
Srimongal,2022,11,4,27.1,27.85,26.5,25.6
Srimongal,2022,11,5,27,27.7,27.8,27.15
Srimongal,2022,11,6,26.85,28,27.9,27
Srimongal,2022,11,7,26.7,25.6,28,26.3
Srimongal,2022,11,8,25.8,27.5,27.8,26.25
Srimongal,2022,11,9,25.2,27.3,27.6,25.35
Srimongal,2022,11,10,25,26.7,27.1,24.85
Srimongal,2022,11,11,25.05,26.7,27.15,24
Srimongal,2022,11,12,24.7,26.4,26.9,24.15
Srimongal,2022,11,13,24.25,26.1,26.7,23.75
Srimongal,2022,11,14,24.3,25.5,26.05,23.1
Srimongal,2022,11,15,24.05,25.45,26.05,23.75
Srimongal,2022,11,16,23.6,25.45,26.1,23.55
Srimongal,2022,11,17,23.5,25.2,26.1,22.9
Srimongal,2022,11,18,23.05,25.35,25.8,22.75
Srimongal,2022,11,19,23.85,25.3,25.75,22.75
Srimongal,2022,11,20,23.85,25.35,25.7,23.75
Srimongal,2022,11,21,23.2,25.2,25.75,23.9
Srimongal,2022,11,22,22.5,24.6,25.4,22.2
Srimongal,2022,11,23,22.65,24.55,25.35,21.75
Srimongal,2022,11,24,23,24.6,25.2,22.05
Srimongal,2022,11,25,22.9,24.65,25.25,23.35
Srimongal,2022,11,26,23,24.75,25.2,23.3
Srimongal,2022,11,27,23.45,24.85,25.25,23.1
Srimongal,2022,11,28,24.7,25.75,25.45,24.35
Srimongal,2022,11,29,25.35,26,25.8,25.7
Srimongal,2022,11,30,24.95,26.15,25.9,26.55
Srimongal,2022,12,1,23.8,25.65,25.95,25.35
Srimongal,2022,12,2,23.6,25.3,25.6,22.75
Srimongal,2022,12,3,23.4,25.1,25.6,23.3
Srimongal,2022,12,4,23.1,24.7,25.2,22.75
Srimongal,2022,12,5,22.8,24.55,25.3,23.1
Srimongal,2022,12,6,22.55,24.3,25.1,22.4
Srimongal,2022,12,7,22.45,24.3,25,22.25
Srimongal,2022,12,8,22.2,24.25,25.35,22
Srimongal,2022,12,9,22.1,24.25,24.85,21.4
Srimongal,2022,12,10,22.2,23.65,24.4,23.4
Srimongal,2022,12,11,21.85,23.7,24.5,21.55
Srimongal,2022,12,12,21.85,23.55,24.2,20.55
Srimongal,2022,12,13,21.4,23.55,24.25,20.8
Srimongal,2022,12,14,21.85,23.5,24.1,21
Srimongal,2022,12,15,21.7,23.35,24.15,20.95
Srimongal,2022,12,16,22.3,23.45,24.1,19.6
Srimongal,2022,12,17,22.1,23.45,24,21.8
Srimongal,2022,12,18,22.35,23.7,24.2,21.65
Srimongal,2022,12,19,22,23.5,24.1,22.2
Srimongal,2022,12,20,21.5,23.25,24,19.9
Srimongal,2022,12,21,21.45,23.25,23.8,19.6
Srimongal,2022,12,22,21.4,23.15,23.6,19.55
Srimongal,2022,12,23,21.2,23,23.7,20.1
Srimongal,2022,12,24,21.85,22.7,23.2,19.65
Srimongal,2022,12,25,21.55,22.8,23.55,19.7
Srimongal,2022,12,26,21.3,22.95,23.45,18.15
Srimongal,2022,12,27,21.6,22.95,23.45,19.95
Srimongal,2022,12,28,21.75,22.65,23.4,20.2
Srimongal,2022,12,29,21.5,22.4,22.8,15.3
Srimongal,2022,12,30,20.75,21.7,22.4,16.25
Srimongal,2022,12,31,21.55,22.8,23.55,17.25
Rajshahi,2001,1,1,19.85,20.9,21,18.9
Rajshahi,2001,1,2,19.4,20.6,21,18.9
Rajshahi,2001,1,3,20.5,21.2,21.2,19.4
Rajshahi,2001,1,4,18.4,20.7,21.1,17.9
Rajshahi,2001,1,5,17,19.8,20.2,14.7
Rajshahi,2001,1,6,16.3,19.1,20.1,13.3
Rajshahi,2001,1,7,17,19,19.9,13.5
Rajshahi,2001,1,8,16.7,18.4,19.5,14.7
Rajshahi,2001,1,9,16.8,18.5,19.7,14.8
Rajshahi,2001,1,10,17.1,18.8,19.4,14.9
Rajshahi,2001,1,11,16.2,18.5,22.1,14.8
Rajshahi,2001,1,12,19,17.5,18.6,14.2
Rajshahi,2001,1,13,15.8,18,18.9,13.7
Rajshahi,2001,1,14,16.3,17.9,18.8,14.3
Rajshahi,2001,1,15,16.3,17.4,18.2,14.2
Rajshahi,2001,1,16,16.5,17.5,18.4,14.5
Rajshahi,2001,1,17,16.7,17.7,18.25,16.4
Rajshahi,2001,1,18,16.8,18,18.5,16.4
Rajshahi,2001,1,19,17,18.3,18.95,16.3
Rajshahi,2001,1,20,17.6,18.3,18.8,16.3
Rajshahi,2001,1,21,17.5,18.6,18.8,17.1
Rajshahi,2001,1,22,17.6,18.6,18.9,16.4
Rajshahi,2001,1,23,18.7,19.1,19,18.7
Rajshahi,2001,1,24,17.8,19.1,19.3,19.3
Rajshahi,2001,1,25,16.7,18.7,19.1,16.1
Rajshahi,2001,1,26,16.5,18.2,18.7,14.8
Rajshahi,2001,1,27,16.7,18.2,18.6,14.8
Rajshahi,2001,1,28,17.2,18.4,18.65,15.3
Rajshahi,2001,1,29,17.4,18.4,18.6,15.7
Rajshahi,2001,1,30,18,18.7,18.9,16.6
Rajshahi,2001,1,31,18.5,19,19.4,17.2
Rajshahi,2001,2,1,19.4,19.5,19.3,18.2
Rajshahi,2001,2,2,19.5,19.9,19.9,18.9
Rajshahi,2001,2,3,19.4,19.5,19.6,19.2
Rajshahi,2001,2,4,18.5,19.7,19.4,17.2
Rajshahi,2001,2,5,18.2,19,19.8,15.8
Rajshahi,2001,2,6,18,19,19.35,17.1
Rajshahi,2001,2,7,18.3,19.3,19.4,16.9
Rajshahi,2001,2,8,18.2,19.1,19.3,17.2
Rajshahi,2001,2,9,18.3,19.2,19.5,17.4
Rajshahi,2001,2,10,18.15,19.1,19.3,17.5
Rajshahi,2001,2,11,19.2,19.6,19.6,17.1
Rajshahi,2001,2,12,19.6,19.9,20,18.3
Rajshahi,2001,2,13,20.2,20.1,20,18.6
Rajshahi,2001,2,14,20.5,20.3,20,18.9
Rajshahi,2001,2,15,20.8,20.75,20.3,19.6
Rajshahi,2001,2,16,20.6,21,20.5,21.3
Rajshahi,2001,2,17,21.3,20.8,20.6,20.2
Rajshahi,2001,2,18,22.8,22,21.25,21.7
Rajshahi,2001,2,19,23,22.1,21.35,22.5
Rajshahi,2001,2,20,22.5,22,21.5,22
Rajshahi,2001,2,21,21.3,22,21.7,21.5
Rajshahi,2001,2,22,22.3,21.9,21.6,19.9
Rajshahi,2001,2,23,22.5,22.2,21.8,21.5
Rajshahi,2001,2,24,22.9,22.7,22,21.3
Rajshahi,2001,2,25,23.7,22.8,22.2,22.7
Rajshahi,2001,2,26,25.5,24.3,23.6,23.8
Rajshahi,2001,2,27,24.8,24.1,23,25.1
Rajshahi,2001,2,28,24.4,23.5,22.8,22.5
Rajshahi,2001,3,1,24.5,24,23.2,23.5
Rajshahi,2001,3,2,24.2,23.7,23.2,22.7
Rajshahi,2001,3,3,23.9,23.75,23.2,22.8
Rajshahi,2001,3,4,23.5,24,23.1,20.7
Rajshahi,2001,3,5,21.9,23.2,23,21.7
Rajshahi,2001,3,6,23.25,22.8,22.7,20.3
Rajshahi,2001,3,7,23.2,23.1,22.7,21.7
Rajshahi,2001,3,8,23.5,23.2,25.4,21.2
Rajshahi,2001,3,9,24.4,23.6,22.9,22.2
Rajshahi,2001,3,10,24.2,23.7,23,23.6
Rajshahi,2001,3,11,24.3,23.85,23.35,22.6
Rajshahi,2001,3,12,24.7,24.4,23.6,23.6
Rajshahi,2001,3,13,24.7,24.2,23.55,23
Rajshahi,2001,3,14,25.1,24.3,23.7,23.9
Rajshahi,2001,3,15,25.8,24.75,23.95,24.8
Rajshahi,2001,3,16,29,25.9,25.4,25.1
Rajshahi,2001,3,17,25.9,25.3,24.6,26.4
Rajshahi,2001,3,18,26.3,25.3,24.7,25
Rajshahi,2001,3,19,26.7,25.8,25.15,24.9
Rajshahi,2001,3,20,26.8,25.9,25,25.9
Rajshahi,2001,3,21,27.7,26.3,25.5,26.9
Rajshahi,2001,3,22,27.6,27,25.9,28.2
Rajshahi,2001,3,23,26.95,26.6,25.9,26.6
Rajshahi,2001,3,24,27.7,26.7,26.1,25.5
Rajshahi,2001,3,25,26.8,26.6,25.9,26.4
Rajshahi,2001,3,26,27.9,26.8,26,26.6
Rajshahi,2001,3,27,27.9,27.2,26.2,26.8
Rajshahi,2001,3,28,28.6,27.5,26.4,28.1
Rajshahi,2001,3,29,30.2,28.2,26.9,28.6
Rajshahi,2001,3,30,28.5,28.2,27.2,29.3
Rajshahi,2001,3,31,28.4,27.9,27,26.8
Rajshahi,2001,4,1,28.3,28,27,26.8
Rajshahi,2001,4,2,29.3,28.2,27.1,26.5
Rajshahi,2001,4,3,30.5,28.7,27.7,27.5
Rajshahi,2001,4,4,31.2,29.5,28.5,29.5
Rajshahi,2001,4,5,30.5,29.3,28.1,28.9
Rajshahi,2001,4,6,29.5,29.1,27.8,29.4
Rajshahi,2001,4,7,30.8,29.6,28.4,29.3
Rajshahi,2001,4,8,31.6,30.4,29.6,29.9
Rajshahi,2001,4,9,30.85,29.85,28.65,30.1
Rajshahi,2001,4,10,32.2,30.4,29,30.5
Rajshahi,2001,4,11,33.7,32.8,31.7,32.2
Rajshahi,2001,4,12,32.6,32.6,31.5,31.6
Rajshahi,2001,4,13,32.2,30.8,30,31.1
Rajshahi,2001,4,14,28.4,29.6,29.4,29.5
Rajshahi,2001,4,15,29.8,29.9,29.5,23.5
Rajshahi,2001,4,16,29.8,29.8,29.4,26.7
Rajshahi,2001,4,17,31.3,30.3,29,27.3
Rajshahi,2001,4,18,31.6,30.3,29.4,28.1
Rajshahi,2001,4,19,32.25,30.7,29.45,27
Rajshahi,2001,4,20,32.8,31,29.75,28.9
Rajshahi,2001,4,21,32.7,31.2,30,29.5
Rajshahi,2001,4,22,32.4,31.1,30,28.6
Rajshahi,2001,4,23,32.7,31.3,30,29.5
Rajshahi,2001,4,24,33.1,31.5,30.15,29.7
Rajshahi,2001,4,25,33.8,32.1,30.45,30.8
Rajshahi,2001,4,26,34.2,32.4,30.7,31.6
Rajshahi,2001,4,27,34.5,32.8,31.1,32
Rajshahi,2001,4,28,35.3,33.1,31.4,31.6
Rajshahi,2001,4,29,35.1,33.5,31.7,32
Rajshahi,2001,4,30,32.9,32.8,31.7,30
Rajshahi,2001,5,1,29.7,31.1,30.8,26.5
Rajshahi,2001,5,2,29.7,30.25,30.6,27
Rajshahi,2001,5,3,28.85,29.95,29.8,26.8
Rajshahi,2001,5,4,29.2,29.3,28.9,25.4
Rajshahi,2001,5,5,27.8,29.9,29.5,27.1
Rajshahi,2001,5,6,27.9,28.7,28.2,24.9
Rajshahi,2001,5,7,26.4,28.45,28.5,25.8
Rajshahi,2001,5,8,26.5,27.9,27.5,24.6
Rajshahi,2001,5,9,28.1,27.9,27.8,25.3
Rajshahi,2001,5,10,28.8,28.3,27.5,26.8
Rajshahi,2001,5,11,27.6,28.1,28.1,25.5
Rajshahi,2001,5,12,28.7,28.1,27.5,25.5
Rajshahi,2001,5,13,28.45,28.45,28.5,27.2
Rajshahi,2001,5,14,30.6,29.8,28.8,29
Rajshahi,2001,5,15,32,30.7,29.5,29.9
Rajshahi,2001,5,16,33.1,31.8,30.4,30.7
Rajshahi,2001,5,17,32.9,32.1,30.7,29.7
Rajshahi,2001,5,18,33.7,32.3,31,30.5
Rajshahi,2001,5,19,33.5,32.8,31.2,30.5
Rajshahi,2001,5,20,32.5,32.4,31.2,29.3
Rajshahi,2001,5,21,31.85,31.9,31,28.5
Rajshahi,2001,5,22,32.8,31.8,30.9,28.7
Rajshahi,2001,5,23,33,32.6,31.2,30.5
Rajshahi,2001,5,24,31,31.6,30.9,29.5
Rajshahi,2001,5,25,30.3,30.8,30.6,27.1
Rajshahi,2001,5,26,29.8,30.8,30.2,29
Rajshahi,2001,5,27,29.1,30.3,30.1,27.4
Rajshahi,2001,5,28,30.25,29.7,29.5,25.3
Rajshahi,2001,5,29,31.7,31.1,30.1,29.6
Rajshahi,2001,5,30,31.3,31,30.2,30
Rajshahi,2001,5,31,30,30.7,30.3,27.9
Rajshahi,2001,6,1,30.8,30.3,30,27.6
Rajshahi,2001,6,2,31.2,31.2,30.8,29.1
Rajshahi,2001,6,3,28.2,30.7,30.5,29.1
Rajshahi,2001,6,4,28.4,29.1,29.3,26.1
Rajshahi,2001,6,5,30.25,29.7,29.2,26.6
Rajshahi,2001,6,6,30.9,30.25,29.6,28
Rajshahi,2001,6,7,30.8,30.6,30,29.5
Rajshahi,2001,6,8,31.8,30.6,29.9,27.6
Rajshahi,2001,6,9,32.4,31.6,30.5,30.4
Rajshahi,2001,6,10,32.3,31.4,30.4,29.9
Rajshahi,2001,6,11,33.2,32.4,31.5,30.1
Rajshahi,2001,6,12,32.7,31.9,30.6,30.4
Rajshahi,2001,6,13,31.3,32,31.1,30.2
Rajshahi,2001,6,14,28.7,30.3,30.2,28.6
Rajshahi,2001,6,15,28.3,29.9,29.8,26.2
Rajshahi,2001,6,16,29.1,29.1,29,26.3
Rajshahi,2001,6,17,30.5,30.1,29.6,27.2
Rajshahi,2001,6,18,29.3,30.2,29.8,28.1
Rajshahi,2001,6,19,29.3,29.8,29.6,26.7
Rajshahi,2001,6,20,29.7,30.1,29.5,28.4
Rajshahi,2001,6,21,31,30.3,29.6,27.7
Rajshahi,2001,6,22,31.7,30.8,30,29.2
Rajshahi,2001,6,23,31.3,30.9,30.2,29.7
Rajshahi,2001,6,24,30.6,30.8,30.2,29
Rajshahi,2001,6,25,31.3,30.7,30.2,28.6
Rajshahi,2001,6,26,31.3,30.9,30.3,29.4
Rajshahi,2001,6,27,31.3,31,30.3,29.5
Rajshahi,2001,6,28,31.9,31.1,30.8,28.9
Rajshahi,2001,6,29,31.9,31.5,30.5,30.2
Rajshahi,2001,6,30,30.7,31.1,30.7,29.5
Rajshahi,2001,7,1,31.15,30.7,30.4,27.9
Rajshahi,2001,7,2,31.9,31.5,30.6,29.1
Rajshahi,2001,7,3,32.1,31.4,30.55,29.4
Rajshahi,2001,7,4,31,31.2,30.8,29.4
Rajshahi,2001,7,5,31.6,32,31,30.5
Rajshahi,2001,7,6,31.9,31.7,31,29.1
Rajshahi,2001,7,7,32,31.8,31,29.8
Rajshahi,2001,7,8,31.8,31.8,31,29.8
Rajshahi,2001,7,9,31,31.5,31,29.9
Rajshahi,2001,7,10,30.7,31,30.7,28.9
Rajshahi,2001,7,11,30.6,31,30.5,27.9
Rajshahi,2001,7,12,30.7,31,30.45,27.7
Rajshahi,2001,7,13,31.4,31.1,30.6,27.9
Rajshahi,2001,7,14,31.2,31.1,30.7,28.3
Rajshahi,2001,7,15,28,30.6,30,28.3
Rajshahi,2001,7,16,30.9,30.9,30.4,28
Rajshahi,2001,7,17,30.8,30.9,30.3,28.2
Rajshahi,2001,7,18,31.5,31.1,30.5,28.8
Rajshahi,2001,7,19,31.4,31.2,30.5,29
Rajshahi,2001,7,20,30.7,31,30.6,28.3
Rajshahi,2001,7,21,31.2,31.25,30.5,28.5
Rajshahi,2001,7,22,31.5,31.3,30.8,28.3
Rajshahi,2001,7,23,32.2,31.3,30.6,28.4
Rajshahi,2001,7,24,32.5,31.9,31,29.3
Rajshahi,2001,7,25,32.9,32.1,31,29.6
Rajshahi,2001,7,26,32.3,31.9,31.3,29.8
Rajshahi,2001,7,27,32.7,32.2,31.4,29.9
Rajshahi,2001,7,28,32.3,32.2,31.6,30
Rajshahi,2001,7,29,29.8,31.5,31.4,29.3
Rajshahi,2001,7,30,30.1,30.8,30.7,27.2
Rajshahi,2001,7,31,30.1,30.6,30.6,28
Rajshahi,2001,8,1,31,30.8,30.4,27.8
Rajshahi,2001,8,2,30.3,30.2,30.4,28.6
Rajshahi,2001,8,3,32.1,31.3,30.5,29.2
Rajshahi,2001,8,4,32.9,31.9,30.8,30
Rajshahi,2001,8,5,31.6,32,31,30.3
Rajshahi,2001,8,6,32.1,31.8,31.2,28.7
Rajshahi,2001,8,7,32.5,32.1,31.2,29.3
Rajshahi,2001,8,8,32.5,32.1,31.2,29.9
Rajshahi,2001,8,9,33,32.1,31.4,30.3
Rajshahi,2001,8,10,33.3,32.3,31.55,29.5
Rajshahi,2001,8,11,33.5,32.7,31.9,29.7
Rajshahi,2001,8,12,33.4,32.8,31.9,30.5
Rajshahi,2001,8,13,33.7,32.9,32,30.7
Rajshahi,2001,8,14,33.4,33,32,30.8
Rajshahi,2001,8,15,32.2,32.8,32.1,29.6
Rajshahi,2001,8,16,32.5,32.6,32,29
Rajshahi,2001,8,17,32.65,32.4,31.9,29.8
Rajshahi,2001,8,18,33.3,32.7,32,30
Rajshahi,2001,8,19,33.5,32.9,32,29.9
Rajshahi,2001,8,20,32.9,32.4,32,30.3
Rajshahi,2001,8,21,32.9,32.8,32.1,29.7
Rajshahi,2001,8,22,33.1,32.8,32,29.6
Rajshahi,2001,8,23,32.5,32.9,32.1,30.3
Rajshahi,2001,8,24,32.9,32.95,32.4,29.5
Rajshahi,2001,8,25,32.7,32.8,32.2,29.4
Rajshahi,2001,8,26,31.6,32.7,32.1,29.6
Rajshahi,2001,8,27,32.3,32.3,32,28.6
Rajshahi,2001,8,28,31.5,32,31.7,28.7
Rajshahi,2001,8,29,32.2,32.1,31.75,28.2
Rajshahi,2001,8,30,30.7,31.5,31.5,27.4
Rajshahi,2001,8,31,31.3,31.6,31.2,28.9
Rajshahi,2001,9,1,30.9,31.8,31.1,28.9
Rajshahi,2001,9,2,32.1,31.9,31.4,28.8
Rajshahi,2001,9,3,32.3,32,31.5,29.7
Rajshahi,2001,9,4,31.9,32.45,31.7,30.1
Rajshahi,2001,9,5,31.1,31.7,31.3,28.3
Rajshahi,2001,9,6,31.7,31.7,31.25,28.3
Rajshahi,2001,9,7,30.7,31.7,31.1,28.2
Rajshahi,2001,9,8,31.45,31.4,31.1,27.5
Rajshahi,2001,9,9,29.6,31.3,31.1,27.9
Rajshahi,2001,9,10,29.2,30.8,30.7,27.3
Rajshahi,2001,9,11,30.3,30.7,30.6,27.2
Rajshahi,2001,9,12,30.7,31.15,30.6,27.7
Rajshahi,2001,9,13,31.4,31.1,30.7,27.5
Rajshahi,2001,9,14,32.25,31.7,31,28.7
Rajshahi,2001,9,15,32.6,31.7,31,29.1
Rajshahi,2001,9,16,32.7,32.3,31.35,30.4
Rajshahi,2001,9,17,31.5,31.8,31.3,29.7
Rajshahi,2001,9,18,31.2,31.5,31.2,26.9
Rajshahi,2001,9,19,31.5,31.25,31,27.3
Rajshahi,2001,9,20,32.1,31.6,31,28.6
Rajshahi,2001,9,21,32.1,31.9,31.4,28.9
Rajshahi,2001,9,22,32.2,31.9,31.1,28.6
Rajshahi,2001,9,23,32.6,32.1,31.3,29.7
Rajshahi,2001,9,24,32.6,32.2,31.4,30.2
Rajshahi,2001,9,25,32.4,32.3,31.7,29.4
Rajshahi,2001,9,26,32.3,32.1,31.5,29.7
Rajshahi,2001,9,27,32.4,32.4,31.7,29.8
Rajshahi,2001,9,28,32.2,32,31.7,29.3
Rajshahi,2001,9,29,32.3,32.15,31.6,28.7
Rajshahi,2001,9,30,31.5,31.9,31.5,30.2
Rajshahi,2001,10,1,30.7,31.7,31.4,28
Rajshahi,2001,10,2,29.9,31.1,31,26.8
Rajshahi,2001,10,3,28.35,30.6,30.6,26.4
Rajshahi,2001,10,4,28.3,29.2,29.85,25.5
Rajshahi,2001,10,5,29.2,29.7,29.7,26.9
Rajshahi,2001,10,6,30,30.1,29.8,28
Rajshahi,2001,10,7,30.6,30.3,29.5,28.2
Rajshahi,2001,10,8,31.3,30.9,30.2,29.1
Rajshahi,2001,10,9,31.6,31.1,30.5,29.1
Rajshahi,2001,10,10,30.9,31,30.6,28.6
Rajshahi,2001,10,11,31,31,30.6,28.1
Rajshahi,2001,10,12,30.9,31,30.5,28.3
Rajshahi,2001,10,13,30.7,31,30.5,28.8
Rajshahi,2001,10,14,30.3,31,30.5,28.2
Rajshahi,2001,10,15,30.6,30.9,30.5,28.6
Rajshahi,2001,10,16,29.5,30.8,30.5,28
Rajshahi,2001,10,17,29.4,30.4,30.2,27.4
Rajshahi,2001,10,18,29.2,30.2,30.1,26.8
Rajshahi,2001,10,19,29.6,30.1,30,25.5
Rajshahi,2001,10,20,28.5,29.7,29.7,26.2
Rajshahi,2001,10,21,29.1,29.8,29.7,26
Rajshahi,2001,10,22,29.4,29.9,29.7,26.6
Rajshahi,2001,10,23,29.4,30,29.6,26.8
Rajshahi,2001,10,24,29.35,30,29.7,27.5
Rajshahi,2001,10,25,28.9,29.8,29.7,26.5
Rajshahi,2001,10,26,28.7,29.5,29.3,26.3
Rajshahi,2001,10,27,28.7,29.6,29.5,26.4
Rajshahi,2001,10,28,28.8,29.6,29.4,26.4
Rajshahi,2001,10,29,28.6,29.1,29,26.3
Rajshahi,2001,10,30,28.2,29.4,29.2,26.8
Rajshahi,2001,10,31,28.8,29.2,29.1,25.5
Rajshahi,2001,11,1,28.4,29.1,29,25.7
Rajshahi,2001,11,2,28.2,28.9,28.8,25.2
Rajshahi,2001,11,3,28.2,29,28.7,26
Rajshahi,2001,11,4,28.6,29.1,28.9,26.9
Rajshahi,2001,11,5,28.1,29.1,28.9,26.9
Rajshahi,2001,11,6,28.2,29,28.8,26.2
Rajshahi,2001,11,7,27.6,28.8,28.7,26.3
Rajshahi,2001,11,8,27.3,28.5,28.5,24.8
Rajshahi,2001,11,9,26.8,28.1,28.2,24.4
Rajshahi,2001,11,10,26.6,28,28.2,24.4
Rajshahi,2001,11,11,27,27.9,28,25.1
Rajshahi,2001,11,12,26.2,27.5,28.3,24.5
Rajshahi,2001,11,13,26,27.4,27.8,23.7
Rajshahi,2001,11,14,25.9,27.15,26.9,23.2
Rajshahi,2001,11,15,25.4,26.9,27,23.1
Rajshahi,2001,11,16,24.9,26.5,26.5,22.6
Rajshahi,2001,11,17,24.8,26.2,26.3,22.2
Rajshahi,2001,11,18,25.8,26.7,26.7,23.7
Rajshahi,2001,11,19,25.6,26.8,26.8,24.6
Rajshahi,2001,11,20,25.3,26.5,26.7,23.2
Rajshahi,2001,11,21,24.9,26.3,26.5,22.7
Rajshahi,2001,11,22,24.7,26.1,26.5,22.7
Rajshahi,2001,11,23,24.6,26,26.15,22.5
Rajshahi,2001,11,24,24,25.8,26.1,21.9
Rajshahi,2001,11,25,23.5,25.4,25.8,21.9
Rajshahi,2001,11,26,23.6,25.1,25.6,21.3
Rajshahi,2001,11,27,23.7,25.1,25.6,21.9
Rajshahi,2001,11,28,23.3,25.1,25.3,21.7
Rajshahi,2001,11,29,23,24.8,25,21.2
Rajshahi,2001,11,30,22.1,24.3,24.9,20.3
Rajshahi,2001,12,1,21,23.6,24.3,18.5
Rajshahi,2001,12,2,20.8,23,23.9,17.9
Rajshahi,2001,12,3,20.7,23.1,23.5,18.1
Rajshahi,2001,12,4,21.2,23,23.6,18.5
Rajshahi,2001,12,5,21.3,23,23.5,18.3
Rajshahi,2001,12,6,21.2,22.9,23.4,18.8
Rajshahi,2001,12,7,21.4,23,23.3,18.4
Rajshahi,2001,12,8,21.2,22.7,23.1,18.3
Rajshahi,2001,12,9,21,21.8,22.6,18.6
Rajshahi,2001,12,10,20.7,22.6,23,19.3
Rajshahi,2001,12,11,20.2,21.7,22.4,16.9
Rajshahi,2001,12,12,20.1,22.2,22.8,18.1
Rajshahi,2001,12,13,19.3,21.3,22.3,15.8
Rajshahi,2001,12,14,19.5,21.4,22.1,16.7
Rajshahi,2001,12,15,19.9,21.5,22.2,18.6
Rajshahi,2001,12,16,19,21.7,22.25,18
Rajshahi,2001,12,17,18.9,21,21.2,17.4
Rajshahi,2001,12,18,18.8,20.9,21.5,16.5
Rajshahi,2001,12,19,19.1,21,21.5,17.7
Rajshahi,2001,12,20,19.1,21,21.3,17.7
Rajshahi,2001,12,21,18.5,20.5,21.3,17.2
Rajshahi,2001,12,22,18.3,20.3,21,16.4
Rajshahi,2001,12,23,17.9,20.2,20.8,17.5
Rajshahi,2001,12,24,18.6,20.5,20.8,18.1
Rajshahi,2001,12,25,18.1,20.2,20.6,17.6
Rajshahi,2001,12,26,18.1,20.5,20.7,17.3
Rajshahi,2001,12,27,18.6,20.2,20.8,17.7
Rajshahi,2001,12,28,18.3,20.1,20.8,17.4
Rajshahi,2001,12,29,18.3,20.1,20.5,17.9
Rajshahi,2001,12,30,17.65,19.9,20.5,17.3
Rajshahi,2001,12,31,17.7,19.8,20.3,16.9
Rajshahi,2002,1,1,17.2,19.7,20.05,16.6
Rajshahi,2002,1,2,16.7,19.2,19.8,15.8
Rajshahi,2002,1,3,17.4,19,19.7,16.4
Rajshahi,2002,1,4,17.9,19.3,19.7,16.8
Rajshahi,2002,1,5,18.2,19.6,19.9,17.5
Rajshahi,2002,1,6,17.5,19.6,19.9,17.3
Rajshahi,2002,1,7,19.4,20,20.2,18.2
Rajshahi,2002,1,8,18.3,20,20.1,18.7
Rajshahi,2002,1,9,18.7,19.9,20.2,17.3
Rajshahi,2002,1,10,17.9,19.5,19.5,17.1
Rajshahi,2002,1,11,18,19.6,20,17.2
Rajshahi,2002,1,12,17.4,19.2,19.9,16.6
Rajshahi,2002,1,13,17.8,19.2,19.8,16.1
Rajshahi,2002,1,14,17.9,19.3,19.7,16.8
Rajshahi,2002,1,15,18.8,19.5,19.9,17.4
Rajshahi,2002,1,16,19.75,20.2,20.2,19.3
Rajshahi,2002,1,17,19.9,20.5,20.3,20.6
Rajshahi,2002,1,18,20.6,20.8,20.4,18.8
Rajshahi,2002,1,19,21.2,21.4,21.3,20.2
Rajshahi,2002,1,20,21.2,21.5,21,21.1
Rajshahi,2002,1,21,21.6,21.8,21.3,20.7
Rajshahi,2002,1,22,20.7,21.6,21.3,20.6
Rajshahi,2002,1,23,20.6,21.5,21.4,19.6
Rajshahi,2002,1,24,20,21.3,21.3,18.7
Rajshahi,2002,1,25,18.5,20.5,20.9,16.5
Rajshahi,2002,1,26,17.9,20.2,20.7,15.6
Rajshahi,2002,1,27,17.9,20.1,20.4,16.4
Rajshahi,2002,1,28,17.5,19.9,20.4,18.8
Rajshahi,2002,1,29,18.3,19.4,20.1,15
Rajshahi,2002,1,30,19.6,20,20.2,17.4
Rajshahi,2002,1,31,18.4,19.8,20.1,17.1
Rajshahi,2002,2,1,18.8,20,20.3,16
Rajshahi,2002,2,2,18.1,20,20,16.9
Rajshahi,2002,2,3,17.8,19.7,20,16.1
Rajshahi,2002,2,4,17.9,20.1,20.4,16.6
Rajshahi,2002,2,5,18.1,19.5,19.9,16.5
Rajshahi,2002,2,6,18.45,19.5,19.8,16.5
Rajshahi,2002,2,7,20,20,20,18.4
Rajshahi,2002,2,8,20.1,20.3,20.1,21.7
Rajshahi,2002,2,9,21.1,20.8,20.5,19.5
Rajshahi,2002,2,10,21.9,21.5,21,21.4
Rajshahi,2002,2,11,21.6,21.8,21.1,20.6
Rajshahi,2002,2,12,21.6,22,21.6,20.8
Rajshahi,2002,2,13,22.8,22.4,21.8,21.6
Rajshahi,2002,2,14,21.4,22,21.7,20
Rajshahi,2002,2,15,21,21.6,21.5,17.9
Rajshahi,2002,2,16,21.2,21.5,21.3,18.4
Rajshahi,2002,2,17,22.3,21.8,21.4,19.9
Rajshahi,2002,2,18,22.6,22.4,21.7,21.2
Rajshahi,2002,2,19,23.2,22.5,21.9,21.7
Rajshahi,2002,2,20,22.8,22.5,22,21
Rajshahi,2002,2,21,23.15,22.7,22.2,21.8
Rajshahi,2002,2,22,24.1,23.3,22.3,23.3
Rajshahi,2002,2,23,23.8,23.2,22.6,22.8
Rajshahi,2002,2,24,24.2,23.6,22.7,22.2
Rajshahi,2002,2,25,22.6,23.7,23,24.1
Rajshahi,2002,2,26,23.6,22.9,22.6,21.2
Rajshahi,2002,2,27,23.4,23.2,22.8,22.7
Rajshahi,2002,2,28,23.7,23,22.8,20.6
Rajshahi,2002,3,1,24.05,23.6,22.9,21.9
Rajshahi,2002,3,2,24.6,23.9,23.1,22.4
Rajshahi,2002,3,3,24.7,24.3,23.35,24.5
Rajshahi,2002,3,4,24.9,24.4,23.4,23.5
Rajshahi,2002,3,5,23.8,24.2,23.6,22.6
Rajshahi,2002,3,6,24.2,23.9,23.3,21
Rajshahi,2002,3,7,23.9,24,23.2,21.1
Rajshahi,2002,3,8,24.15,24.1,23.5,21.7
Rajshahi,2002,3,9,25.6,24.6,23.7,23.5
Rajshahi,2002,3,10,27.3,25.6,24.3,25.7
Rajshahi,2002,3,11,27.85,26.1,24.6,27.3
Rajshahi,2002,3,12,27.1,26.2,25,26.4
Rajshahi,2002,3,13,25.9,25.7,25,24.1
Rajshahi,2002,3,14,26.9,25.3,25.6,24.2
Rajshahi,2002,3,15,26.1,25.7,25,25.4
Rajshahi,2002,3,16,27.3,26.1,25.3,25.1
Rajshahi,2002,3,17,27.4,26.4,25.2,26.3
Rajshahi,2002,3,18,27.5,26.7,25.3,25.1
Rajshahi,2002,3,19,27.8,26.7,25.7,25.6
Rajshahi,2002,3,20,28,26.8,25.8,26.2
Rajshahi,2002,3,21,28.6,27.3,26,27.8
Rajshahi,2002,3,22,28.8,27.5,26.3,28.3
Rajshahi,2002,3,23,29.7,28,26.6,28
Rajshahi,2002,3,24,29.95,28.3,26.5,28.1
Rajshahi,2002,3,25,29.7,28.7,27,28.1
Rajshahi,2002,3,26,29.8,28.8,27.45,27.4
Rajshahi,2002,3,27,26.8,27.5,27.1,26.2
Rajshahi,2002,3,28,27.4,27.2,26.8,25.2
Rajshahi,2002,3,29,28,27.6,26.8,26.1
Rajshahi,2002,3,30,28.3,27.7,27,26.8
Rajshahi,2002,3,31,25.5,28,26.8,25.9
Rajshahi,2002,4,1,28,27.6,27.1,24.9
Rajshahi,2002,4,2,26.1,27.3,26.8,26.4
Rajshahi,2002,4,3,25,26.4,26,22.8
Rajshahi,2002,4,4,26.2,26.3,26,22.2
Rajshahi,2002,4,5,27.35,26.9,26.4,24.7
Rajshahi,2002,4,6,28.5,27.6,26.7,26.9
Rajshahi,2002,4,7,29.6,28.6,27.4,28.6
Rajshahi,2002,4,8,30.6,29.1,27.6,28.6
Rajshahi,2002,4,9,29,28.8,28,27.1
Rajshahi,2002,4,10,30,29.2,28.1,27.4
Rajshahi,2002,4,11,29.7,29.3,28.2,29.3
Rajshahi,2002,4,12,27.3,28.4,28.1,26.1
Rajshahi,2002,4,13,27.7,28,27.8,24.5
Rajshahi,2002,4,14,28.5,28.4,27.9,25.8
Rajshahi,2002,4,15,29.95,29.1,28.1,28.3
Rajshahi,2002,4,16,30.7,29.5,28.2,28.2
Rajshahi,2002,4,17,31,30,28.8,29.7
Rajshahi,2002,4,18,32.3,30.4,29,30
Rajshahi,2002,4,19,33.1,31.2,29.4,30.6
Rajshahi,2002,4,20,32.5,31.55,30.05,31.5
Rajshahi,2002,4,21,32.5,31.3,30,30.8
Rajshahi,2002,4,22,31.1,31.1,30.1,29.6
Rajshahi,2002,4,23,30.7,30.4,29.7,25.9
Rajshahi,2002,4,24,31.2,30.6,29.7,28.1
Rajshahi,2002,4,25,31.75,30.8,29.8,28.3
Rajshahi,2002,4,26,32.9,31.4,30.3,28.9
Rajshahi,2002,4,27,29.6,30.3,29.7,28.4
Rajshahi,2002,4,28,30.6,30.4,29.6,26.9
Rajshahi,2002,4,29,30.6,30.5,29.7,29.9
Rajshahi,2002,4,30,29.4,30,29.05,27.9
Rajshahi,2002,5,1,29.6,29.65,29.15,25.7
Rajshahi,2002,5,2,29.4,29.7,29.2,27.9
Rajshahi,2002,5,3,28.9,29.3,29,26.7
Rajshahi,2002,5,4,30.6,29.65,29,27
Rajshahi,2002,5,5,29,29.55,29.1,27.6
Rajshahi,2002,5,6,27.05,28.7,28.7,26.4
Rajshahi,2002,5,7,27.7,27.8,28,22
Rajshahi,2002,5,8,29.8,29,28.4,26.5
Rajshahi,2002,5,9,30.7,29.7,28.8,28.6
Rajshahi,2002,5,10,31.4,30.5,29.3,28.9
Rajshahi,2002,5,11,29.8,30.2,29.5,29
Rajshahi,2002,5,12,30.4,30,29.2,26.9
Rajshahi,2002,5,13,31.3,30.5,29.4,29.3
Rajshahi,2002,5,14,31.9,30.9,29.7,30.6
Rajshahi,2002,5,15,29.1,29.6,29.7,28.1
Rajshahi,2002,5,16,30.65,29.6,29,25.6
Rajshahi,2002,5,17,31.65,30.7,29.6,29.9
Rajshahi,2002,5,18,32.1,31.3,30,30.4
Rajshahi,2002,5,19,31.3,31.3,30.95,30.1
Rajshahi,2002,5,20,32.5,31.25,30.3,28.9
Rajshahi,2002,5,21,33,32.1,30.6,33.1
Rajshahi,2002,5,22,33,32,31,31.1
Rajshahi,2002,5,23,31.6,31.8,31,30.4
Rajshahi,2002,5,24,29.2,30.9,30.6,28.4
Rajshahi,2002,5,25,29.9,29.8,29.7,23.7
Rajshahi,2002,5,26,30.2,30.3,29.9,26.7
Rajshahi,2002,5,27,28.8,30,29.7,25.6
Rajshahi,2002,5,28,28.9,29.7,29.3,25.1
Rajshahi,2002,5,29,30.7,29.9,29.5,25.5
Rajshahi,2002,5,30,31,30.55,29.7,28.6
Rajshahi,2002,5,31,31.8,30.9,30,28.5
Rajshahi,2002,6,1,31.5,31.45,30.25,28.4
Rajshahi,2002,6,2,32,31.35,30.4,28.8
Rajshahi,2002,6,3,32.55,31.6,30.6,29.6
Rajshahi,2002,6,4,32.4,31.85,30.85,29.5
Rajshahi,2002,6,5,31.6,31.4,30.8,28.7
Rajshahi,2002,6,6,32.3,31.5,30.8,28.7
Rajshahi,2002,6,7,32.4,31.8,31,30.6
Rajshahi,2002,6,8,31.4,31.25,30.7,27.6
Rajshahi,2002,6,9,30.1,30.8,30.7,28.3
Rajshahi,2002,6,10,30.6,31,30.5,28.4
Rajshahi,2002,6,11,30.7,30.9,30.4,28.2
Rajshahi,2002,6,12,29.7,30.7,30.4,28.2
Rajshahi,2002,6,13,29.35,30.4,30,27.4
Rajshahi,2002,6,14,30.6,30.2,29.9,27.2
Rajshahi,2002,6,15,31.2,30.4,30.2,29.7
Rajshahi,2002,6,16,31.6,31.3,30.4,29.3
Rajshahi,2002,6,17,32.1,31.3,30.4,29.4
Rajshahi,2002,6,18,31.2,31.6,30.8,30.7
Rajshahi,2002,6,19,32.1,31.4,30.8,28.8
Rajshahi,2002,6,20,32.6,31.8,30.9,30.7
Rajshahi,2002,6,21,32.2,32,31.2,30.7
Rajshahi,2002,6,22,30.45,31.6,31,29.3
Rajshahi,2002,6,23,29.5,30.5,30.5,27.2
Rajshahi,2002,6,24,30.8,30.6,30.1,28.2
Rajshahi,2002,6,25,30.9,31,30.4,29.1
Rajshahi,2002,6,26,30.25,30.6,30.3,28
Rajshahi,2002,6,27,31.3,30.3,30.2,27.7
Rajshahi,2002,6,28,31.9,31.5,30.6,30.5
Rajshahi,2002,6,29,32.3,31.6,30.7,29.5
Rajshahi,2002,6,30,31.8,31.9,31,29.6
Rajshahi,2002,7,1,30.7,31.1,30.8,28.9
Rajshahi,2002,7,2,30,30.9,30.6,27.5
Rajshahi,2002,7,3,30.6,30.8,30.4,27.4
Rajshahi,2002,7,4,30.1,30.65,30.4,28
Rajshahi,2002,7,5,30.4,30.6,30.4,28.4
Rajshahi,2002,7,6,30.15,30.7,30.3,28.4
Rajshahi,2002,7,7,31.3,30.3,30.4,28.3
Rajshahi,2002,7,8,32.3,31,30.85,29.9
Rajshahi,2002,7,9,32.7,31.4,31,31
Rajshahi,2002,7,10,31.8,32,31.2,30.8
Rajshahi,2002,7,11,32.7,31.7,31,29.2
Rajshahi,2002,7,12,33.6,32.3,31.3,31.7
Rajshahi,2002,7,13,33.4,32.9,31.7,32
Rajshahi,2002,7,14,30.2,32.1,31.7,30.7
Rajshahi,2002,7,15,30.9,31.2,31,26.3
Rajshahi,2002,7,16,32.5,31.8,31,29.1
Rajshahi,2002,7,17,31.3,32,31.4,30.1
Rajshahi,2002,7,18,32.2,31.9,31.1,29.4
Rajshahi,2002,7,19,32.3,32.2,31.3,29.7
Rajshahi,2002,7,20,30.6,31.6,31.4,30.1
Rajshahi,2002,7,21,29.45,30.7,30.7,27.8
Rajshahi,2002,7,22,28.95,30.1,30.25,26.9
Rajshahi,2002,7,23,30,30,30,27.3
Rajshahi,2002,7,24,31.8,31,30.3,29.3
Rajshahi,2002,7,25,32.3,31.4,30.9,31.1
Rajshahi,2002,7,26,32.9,31.9,31,30.6
Rajshahi,2002,7,27,32.1,32.2,31.2,31.2
Rajshahi,2002,7,28,31.4,31.9,31.4,28.9
Rajshahi,2002,7,29,31.2,31.6,31.3,28.6
Rajshahi,2002,7,30,31.5,31.6,31,28.7
Rajshahi,2002,7,31,31.6,31.8,31.2,29
Rajshahi,2002,8,1,31.8,31.8,31.15,28.4
Rajshahi,2002,8,2,31.4,31.8,31.3,29.6
Rajshahi,2002,8,3,30.8,31.35,31.1,28.6
Rajshahi,2002,8,4,31,31,30.9,27.5
Rajshahi,2002,8,5,32.5,31.5,30.9,28.5
Rajshahi,2002,8,6,32.8,32.25,31.1,29.9
Rajshahi,2002,8,7,32.9,32.4,31.5,30.4
Rajshahi,2002,8,8,32.5,31.7,31.1,30.2
Rajshahi,2002,8,9,33,32.7,31.8,31.2
Rajshahi,2002,8,10,32.7,32.5,31.9,30
Rajshahi,2002,8,11,32,32.3,31.8,29.9
Rajshahi,2002,8,12,30.6,31.7,31.5,29.3
Rajshahi,2002,8,13,29.8,31,31,27.1
Rajshahi,2002,8,14,30.25,30.7,30.6,27.1
Rajshahi,2002,8,15,29.75,30.4,30.3,27.2
Rajshahi,2002,8,16,30.4,30.5,30.35,27.6
Rajshahi,2002,8,17,30.4,30.6,30.4,27.9
Rajshahi,2002,8,18,30.9,30.7,30.3,27.5
Rajshahi,2002,8,19,29.8,31.2,30.4,29.3
Rajshahi,2002,8,20,30.5,31.2,30.8,28.7
Rajshahi,2002,8,21,30.4,30.8,30.3,27
Rajshahi,2002,8,22,31.9,31.15,30.4,28.1
Rajshahi,2002,8,23,30.9,31.3,30.8,29.8
Rajshahi,2002,8,24,31.65,31.3,30.8,27.8
Rajshahi,2002,8,25,32,31.6,31,29.2
Rajshahi,2002,8,26,32.1,31.9,31.1,29.1
Rajshahi,2002,8,27,31.9,31.5,31.1,29.5
Rajshahi,2002,8,28,31.75,31.2,31.1,29
Rajshahi,2002,8,29,32.1,31.7,31.1,28.9
Rajshahi,2002,8,30,31.6,31.7,31,29.6
Rajshahi,2002,8,31,32,31.3,31.2,28.7
Rajshahi,2002,9,1,32.3,31.9,31.2,29.1
Rajshahi,2002,9,2,32.5,32.1,31.4,29.4
Rajshahi,2002,9,3,31.85,32.2,31.4,29.2
Rajshahi,2002,9,4,31.1,31.7,31.4,28.4
Rajshahi,2002,9,5,31.8,31.4,31,27.1
Rajshahi,2002,9,6,31.5,31.6,31.2,29.1
Rajshahi,2002,9,7,32.6,31.7,31.1,28.1
Rajshahi,2002,9,8,32.5,32.4,31.5,30.4
Rajshahi,2002,9,9,32.2,32.1,31.45,29.5
Rajshahi,2002,9,10,30.9,31.9,31.3,28.3
Rajshahi,2002,9,11,29.4,31.15,31.1,27.5
Rajshahi,2002,9,12,30.6,30.6,30.6,26.5
Rajshahi,2002,9,13,31.9,31.2,30.65,28.8
Rajshahi,2002,9,14,32.3,31.9,31.1,29.6
Rajshahi,2002,9,15,31.95,31.9,31.25,29.6
Rajshahi,2002,9,16,31.9,31.9,31.1,29
Rajshahi,2002,9,17,32.2,32.1,31.4,29.3
Rajshahi,2002,9,18,32.5,32.2,31.5,29.5
Rajshahi,2002,9,19,32,32,31.2,29.2
Rajshahi,2002,9,20,32.7,32.25,31.6,30
Rajshahi,2002,9,21,30.4,32.2,31.6,28.7
Rajshahi,2002,9,22,29.9,31.7,31.2,28.4
Rajshahi,2002,9,23,29.6,30.8,31,26.6
Rajshahi,2002,9,24,29.4,30.5,30.4,26.4
Rajshahi,2002,9,25,29.3,30.1,30.1,26
Rajshahi,2002,9,26,30.3,30.2,30,27.1
Rajshahi,2002,9,27,30,30.4,30.1,28
Rajshahi,2002,9,28,30.8,30.6,30.2,26.6
Rajshahi,2002,9,29,30.9,30.9,30.3,28.5
Rajshahi,2002,9,30,31.8,31.1,30.6,28.9
Rajshahi,2002,10,1,31.7,31.5,30.8,28.9
Rajshahi,2002,10,2,31.5,31.4,30.9,29.3
Rajshahi,2002,10,3,31.2,31.3,30.8,28.5
Rajshahi,2002,10,4,31.1,31.2,30.8,29
Rajshahi,2002,10,5,31.1,31.2,30.7,28.6
Rajshahi,2002,10,6,31,31.1,30.8,28.7
Rajshahi,2002,10,7,31.35,31.3,30.7,28.7
Rajshahi,2002,10,8,31.3,31.2,30.8,29.2
Rajshahi,2002,10,9,30.3,31.1,30.8,28.5
Rajshahi,2002,10,10,30.1,30.6,30.5,26
Rajshahi,2002,10,11,30.5,30.6,30.4,27.7
Rajshahi,2002,10,12,29.9,30.1,30.8,26.9
Rajshahi,2002,10,13,29.85,30.4,30.3,26.3
Rajshahi,2002,10,14,29.85,30.2,30.2,26.9
Rajshahi,2002,10,15,29.7,30.1,30,26.3
Rajshahi,2002,10,16,29.35,30.1,29.9,27
Rajshahi,2002,10,17,29,30,29.9,26.7
Rajshahi,2002,10,18,28,29.6,29.7,27.2
Rajshahi,2002,10,19,28.5,29.3,29.2,23.9
Rajshahi,2002,10,20,28.6,29.25,29.1,25.2
Rajshahi,2002,10,21,28.7,29.3,29.2,25.7
Rajshahi,2002,10,22,28.4,29.3,29,25.7
Rajshahi,2002,10,23,28.5,29.3,29,25.6
Rajshahi,2002,10,24,28.4,29.2,29,25.8
Rajshahi,2002,10,25,28.6,29.35,29.2,26.2
Rajshahi,2002,10,26,28.25,29.2,29,25.7
Rajshahi,2002,10,27,27.7,28.8,28.7,25.1
Rajshahi,2002,10,28,27,28.5,28.6,23.9
Rajshahi,2002,10,29,26.4,28,28.2,23.2
Rajshahi,2002,10,30,26.2,27.8,27.9,23
Rajshahi,2002,10,31,26.2,27.5,27.8,23.2
Rajshahi,2002,11,1,26.4,27.6,27.7,23.8
Rajshahi,2002,11,2,25.4,27.6,27.8,24.5
Rajshahi,2002,11,3,26.5,27.7,27.6,24.8
Rajshahi,2002,11,4,26.9,27.8,27.8,24.4
Rajshahi,2002,11,5,26.9,27.8,27.7,24.9
Rajshahi,2002,11,6,26.3,27.5,27.8,24.7
Rajshahi,2002,11,7,25.9,27.4,27.5,24.4
Rajshahi,2002,11,8,26.1,27.5,27.5,24.1
Rajshahi,2002,11,9,25.9,27.3,27.4,23.9
Rajshahi,2002,11,10,25.5,26.9,27.1,24.4
Rajshahi,2002,11,11,24.65,26.5,26.9,23.5
Rajshahi,2002,11,12,24.4,26.35,26.6,22.9
Rajshahi,2002,11,13,23.8,25.7,26.1,21.5
Rajshahi,2002,11,14,23.7,25.4,25.9,20.2
Rajshahi,2002,11,15,23.9,25.4,25.7,21.2
Rajshahi,2002,11,16,23.2,25.1,25.6,21.2
Rajshahi,2002,11,17,23.4,24.6,25,21.6
Rajshahi,2002,11,18,23.6,25.1,25.4,22.2
Rajshahi,2002,11,19,23.5,25,25.3,21.8
Rajshahi,2002,11,20,22.8,24.4,24.6,21.3
Rajshahi,2002,11,21,23.1,24.8,25,20.6
Rajshahi,2002,11,22,22.7,24.3,24.5,21.3
Rajshahi,2002,11,23,23.45,24.7,25,21.4
Rajshahi,2002,11,24,22.9,24.1,24.5,21.5
Rajshahi,2002,11,25,23,24,24.8,22
Rajshahi,2002,11,26,23.4,24.1,24.7,22.1
Rajshahi,2002,11,27,22.7,24,24.3,22.1
Rajshahi,2002,11,28,23.7,24.6,24.8,22.7
Rajshahi,2002,11,29,23.4,24.6,24.9,22.8
Rajshahi,2002,11,30,23.1,24.5,24.7,22.6
Rajshahi,2002,12,1,22.2,23.7,23.7,21.5
Rajshahi,2002,12,2,21.9,23.9,24.3,20.3
Rajshahi,2002,12,3,21.4,23.5,23.9,19.6
Rajshahi,2002,12,4,21.3,23.2,23.8,19.7
Rajshahi,2002,12,5,21.8,23.2,23.7,20.1
Rajshahi,2002,12,6,21.4,23,23.2,19.9
Rajshahi,2002,12,7,21,22.8,23.1,19.4
Rajshahi,2002,12,8,20.3,22.4,22.9,19.4
Rajshahi,2002,12,9,20,22.1,22.9,18.4
Rajshahi,2002,12,10,20,22,22.5,18.6
Rajshahi,2002,12,11,20.1,22,22.3,18.4
Rajshahi,2002,12,12,20.6,22.1,22.5,19.3
Rajshahi,2002,12,13,20.2,22,22.3,19.6
Rajshahi,2002,12,14,20.4,22,22.4,19.6
Rajshahi,2002,12,15,20.4,22,22.4,20
Rajshahi,2002,12,16,19.8,21.6,21.8,20
Rajshahi,2002,12,17,20.5,22.2,22.4,19.9
Rajshahi,2002,12,18,20.3,21.5,21.8,19.4
Rajshahi,2002,12,19,20.5,22,22.2,19.1
Rajshahi,2002,12,20,20.1,21.4,21.7,19.8
Rajshahi,2002,12,21,20.8,22,22.1,17.7
Rajshahi,2002,12,22,19.7,21,21.5,18.2
Rajshahi,2002,12,23,19,20.6,21.3,15.4
Rajshahi,2002,12,24,20.25,21.3,21.6,16.4
Rajshahi,2002,12,25,18.5,20.6,21,16.3
Rajshahi,2002,12,26,19.3,20.8,21.2,15.7
Rajshahi,2002,12,27,17,18.5,19.7,15.8
Rajshahi,2002,12,28,18.5,20.3,20.9,16.4
Rajshahi,2002,12,29,17.7,19.5,19.9,16
Rajshahi,2002,12,30,17.6,19.2,19.8,14.9
Rajshahi,2002,12,31,17.3,19.4,20.4,13.1
Rajshahi,2003,1,1,17.8,19.4,20.2,13.7
Rajshahi,2003,1,2,17.7,19.4,20.2,16
Rajshahi,2003,1,3,18.4,19.6,20.1,16.9
Rajshahi,2003,1,4,18.4,19.9,20.1,17.4
Rajshahi,2003,1,5,16.9,19.4,20.1,17
Rajshahi,2003,1,6,17.2,19.2,19.9,14.9
Rajshahi,2003,1,7,16.8,18.7,19.6,14.2
Rajshahi,2003,1,8,16.7,18.6,19.5,12.9
Rajshahi,2003,1,9,15.3,18.1,19.1,12.4
Rajshahi,2003,1,10,15.3,17.3,18.6,10.6
Rajshahi,2003,1,11,15.6,17.6,18.4,13.2
Rajshahi,2003,1,12,15.6,17.6,18.3,14.1
Rajshahi,2003,1,13,15.5,17.4,18.3,14
Rajshahi,2003,1,14,15.7,17.4,18,13.7
Rajshahi,2003,1,15,14.8,17.2,18.1,12.1
Rajshahi,2003,1,16,14.3,16.9,17.9,10.8
Rajshahi,2003,1,17,15.2,16.9,17.7,11.9
Rajshahi,2003,1,18,15.8,17.1,17.8,14.1
Rajshahi,2003,1,19,16.4,17.6,18.1,15.7
Rajshahi,2003,1,20,15.6,17.3,18,15.1
Rajshahi,2003,1,21,14.9,17,17.9,13.2
Rajshahi,2003,1,22,14.6,16.7,17.5,10.8
Rajshahi,2003,1,23,14.5,16.6,17.4,11.4
Rajshahi,2003,1,24,14.8,16.5,17.2,11.2
Rajshahi,2003,1,25,15.4,16.6,17.2,13.5
Rajshahi,2003,1,26,16.2,17,17.4,14.1
Rajshahi,2003,1,27,16.4,17.3,17.5,15.3
Rajshahi,2003,1,28,17,17.6,17.8,15.5
Rajshahi,2003,1,29,17.2,17.9,18,17.2
Rajshahi,2003,1,30,18.7,18.4,18.3,17
Rajshahi,2003,1,31,18.4,18.9,18.7,17.8
Rajshahi,2003,2,1,18.5,19.4,19.1,19.5
Rajshahi,2003,2,2,18.9,19.1,18.6,16.5
Rajshahi,2003,2,3,19.5,19.6,18.8,18.7
Rajshahi,2003,2,4,19.7,19.9,19.5,18.8
Rajshahi,2003,2,5,18.8,20,19.8,18.3
Rajshahi,2003,2,6,19.45,19.7,19.8,17.1
Rajshahi,2003,2,7,19.8,20.1,19.8,19
Rajshahi,2003,2,8,20.6,20.4,20,19.5
Rajshahi,2003,2,9,21.7,21,20.3,21.4
Rajshahi,2003,2,10,22.2,21.6,20.8,22
Rajshahi,2003,2,11,21.8,21.5,21.2,21.4
Rajshahi,2003,2,12,22.2,21.9,21.3,21.8
Rajshahi,2003,2,13,21.8,22,21.6,20.4
Rajshahi,2003,2,14,21.2,21.6,21.3,19.8
Rajshahi,2003,2,15,20.6,21.2,21.1,19.1
Rajshahi,2003,2,16,20.8,21.45,21.2,19
Rajshahi,2003,2,17,20.7,21.5,21.2,19.7
Rajshahi,2003,2,18,21.7,21.6,21.25,20.3
Rajshahi,2003,2,19,20.7,21.8,21.3,21.8
Rajshahi,2003,2,20,21.8,21.6,21.3,18.5
Rajshahi,2003,2,21,22.3,22,21.5,20.2
Rajshahi,2003,2,22,21.3,21.9,21.5,20.3
Rajshahi,2003,2,23,21.2,21.8,21.5,18.4
Rajshahi,2003,2,24,21.5,21.8,21.6,19
Rajshahi,2003,2,25,22.1,22.2,21.8,20.4
Rajshahi,2003,2,26,22.9,22.7,22.1,21.8
Rajshahi,2003,2,27,23.3,23.1,22.3,22.2
Rajshahi,2003,2,28,24.2,23.4,22.55,24
Rajshahi,2003,3,1,24.7,23.8,22.7,24.2
Rajshahi,2003,3,2,25.6,24.5,22.5,25.3
Rajshahi,2003,3,3,26.2,25.1,24,25.8
Rajshahi,2003,3,4,26,25.3,24.2,27.3
Rajshahi,2003,3,5,23.5,24.6,24.2,24.3
Rajshahi,2003,3,6,22.4,23.8,23.6,17.5
Rajshahi,2003,3,7,22.7,23.6,23.4,18.5
Rajshahi,2003,3,8,22.7,23.2,23,19.9
Rajshahi,2003,3,9,22.9,23.1,22.9,20.4
Rajshahi,2003,3,10,23.4,23.3,22.9,20.4
Rajshahi,2003,3,11,23.8,23.7,23.25,22.7
Rajshahi,2003,3,12,22.2,23.7,23.2,23.4
Rajshahi,2003,3,13,22.7,23,22.9,18.7
Rajshahi,2003,3,14,23.8,23.5,23,20.7
Rajshahi,2003,3,15,24.1,23.9,23.1,23.6
Rajshahi,2003,3,16,24.7,24.2,23.65,21.6
Rajshahi,2003,3,17,24.4,24.4,24,24.7
Rajshahi,2003,3,18,25.5,24.5,23.9,22.3
Rajshahi,2003,3,19,25.2,25.3,24.2,25.4
Rajshahi,2003,3,20,26.1,25.3,24.5,24.1
Rajshahi,2003,3,21,25.9,25.6,25.1,24.3
Rajshahi,2003,3,22,26.2,25.7,24.9,25
Rajshahi,2003,3,23,26.6,25.9,25.1,24.2
Rajshahi,2003,3,24,27,26.3,25.4,25.9
Rajshahi,2003,3,25,27.7,26.7,25.7,26.2
Rajshahi,2003,3,26,27.7,27.15,26.1,26.6
Rajshahi,2003,3,27,27.2,27,26.1,27.1
Rajshahi,2003,3,28,27.6,26.85,26.1,25.1
Rajshahi,2003,3,29,28.5,27.5,26.4,26.5
Rajshahi,2003,3,30,28.3,27.9,26.75,28.3
Rajshahi,2003,3,31,26.7,26.9,26.6,25.1
Rajshahi,2003,4,1,27.8,27.3,26.6,24.8
Rajshahi,2003,4,2,27.7,27.35,26.6,27
Rajshahi,2003,4,3,29.6,28.1,26.9,28.6
Rajshahi,2003,4,4,28.3,28.4,27.4,29.9
Rajshahi,2003,4,5,28.3,27.4,27.3,25.7
Rajshahi,2003,4,6,29.4,28.4,27.3,27.3
Rajshahi,2003,4,7,29.6,29.1,27.7,28.9
Rajshahi,2003,4,8,30,29.25,28.1,29.7
Rajshahi,2003,4,9,29.9,29.2,28.2,29
Rajshahi,2003,4,10,30.95,29.5,28.3,29.5
Rajshahi,2003,4,11,31.95,30.3,28.7,31
Rajshahi,2003,4,12,32.1,30.6,29.1,31.6
Rajshahi,2003,4,13,32.5,30.9,29.3,32
Rajshahi,2003,4,14,33,31.3,29.7,32.5
Rajshahi,2003,4,15,30.2,30.6,29.8,29.8
Rajshahi,2003,4,16,30.6,30.3,29.2,27.7
Rajshahi,2003,4,17,30.2,30,29.3,28.1
Rajshahi,2003,4,18,30.3,30.1,29,29.1
Rajshahi,2003,4,19,31.6,30.5,29.4,29.5
Rajshahi,2003,4,20,31.8,30.8,29.8,30.6
Rajshahi,2003,4,21,30.6,30.25,29.7,28.8
Rajshahi,2003,4,22,30.85,30.1,29.4,26.8
Rajshahi,2003,4,23,30.7,30.2,29.5,28.3
Rajshahi,2003,4,24,32,30.75,29.6,27.9
Rajshahi,2003,4,25,32.8,31.4,30,30.5
Rajshahi,2003,4,26,33.2,32.45,30.2,31.1
Rajshahi,2003,4,27,33.3,32.7,30.5,30.8
Rajshahi,2003,4,28,32.4,32.2,30.6,30.6
Rajshahi,2003,4,29,30.6,31.1,30.8,28.2
Rajshahi,2003,4,30,30.5,30.6,30.1,26
Rajshahi,2003,5,1,31.9,31,30.2,26.8
Rajshahi,2003,5,2,31,30.9,30.2,28
Rajshahi,2003,5,3,31.1,30.6,29.9,25.7
Rajshahi,2003,5,4,33.1,31.3,30.2,27.1
Rajshahi,2003,5,5,33.3,31.95,30.6,31.1
Rajshahi,2003,5,6,32.4,32.1,30.8,31.2
Rajshahi,2003,5,7,31.1,31.2,30.6,28.6
Rajshahi,2003,5,8,31.6,31.3,30.5,30.4
Rajshahi,2003,5,9,29.5,30.4,30.2,28.2
Rajshahi,2003,5,10,30.7,30.35,30,27.5
Rajshahi,2003,5,11,31.5,30.8,30,27.7
Rajshahi,2003,5,12,31,31.1,30.2,28.9
Rajshahi,2003,5,13,31.7,31,30.25,28.3
Rajshahi,2003,5,14,33,31.7,30.35,30.3
Rajshahi,2003,5,15,33.4,32,30.8,31
Rajshahi,2003,5,16,31.8,31.9,30.9,29.6
Rajshahi,2003,5,17,32.7,32,31.05,29.5
Rajshahi,2003,5,18,32,32,31.1,31.2
Rajshahi,2003,5,19,31.4,31.6,31,29.8
Rajshahi,2003,5,20,32.1,31.7,31.3,28.8
Rajshahi,2003,5,21,29.8,30.4,30.1,29.7
Rajshahi,2003,5,22,29.8,30.35,30.1,26.3
Rajshahi,2003,5,23,31.2,30.75,30.1,28
Rajshahi,2003,5,24,30.8,31.1,30.3,28.9
Rajshahi,2003,5,25,31.1,30.8,30.4,26.6
Rajshahi,2003,5,26,32.8,31.6,30.55,30.4
Rajshahi,2003,5,27,33.2,32.4,31.1,32.8
Rajshahi,2003,5,28,34.6,33.1,31.55,33
Rajshahi,2003,5,29,35.5,33.7,32,33.8
Rajshahi,2003,5,30,35.3,34.1,32.4,33.8
Rajshahi,2003,5,31,34.2,33.6,32.55,31.2
Rajshahi,2003,6,1,35.2,33.9,32.6,32
Rajshahi,2003,6,2,35.4,34.2,32.6,32.4
Rajshahi,2003,6,3,36.4,34.6,33,32.7
Rajshahi,2003,6,4,36.15,35,33.3,33.4
Rajshahi,2003,6,5,33.4,34.1,33.2,30.8
Rajshahi,2003,6,6,31.8,32.5,32.3,28.3
Rajshahi,2003,6,7,32.4,32.1,31.9,29.9
Rajshahi,2003,6,8,32.8,32.3,31.8,29.3
Rajshahi,2003,6,9,29.7,32,31.6,30.2
Rajshahi,2003,6,10,30.8,30.9,30.9,26.3
Rajshahi,2003,6,11,30.8,31.2,30.9,28.5
Rajshahi,2003,6,12,31.4,31.15,30.7,28.3
Rajshahi,2003,6,13,32.4,32.2,31,30.2
Rajshahi,2003,6,14,32.15,32.45,31.5,32.5
Rajshahi,2003,6,15,32.35,32.1,31.25,29.3
Rajshahi,2003,6,16,34,32.7,31.6,30.2
Rajshahi,2003,6,17,34.1,33.1,32,30
Rajshahi,2003,6,18,32,32.9,32.05,29.9
Rajshahi,2003,6,19,31.1,31.9,31.7,28.3
Rajshahi,2003,6,20,31.5,31.6,31.2,28.8
Rajshahi,2003,6,21,29.8,31.25,31.15,29
Rajshahi,2003,6,22,28.05,30,30.25,26.4
Rajshahi,2003,6,23,29.5,29.6,29.6,26.3
Rajshahi,2003,6,24,29.55,29.8,29.4,28
Rajshahi,2003,6,25,31.6,30.6,29.8,28.5
Rajshahi,2003,6,26,32.3,31.4,30.4,30.5
Rajshahi,2003,6,27,31.4,31.5,30.6,29.9
Rajshahi,2003,6,28,30.2,31.3,30.5,28.2
Rajshahi,2003,6,29,29.3,30.4,30.25,27.2
Rajshahi,2003,6,30,28.9,29.9,29.9,27.7
Rajshahi,2003,7,1,29.6,29.9,29.7,26.2
Rajshahi,2003,7,2,30.3,30.2,29.8,28
Rajshahi,2003,7,3,31.2,30.7,30,28.6
Rajshahi,2003,7,4,31.8,31.3,30.4,29.6
Rajshahi,2003,7,5,32.3,31.5,30.5,29.7
Rajshahi,2003,7,6,32,31.9,30.9,29.7
Rajshahi,2003,7,7,32.5,31.9,31,29.9
Rajshahi,2003,7,8,32.3,32,31.1,30
Rajshahi,2003,7,9,31.9,31.9,31.2,29.8
Rajshahi,2003,7,10,31.3,31.8,31.1,28.7
Rajshahi,2003,7,11,31.15,31.5,31,28.7
Rajshahi,2003,7,12,31.6,31.5,31,28.6
Rajshahi,2003,7,13,30.5,31.1,31,29.3
Rajshahi,2003,7,14,30.7,31.1,30.8,28.3
Rajshahi,2003,7,15,31.4,31.2,30.7,27.7
Rajshahi,2003,7,16,31.3,31.4,30.7,29.7
Rajshahi,2003,7,17,32.2,31.5,31,28.9
Rajshahi,2003,7,18,32.9,31.9,31.1,30.2
Rajshahi,2003,7,19,33.2,32.3,31.3,30.7
Rajshahi,2003,7,20,33.5,32.6,31.6,30.6
Rajshahi,2003,7,21,32.6,32.8,32,30.7
Rajshahi,2003,7,22,31.7,32.2,31.8,30.1
Rajshahi,2003,7,23,32.6,32.2,31.6,29.4
Rajshahi,2003,7,24,32.5,32.3,31.6,30.8
Rajshahi,2003,7,25,32.5,32.3,31.6,30.9
Rajshahi,2003,7,26,31.4,32,31.5,29.7
Rajshahi,2003,7,27,30.45,31.65,31.2,29.5
Rajshahi,2003,7,28,31.1,31.3,31.1,29
Rajshahi,2003,7,29,30.65,31.4,31,29.3
Rajshahi,2003,7,30,28.7,30.7,30.8,28.4
Rajshahi,2003,7,31,30,30.15,30.1,26.1
Rajshahi,2003,8,1,30.5,30.4,30.2,28.2
Rajshahi,2003,8,2,30.3,30.6,30.2,27.9
Rajshahi,2003,8,3,31,30.8,30.4,28.3
Rajshahi,2003,8,4,32.1,31.2,30.5,29.3
Rajshahi,2003,8,5,32.7,31.8,31,30.7
Rajshahi,2003,8,6,33.3,32.4,31.3,30.6
Rajshahi,2003,8,7,33.5,32.7,31.5,31.3
Rajshahi,2003,8,8,33.3,32.9,32,31
Rajshahi,2003,8,9,33.6,32.9,32,31
Rajshahi,2003,8,10,32.6,32.9,32.1,31
Rajshahi,2003,8,11,31.8,32.4,31.8,29.9
Rajshahi,2003,8,12,31.15,32,31.55,29.2
Rajshahi,2003,8,13,31.6,31.6,31.35,28.3
Rajshahi,2003,8,14,32.2,32,31.4,29.3
Rajshahi,2003,8,15,31.7,31.8,31.3,29.2
Rajshahi,2003,8,16,32.2,32.1,31.4,30
Rajshahi,2003,8,17,32.4,32.1,31.2,30
Rajshahi,2003,8,18,32.2,32,31.3,30.1
Rajshahi,2003,8,19,31.6,31.6,31.3,28.5
Rajshahi,2003,8,20,31.9,32,31.4,29.9
Rajshahi,2003,8,21,30.7,31.4,31.1,29.2
Rajshahi,2003,8,22,32.3,31.9,30.8,30.5
Rajshahi,2003,8,23,29.8,31.1,31.1,29.4
Rajshahi,2003,8,24,31.7,31.1,31,27.8
Rajshahi,2003,8,25,32.2,31.9,31.2,29.6
Rajshahi,2003,8,26,32.4,32.2,31.5,29.9
Rajshahi,2003,8,27,32.3,32.2,31.6,30.1
Rajshahi,2003,8,28,31.3,31.9,31.5,29.5
Rajshahi,2003,8,29,31.1,31.5,31.2,28.4
Rajshahi,2003,8,30,31.3,31.5,31.1,28.1
Rajshahi,2003,8,31,32.1,32.3,31.4,29.1
Rajshahi,2003,9,1,31.3,31.8,31.3,29
Rajshahi,2003,9,2,31.2,31.5,31.2,28.1
Rajshahi,2003,9,3,30.8,31.4,31.1,28.5
Rajshahi,2003,9,4,31.4,31.2,31,28.3
Rajshahi,2003,9,5,31.7,31.5,31,29.5
Rajshahi,2003,9,6,31.15,31.5,31.1,29.3
Rajshahi,2003,9,7,30.2,31.1,31,28.7
Rajshahi,2003,9,8,30.2,30.8,30.8,27.9
Rajshahi,2003,9,9,31.1,30.9,30.6,27.5
Rajshahi,2003,9,10,32,31.4,30.7,29.2
Rajshahi,2003,9,11,31.1,31.6,31.2,29.9
Rajshahi,2003,9,12,31.15,31.4,31.1,29.3
Rajshahi,2003,9,13,31.6,31.2,30.8,27.7
Rajshahi,2003,9,14,31.2,31.3,31.2,29.4
Rajshahi,2003,9,15,31.3,31.4,31,28.8
Rajshahi,2003,9,16,32,31.6,31,28.9
Rajshahi,2003,9,17,32.3,31.9,31.2,29.4
Rajshahi,2003,9,18,32.4,32.1,31.4,29.7
Rajshahi,2003,9,19,32.4,32.2,31.5,29.7
Rajshahi,2003,9,20,32,32.25,31.6,29.8
Rajshahi,2003,9,21,32.3,32,31.45,28.8
Rajshahi,2003,9,22,31.8,32.25,31.65,29.5
Rajshahi,2003,9,23,31.6,32.25,31.55,29.3
Rajshahi,2003,9,24,29.75,31.4,31.3,27.9
Rajshahi,2003,9,25,28.65,29.9,29.8,25.9
Rajshahi,2003,9,26,29.6,30.1,30.1,26.7
Rajshahi,2003,9,27,30.3,30.6,30.2,27
Rajshahi,2003,9,28,30.5,30.4,30.5,28.3
Rajshahi,2003,9,29,29.9,30.9,30.3,28.5
Rajshahi,2003,9,30,30.8,30.8,30.5,27.1
Rajshahi,2003,10,1,31.3,31.2,30.7,28.8
Rajshahi,2003,10,2,29.9,30.4,30.2,28.1
Rajshahi,2003,10,3,30.9,31.5,30.6,27.2
Rajshahi,2003,10,4,31.6,31.6,30.6,27.9
Rajshahi,2003,10,5,29.7,30.7,30.45,27.7
Rajshahi,2003,10,6,29.6,30.4,30.2,26.5
Rajshahi,2003,10,7,28.2,29.7,29.5,26.7
Rajshahi,2003,10,8,27.6,28.8,29.6,24.2
Rajshahi,2003,10,9,27,28.4,28.7,24.4
Rajshahi,2003,10,10,27.5,28,28.7,26
Rajshahi,2003,10,11,28.7,29.3,30,24.6
Rajshahi,2003,10,12,28.9,29,28.7,27.3
Rajshahi,2003,10,13,29.2,28.8,29,27.6
Rajshahi,2003,10,14,29.2,29.6,29.2,27.5
Rajshahi,2003,10,15,29.2,29.7,29.2,27.3
Rajshahi,2003,10,16,29.7,30,29.4,27.4
Rajshahi,2003,10,17,30,30.3,29.3,28.4
Rajshahi,2003,10,18,29.3,30.1,29.4,28.6
Rajshahi,2003,10,19,29.3,29.7,29.2,26.9
Rajshahi,2003,10,20,30.1,29.9,29.4,28.4
Rajshahi,2003,10,21,30,30.2,29.6,28.4
Rajshahi,2003,10,22,30.1,30.1,29.6,27.7
Rajshahi,2003,10,23,29,29.4,29.6,27.4
Rajshahi,2003,10,24,28.15,29.5,29.4,25.7
Rajshahi,2003,10,25,27.7,29.1,29.1,25.2
Rajshahi,2003,10,26,27.3,28.3,28.3,23.9
Rajshahi,2003,10,27,27.6,28.2,28.3,24.3
Rajshahi,2003,10,28,27.5,28.5,28.6,25.4
Rajshahi,2003,10,29,28.1,28.6,28.3,26
Rajshahi,2003,10,30,28.3,28.4,28.2,26.7
Rajshahi,2003,10,31,28.5,28.8,28.4,26.8
Rajshahi,2003,11,1,27.7,28.55,28.4,26.8
Rajshahi,2003,11,2,27.75,28.5,28.4,25.6
Rajshahi,2003,11,3,27.9,28.6,28.4,25.3
Rajshahi,2003,11,4,27.7,28.4,28.3,25.4
Rajshahi,2003,11,5,27,28,28,24.9
Rajshahi,2003,11,6,26.6,27.7,27.9,24.3
Rajshahi,2003,11,7,26.5,27.5,27.7,24.1
Rajshahi,2003,11,8,26.3,27.3,27.5,24.1
Rajshahi,2003,11,9,26.1,27.1,27.2,23.9
Rajshahi,2003,11,10,26.25,27.1,27.25,23.5
Rajshahi,2003,11,11,26.4,27.1,27.1,24
Rajshahi,2003,11,12,26.5,27.2,27.1,24.3
Rajshahi,2003,11,13,25.7,26.9,27,22.9
Rajshahi,2003,11,14,25.15,26.5,26.8,22.2
Rajshahi,2003,11,15,24.9,26.3,26.5,22.3
Rajshahi,2003,11,16,24.6,26.3,26.4,22.1
Rajshahi,2003,11,17,24.5,25.8,26.1,22.2
Rajshahi,2003,11,18,23.7,25.5,26.1,21.6
Rajshahi,2003,11,19,24.25,25.95,26,21.8
Rajshahi,2003,11,20,23.8,24.7,25.3,22.3
Rajshahi,2003,11,21,23.3,25.1,25.4,21.9
Rajshahi,2003,11,22,22.3,24.5,25.1,20.2
Rajshahi,2003,11,23,23.3,24.8,25.2,20
Rajshahi,2003,11,24,23.2,24.5,24.7,21.6
Rajshahi,2003,11,25,23.4,24.5,24.6,22.1
Rajshahi,2003,11,26,23,24.3,24.6,21.1
Rajshahi,2003,11,27,22.3,24.1,24.5,20.4
Rajshahi,2003,11,28,21.3,23.7,24.2,19.5
Rajshahi,2003,11,29,21.5,23.25,23.9,18.4
Rajshahi,2003,11,30,21.4,23.1,23.6,19.1
Rajshahi,2003,12,1,21.6,25.6,23.5,19.9
Rajshahi,2003,12,2,21,22.9,23.4,19.5
Rajshahi,2003,12,3,21,22.6,23.2,18.6
Rajshahi,2003,12,4,20.6,22.6,22.5,18.2
Rajshahi,2003,12,5,20.4,22.2,22.8,18.4
Rajshahi,2003,12,6,20.5,22.3,22.9,18.2
Rajshahi,2003,12,7,20.5,22,22.2,17.7
Rajshahi,2003,12,8,21.1,22.2,22.5,18.2
Rajshahi,2003,12,9,20.6,22.2,22.5,19
Rajshahi,2003,12,10,21.3,22.5,22.7,19.2
Rajshahi,2003,12,11,21.3,22.25,22.6,19.8
Rajshahi,2003,12,12,21.2,22.3,22.6,20
Rajshahi,2003,12,13,21.3,22.45,22.7,20.1
Rajshahi,2003,12,14,21.3,22.25,22.5,20.9
Rajshahi,2003,12,15,20.8,22.25,22.4,19.3
Rajshahi,2003,12,16,21.4,21.75,22.45,20.2
Rajshahi,2003,12,17,22.4,22.65,22.6,20.7
Rajshahi,2003,12,18,21.1,22.5,22.7,20.5
Rajshahi,2003,12,19,21.7,22.6,22.5,20.2
Rajshahi,2003,12,20,21.9,22.5,22.5,20.5
Rajshahi,2003,12,21,21,22.4,22.5,20.6
Rajshahi,2003,12,22,20.7,22,22.2,19.5
Rajshahi,2003,12,23,20.4,21.8,22.1,19.8
Rajshahi,2003,12,24,19.5,21.4,22,18.4
Rajshahi,2003,12,25,18.4,20.7,21.6,16.3
Rajshahi,2003,12,26,18.6,20.4,21.1,17.1
Rajshahi,2003,12,27,18.1,20.2,21,16.7
Rajshahi,2003,12,28,18.8,20.25,20.8,17.1
Rajshahi,2003,12,29,17.8,20.2,20.9,16.3
Rajshahi,2003,12,30,18.3,19.7,20.5,14.2
Rajshahi,2003,12,31,18,19.65,20.5,14.9
Rajshahi,2004,1,1,17.6,19.3,20,15.5
Rajshahi,2004,1,2,16.8,19,19.8,13.6
Rajshahi,2004,1,3,16.7,19,19.7,12
Rajshahi,2004,1,4,16.2,18.7,19.7,11.8
Rajshahi,2004,1,5,16.9,19,19.7,11.5
Rajshahi,2004,1,6,15.8,17.4,18.3,11.9
Rajshahi,2004,1,7,16.5,18.3,18.9,12.6
Rajshahi,2004,1,8,17.15,18.35,18.9,15.4
Rajshahi,2004,1,9,16.3,18.2,18.8,14.7
Rajshahi,2004,1,10,17.25,18.3,18.6,12.4
Rajshahi,2004,1,11,17.25,18.1,18.5,15.6
Rajshahi,2004,1,12,17.7,18.5,18.8,17.2
Rajshahi,2004,1,13,17.25,18.7,18.8,16.9
Rajshahi,2004,1,14,17.4,18.5,18.9,15
Rajshahi,2004,1,15,17.4,18.7,18.9,15.2
Rajshahi,2004,1,16,18.3,18.9,19,17.1
Rajshahi,2004,1,17,18.2,19,19.1,16.7
Rajshahi,2004,1,18,18.25,19.2,19.25,17.4
Rajshahi,2004,1,19,19.3,19.5,19.5,17.8
Rajshahi,2004,1,20,19.1,19.8,19.8,18.2
Rajshahi,2004,1,21,19.1,19.4,19.4,18.1
Rajshahi,2004,1,22,19.1,19.3,19.6,16.4
Rajshahi,2004,1,23,19.5,19.6,19.5,18.6
Rajshahi,2004,1,24,20,20.35,20.2,19.3
Rajshahi,2004,1,25,19.4,20.15,20.05,17.5
Rajshahi,2004,1,26,18.2,19,18.9,17.1
Rajshahi,2004,1,27,18,18.8,18.9,15.6
Rajshahi,2004,1,28,17,17.5,17.7,14.7
Rajshahi,2004,1,29,17.4,19.1,19.3,14.9
Rajshahi,2004,1,30,18.3,18.8,18.6,16.1
Rajshahi,2004,1,31,18,18.5,18.6,17.3
Rajshahi,2004,2,1,20.1,19.8,19.7,18.6
Rajshahi,2004,2,2,19.7,20.2,20,19.6
Rajshahi,2004,2,3,18.8,20,20,18.4
Rajshahi,2004,2,4,18.1,19.5,19.9,15.5
Rajshahi,2004,2,5,17.7,19.25,19.6,14.9
Rajshahi,2004,2,6,17.7,19.1,19.3,15.3
Rajshahi,2004,2,7,18.5,19.4,19.6,16.4
Rajshahi,2004,2,8,18.6,19.45,19.6,17
Rajshahi,2004,2,9,19,19.6,19.6,17.7
Rajshahi,2004,2,10,19.7,19.9,19.7,18.1
Rajshahi,2004,2,11,19.7,19.8,19.7,19
Rajshahi,2004,2,12,20.3,20.2,19.9,20
Rajshahi,2004,2,13,20.4,20.8,20.6,19.9
Rajshahi,2004,2,14,21,21.2,21,20.1
Rajshahi,2004,2,15,21,21.1,20.7,20.4
Rajshahi,2004,2,16,20.9,21.1,20.8,19.8
Rajshahi,2004,2,17,21.3,21.4,21,20
Rajshahi,2004,2,18,21.4,21.4,21.1,20.4
Rajshahi,2004,2,19,21.6,21.6,21.3,21
Rajshahi,2004,2,20,23,23,22.5,23
Rajshahi,2004,2,21,23.2,22.7,22.3,22.3
Rajshahi,2004,2,22,22.7,22.6,22,20.7
Rajshahi,2004,2,23,22.7,22.6,22.1,21.2
Rajshahi,2004,2,24,22.7,22.7,22.2,21.8
Rajshahi,2004,2,25,23,22.7,22.25,21.7
Rajshahi,2004,2,26,23.3,22.3,22.3,21.7
Rajshahi,2004,2,27,24,23.3,22.6,22.8
Rajshahi,2004,2,28,23.8,23.6,22.8,23.3
Rajshahi,2004,2,29,24.9,23.9,23.3,23.7
Rajshahi,2004,3,1,24,24.5,23.8,24.6
Rajshahi,2004,3,2,23.4,23.3,22.5,23.4
Rajshahi,2004,3,3,23.2,23.1,22.5,21.3
Rajshahi,2004,3,4,23.4,23.5,23.3,21.3
Rajshahi,2004,3,5,23.7,23.7,23.4,22.3
Rajshahi,2004,3,6,23.3,23,22.5,22.6
Rajshahi,2004,3,7,24.1,23.8,23.2,23.5
Rajshahi,2004,3,8,24,25.8,23.6,22.6
Rajshahi,2004,3,9,25.2,24.3,23.35,23
Rajshahi,2004,3,10,24.8,24.8,24,25.9
Rajshahi,2004,3,11,24.65,24.1,23.7,21.2
Rajshahi,2004,3,12,25.6,24.7,23.9,22.7
Rajshahi,2004,3,13,26.7,25.4,24.3,25.4
Rajshahi,2004,3,14,27,25.3,24.1,26.3
Rajshahi,2004,3,15,27.35,26.2,24.8,26.5
Rajshahi,2004,3,16,27.9,26.5,24.8,26.9
Rajshahi,2004,3,17,27.9,26.6,25.4,27.4
Rajshahi,2004,3,18,28.4,26.8,26,27.9
Rajshahi,2004,3,19,28.8,27.3,26.1,27.7
Rajshahi,2004,3,20,29.5,27.9,26.4,28
Rajshahi,2004,3,21,29.4,27.95,27.8,28.2
Rajshahi,2004,3,22,29.9,28.3,28.3,26.9
Rajshahi,2004,3,23,30.8,28.9,28.9,29.9
Rajshahi,2004,3,24,31.3,29.4,29.4,31.3
Rajshahi,2004,3,25,31.45,29.7,29.7,31.1
Rajshahi,2004,3,26,31.5,29.9,29.9,30.6
Rajshahi,2004,3,27,31.7,30,30,30.6
Rajshahi,2004,3,28,31.1,30,28.65,30.8
Rajshahi,2004,3,29,30.9,29.9,28.7,30.8
Rajshahi,2004,3,30,30.2,29.9,28.7,30
Rajshahi,2004,3,31,30.7,29.6,28.7,28.9
Rajshahi,2004,4,1,30.7,29.9,28.7,29.7
Rajshahi,2004,4,2,29.65,29.5,28.7,27.9
Rajshahi,2004,4,3,30.4,29.5,28.5,26.9
Rajshahi,2004,4,4,30.9,29.9,28.9,28.6
Rajshahi,2004,4,5,31.15,30.1,29,28
Rajshahi,2004,4,6,31.1,30.3,29.2,28.3
Rajshahi,2004,4,7,29.9,29.9,29,27.6
Rajshahi,2004,4,8,29.9,29.6,28.9,25.7
Rajshahi,2004,4,9,30.6,29.7,28.9,27.4
Rajshahi,2004,4,10,27.9,29.2,28.4,26.9
Rajshahi,2004,4,11,30.3,29.3,28.3,25.2
Rajshahi,2004,4,12,31.4,30.1,29,29.1
Rajshahi,2004,4,13,32.3,30.8,29.3,30.7
Rajshahi,2004,4,14,33.2,31.6,29.9,31.7
Rajshahi,2004,4,15,33.2,32,30.3,32.6
Rajshahi,2004,4,16,33.8,32.2,30.6,32.7
Rajshahi,2004,4,17,34.7,32.5,31,32.9
Rajshahi,2004,4,18,34,32.9,31.3,31.1
Rajshahi,2004,4,19,30.4,31.5,30.85,29.6
Rajshahi,2004,4,20,30.8,30.5,30.1,25.2
Rajshahi,2004,4,21,31.55,30.95,30.1,27.8
Rajshahi,2004,4,22,31.4,30.8,30.1,29.7
Rajshahi,2004,4,23,32.1,31.2,30.2,29.3
Rajshahi,2004,4,24,29.1,30.2,30.1,26.5
Rajshahi,2004,4,25,29.6,30.5,29.8,25.6
Rajshahi,2004,4,26,29.3,30.6,29.9,28
Rajshahi,2004,4,27,29.8,29.7,29.5,26.3
Rajshahi,2004,4,28,30.7,30.4,29.4,27.8
Rajshahi,2004,4,29,30.4,30.5,29.7,28.8
Rajshahi,2004,4,30,31.3,30.5,29.7,25.8
Rajshahi,2004,5,1,33,31.5,30.1,29.1
Rajshahi,2004,5,2,33.9,32.3,30.7,31
Rajshahi,2004,5,3,33.7,32.5,31,30.3
Rajshahi,2004,5,4,33.1,32.3,31.05,28.9
Rajshahi,2004,5,5,33.6,32.5,31.2,30.5
Rajshahi,2004,5,6,34.4,32.85,31.3,31.1
Rajshahi,2004,5,7,30.4,33.4,31.65,32
Rajshahi,2004,5,8,36,34.1,32.1,32.2
Rajshahi,2004,5,9,35.8,34.4,32.6,33
Rajshahi,2004,5,10,36.2,34.5,32.9,33.1
Rajshahi,2004,5,11,35.9,34.15,32.5,33.6
Rajshahi,2004,5,12,36.9,34.9,33,33.4
Rajshahi,2004,5,13,37.8,35.4,33.7,34
Rajshahi,2004,5,14,38,35.7,34,34.8
Rajshahi,2004,5,15,37.4,36,34.2,33.4
Rajshahi,2004,5,16,36.8,35.7,34.3,32.9
Rajshahi,2004,5,17,36.4,35.4,34,31.9
Rajshahi,2004,5,18,36.7,35.3,33.9,31.9
Rajshahi,2004,5,19,36.4,35.1,34.2,32.1
Rajshahi,2004,5,20,32.15,33.7,33.3,28.7
Rajshahi,2004,5,21,32.1,32.8,31.7,29.2
Rajshahi,2004,5,22,29.2,31.75,31.3,26.9
Rajshahi,2004,5,23,27.95,30.4,30.9,26.5
Rajshahi,2004,5,24,28.8,30.1,30,25
Rajshahi,2004,5,25,30.1,30.4,30,27.2
Rajshahi,2004,5,26,31.8,31.2,30.3,28.6
Rajshahi,2004,5,27,31.1,31.9,30.8,30.1
Rajshahi,2004,5,28,31.8,31.4,30.8,27.2
Rajshahi,2004,5,29,33.4,32.2,31.1,30.2
Rajshahi,2004,5,30,32.6,32.7,31.45,30.3
Rajshahi,2004,5,31,31.8,32,31.3,29
Rajshahi,2004,6,1,31.1,31.6,31.6,28.8
Rajshahi,2004,6,2,31.4,31.3,30.6,27.7
Rajshahi,2004,6,3,31.2,31.7,31,29.3
Rajshahi,2004,6,4,31.65,31.2,30.2,27.7
Rajshahi,2004,6,5,33.1,31.9,31,28.8
Rajshahi,2004,6,6,31.1,31.9,31.1,30.4
Rajshahi,2004,6,7,31.6,31.1,30.8,25.8
Rajshahi,2004,6,8,31.5,31.7,30.5,29.4
Rajshahi,2004,6,9,31.8,31.5,30.9,28.4
Rajshahi,2004,6,10,32.1,32.2,31,30.6
Rajshahi,2004,6,11,32.1,32.1,31.3,29.8
Rajshahi,2004,6,12,32.2,32.1,31.2,29.9
Rajshahi,2004,6,13,30.6,31.7,31.3,29.6
Rajshahi,2004,6,14,28.9,30.4,30.7,28.4
Rajshahi,2004,6,15,29.6,30.1,30.1,27
Rajshahi,2004,6,16,30.8,30.7,30,28.1
Rajshahi,2004,6,17,29.9,31,30.4,28.6
Rajshahi,2004,6,18,29.8,30.6,30,27.9
Rajshahi,2004,6,19,30,30.6,30.1,27.9
Rajshahi,2004,6,20,30.7,30.4,30,27.5
Rajshahi,2004,6,21,27.6,29.7,29.7,28.1
Rajshahi,2004,6,22,26.7,27.9,27.5,25.5
Rajshahi,2004,6,23,30.7,29.5,29,28
Rajshahi,2004,6,24,31.15,30.4,29.5,30.9
Rajshahi,2004,6,25,31.2,30.2,30,29.5
Rajshahi,2004,6,26,32.4,31.2,30.25,29.8
Rajshahi,2004,6,27,32.5,31.6,30.5,30.2
Rajshahi,2004,6,28,32.8,31.8,30.7,30.2
Rajshahi,2004,6,29,32.85,32,31.5,30
Rajshahi,2004,6,30,32.4,32.1,31.2,30.5
Rajshahi,2004,7,1,32.9,32.25,31.25,30.7
Rajshahi,2004,7,2,32.5,32.2,31,31.6
Rajshahi,2004,7,3,31.7,31.9,31.2,29.7
Rajshahi,2004,7,4,31.4,31.9,31,29.2
Rajshahi,2004,7,5,31.3,31.5,31,29.2
Rajshahi,2004,7,6,31.6,31.6,31,29.4
Rajshahi,2004,7,7,29.75,30.7,30.6,28.1
Rajshahi,2004,7,8,29.4,30.3,30,27.4
Rajshahi,2004,7,9,29.4,30,30,27.1
Rajshahi,2004,7,10,30.5,30.25,30,27.5
Rajshahi,2004,7,11,30.9,30.6,30.2,29.4
Rajshahi,2004,7,12,30.2,30.7,30.3,28.2
Rajshahi,2004,7,13,30.8,30.5,30.2,27.4
Rajshahi,2004,7,14,30.9,31,30.3,29.3
Rajshahi,2004,7,15,30.8,30.9,30.4,28.8
Rajshahi,2004,7,16,30.4,30.7,30.3,27.6
Rajshahi,2004,7,17,30.1,30.7,30.25,28.8
Rajshahi,2004,7,18,30.4,30.4,30,28
Rajshahi,2004,7,19,29.1,30.2,30.1,29
Rajshahi,2004,7,20,29.4,30.2,29.9,27.8
Rajshahi,2004,7,21,28.6,29.85,29.8,29.2
Rajshahi,2004,7,22,28.9,28.9,28.6,26.2
Rajshahi,2004,7,23,30.3,29.9,29.6,27.3
Rajshahi,2004,7,24,29.9,30.4,29.8,29.4
Rajshahi,2004,7,25,30.6,30.2,29.9,28
Rajshahi,2004,7,26,31.1,30.6,30,28.7
Rajshahi,2004,7,27,31.2,30.9,30.25,29.4
Rajshahi,2004,7,28,30.6,30.8,30.35,29.6
Rajshahi,2004,7,29,30.2,30.5,30.2,28.9
Rajshahi,2004,7,30,30.2,30.7,30.1,29.3
Rajshahi,2004,7,31,30.5,30.65,30.1,28.8
Rajshahi,2004,8,1,31.8,30.8,30,29.1
Rajshahi,2004,8,2,31.6,31.1,30.4,29.9
Rajshahi,2004,8,3,31.9,31.1,30.45,29.7
Rajshahi,2004,8,4,30.7,31.1,30.5,29.7
Rajshahi,2004,8,5,30.4,31,30.5,28.9
Rajshahi,2004,8,6,30.5,30.5,30.3,28.1
Rajshahi,2004,8,7,30.6,30.9,30.4,28.9
Rajshahi,2004,8,8,30.5,30.8,30.4,28.9
Rajshahi,2004,8,9,30.6,30.4,30.2,28.7
Rajshahi,2004,8,10,30.6,30.8,30.3,29.2
Rajshahi,2004,8,11,31.2,30.8,30.6,29.2
Rajshahi,2004,8,12,30.9,31,30.4,29
Rajshahi,2004,8,13,28.8,29.2,30.1,28.7
Rajshahi,2004,8,14,30.3,30.2,29.9,26.6
Rajshahi,2004,8,15,30.8,30.5,30,28.2
Rajshahi,2004,8,16,31.5,30.8,30.2,29.1
Rajshahi,2004,8,17,32,31.3,30.5,29.7
Rajshahi,2004,8,18,32.1,31.5,31.2,30.1
Rajshahi,2004,8,19,32.1,31.6,30.9,29.9
Rajshahi,2004,8,20,31.5,31.2,30.7,29.9
Rajshahi,2004,8,21,30.6,31.1,30.8,29.3
Rajshahi,2004,8,22,30.9,31.1,30.7,28.8
Rajshahi,2004,8,23,31.85,31.2,30.6,29.2
Rajshahi,2004,8,24,32.7,31.7,30.9,29.6
Rajshahi,2004,8,25,32.4,32.1,31.2,30.4
Rajshahi,2004,8,26,31.85,31.9,31.2,29.3
Rajshahi,2004,8,27,31.2,31.7,31.2,29.6
Rajshahi,2004,8,28,31.5,31.4,31.1,28.2
Rajshahi,2004,8,29,31.5,31.7,31.1,28.8
Rajshahi,2004,8,30,31.4,31.6,31,28.9
Rajshahi,2004,8,31,31.5,31.6,31.1,28.3
Rajshahi,2004,9,1,31.3,31.3,31,28.6
Rajshahi,2004,9,2,31.4,31.4,31,29.4
Rajshahi,2004,9,3,30.7,31.5,31,29.3
Rajshahi,2004,9,4,31.5,31.6,31.1,28.9
Rajshahi,2004,9,5,32.2,31.7,31.1,29.4
Rajshahi,2004,9,6,32.15,31.9,31.25,30.1
Rajshahi,2004,9,7,31.85,31.9,31.2,29.6
Rajshahi,2004,9,8,31.6,31.8,31.3,30
Rajshahi,2004,9,9,31.1,31.6,31.2,29.5
Rajshahi,2004,9,10,31.4,31.15,30.85,27.6
Rajshahi,2004,9,11,30.6,31.3,30.9,28.1
Rajshahi,2004,9,12,28.8,30.75,30.85,27.6
Rajshahi,2004,9,13,27,29.7,30.1,25.8
Rajshahi,2004,9,14,25.45,27.7,27.9,23.2
Rajshahi,2004,9,15,25.6,27.2,27.7,23.9
Rajshahi,2004,9,16,25.8,28.25,27.5,24.9
Rajshahi,2004,9,17,26.4,27,27.3,24.7
Rajshahi,2004,9,18,28.4,28.2,27.45,26.4
Rajshahi,2004,9,19,29.1,28.55,28.1,28
Rajshahi,2004,9,20,30.5,29.1,28.5,28
Rajshahi,2004,9,21,29.9,29.6,28.9,29.3
Rajshahi,2004,9,22,29.3,29.6,29,28.3
Rajshahi,2004,9,23,30.5,29.8,29.1,27.6
Rajshahi,2004,9,24,30.1,29.8,29.1,29.4
Rajshahi,2004,9,25,30.6,30.4,29.8,28.2
Rajshahi,2004,9,26,30.3,30.2,29.7,28.7
Rajshahi,2004,9,27,29.5,30.5,30.2,29.1
Rajshahi,2004,9,28,29.5,30.3,29.9,27.6
Rajshahi,2004,9,29,28.4,30,29.7,26.9
Rajshahi,2004,9,30,30,29.6,29.3,25.8
Rajshahi,2004,10,1,30.8,30.5,30,28.8
Rajshahi,2004,10,2,30.6,30.6,29.9,28.6
Rajshahi,2004,10,3,30.9,30.6,30.1,28.5
Rajshahi,2004,10,4,29.4,30.55,30.1,28.1
Rajshahi,2004,10,5,29.5,30.1,29.8,26.5
Rajshahi,2004,10,6,28.4,30,29.8,26.4
Rajshahi,2004,10,7,26.8,28.7,28.9,26.2
Rajshahi,2004,10,8,26.7,28.1,28.3,24.9
Rajshahi,2004,10,9,27,28,28.2,23.9
Rajshahi,2004,10,10,28.6,28.2,28.1,25.5
Rajshahi,2004,10,11,29.3,28.8,28.4,26.7
Rajshahi,2004,10,12,29.9,29.3,28.8,28
Rajshahi,2004,10,13,29.8,29.8,29,28.3
Rajshahi,2004,10,14,29.6,29.7,29.1,27.1
Rajshahi,2004,10,15,29.5,29.6,29.1,26.7
Rajshahi,2004,10,16,29.1,29.6,29.2,26.2
Rajshahi,2004,10,17,28.35,29.2,29,25.8
Rajshahi,2004,10,18,28,28.9,28.8,24.8
Rajshahi,2004,10,19,28.05,27.8,27.6,25.3
Rajshahi,2004,10,20,28.3,28.7,28.5,25.3
Rajshahi,2004,10,21,27.9,27.5,27.2,25.6
Rajshahi,2004,10,22,27.7,28.3,28.2,25.7
Rajshahi,2004,10,23,27.2,27.2,26.8,25.6
Rajshahi,2004,10,24,27.5,28.3,28.1,25.4
Rajshahi,2004,10,25,27.7,28.25,28,25.2
Rajshahi,2004,10,26,27.3,27.9,27.5,25.3
Rajshahi,2004,10,27,27.4,28.2,28,25.1
Rajshahi,2004,10,28,26.7,28,27.9,25
Rajshahi,2004,10,29,26.3,27.7,27.7,24.5
Rajshahi,2004,10,30,26.6,27.1,26.95,24.4
Rajshahi,2004,10,31,26,27.25,27.3,24.2
Rajshahi,2004,11,1,24.8,26.8,26.9,23.5
Rajshahi,2004,11,2,24.2,26.25,26.75,22.1
Rajshahi,2004,11,3,24.7,26.2,26.5,22.2
Rajshahi,2004,11,4,24.35,26,26.2,22.8
Rajshahi,2004,11,5,24.6,25.95,26.2,22.8
Rajshahi,2004,11,6,25,26.1,26.2,23.3
Rajshahi,2004,11,7,25,26,26.1,22.8
Rajshahi,2004,11,8,25.35,26.1,26.15,24.3
Rajshahi,2004,11,9,25,26.1,26.2,23.4
Rajshahi,2004,11,10,25,26.2,26,23.1
Rajshahi,2004,11,11,24,25.5,25.9,22.2
Rajshahi,2004,11,12,23.9,25.4,25.7,21.1
Rajshahi,2004,11,13,23,24.9,25.2,21.1
Rajshahi,2004,11,14,22.8,24.8,25,21.3
Rajshahi,2004,11,15,22.5,24.5,24.9,20.9
Rajshahi,2004,11,16,22.3,24.1,24.6,20.8
Rajshahi,2004,11,17,23.3,24.4,24.6,21.6
Rajshahi,2004,11,18,23.5,24.5,24.6,21.6
Rajshahi,2004,11,19,23.85,24.7,24.6,22.3
Rajshahi,2004,11,20,24,24.9,24.8,22.7
Rajshahi,2004,11,21,23.3,24.6,24.4,22.7
Rajshahi,2004,11,22,23.6,24.7,24.6,21.4
Rajshahi,2004,11,23,23.6,24.6,24.7,21.8
Rajshahi,2004,11,24,23.9,24.7,24.75,21.7
Rajshahi,2004,11,25,23.7,24.7,24.7,21.9
Rajshahi,2004,11,26,23.15,24.5,24.55,21.3
Rajshahi,2004,11,27,23,24.3,24.4,21.1
Rajshahi,2004,11,28,22.45,24,24.25,21.1
Rajshahi,2004,11,29,22.1,23.8,24.1,20.9
Rajshahi,2004,11,30,22.1,23.6,24,21.1
Rajshahi,2004,12,1,22.1,23.6,23.9,21.4
Rajshahi,2004,12,2,21.8,23.4,23.8,20.9
Rajshahi,2004,12,3,21.5,23.2,23.6,21.3
Rajshahi,2004,12,4,21.3,23,23,20.8
Rajshahi,2004,12,5,21.15,22.65,23.1,20.4
Rajshahi,2004,12,6,21.2,22.8,23,21.1
Rajshahi,2004,12,7,21.3,22.05,22.1,20.2
Rajshahi,2004,12,8,21.1,22.6,22.4,21.1
Rajshahi,2004,12,9,21.5,22.8,22.4,21.2
Rajshahi,2004,12,10,21.5,22.8,23,20.8
Rajshahi,2004,12,11,21.6,22.8,22.7,20.9
Rajshahi,2004,12,12,21.85,22.75,22.75,21.2
Rajshahi,2004,12,13,21.7,23,23.1,20.9
Rajshahi,2004,12,14,21.1,22.5,22.4,20.8
Rajshahi,2004,12,15,21.1,22.3,22.5,20.2
Rajshahi,2004,12,16,21,22.4,22.7,19.5
Rajshahi,2004,12,17,20.85,22,22.35,19.5
Rajshahi,2004,12,18,20.8,22.2,22.4,20
Rajshahi,2004,12,19,21.1,22.25,22.5,20.7
Rajshahi,2004,12,20,21,22.2,22.3,20.6
Rajshahi,2004,12,21,21.5,22.2,22.5,20.2
Rajshahi,2004,12,22,20.7,22.4,22.5,21.5
Rajshahi,2004,12,23,21,22.1,22.3,18.2
Rajshahi,2004,12,24,20.2,22,22.1,18.1
Rajshahi,2004,12,25,20.6,22,22.2,18.8
Rajshahi,2004,12,26,18,21.2,21.7,18
Rajshahi,2004,12,27,16.9,20,20.5,15.3
Rajshahi,2004,12,28,17.2,19.6,20.5,13.6
Rajshahi,2004,12,29,17.5,19.6,20.4,15.3
Rajshahi,2004,12,30,17.3,19.3,20.4,16
Rajshahi,2004,12,31,17.55,19.4,20.1,15.4
Rajshahi,2005,1,1,18,19.4,20.1,16.5
Rajshahi,2005,1,2,18.2,19.6,20.05,17.7
Rajshahi,2005,1,3,19.2,20,20.3,18.3
Rajshahi,2005,1,4,20.05,20.1,20.5,19.6
Rajshahi,2005,1,5,19.4,20.5,20.6,18.8
Rajshahi,2005,1,6,18.25,20.1,20.4,17.9
Rajshahi,2005,1,7,17.7,19.5,20.2,17.2
Rajshahi,2005,1,8,17.8,19.5,20.1,16.6
Rajshahi,2005,1,9,17.1,19.2,19.6,16.8
Rajshahi,2005,1,10,17.1,19,19.6,16
Rajshahi,2005,1,11,17.8,19,19.5,15.9
Rajshahi,2005,1,12,18.8,19.4,19.7,17.2
Rajshahi,2005,1,13,18.2,19.3,19.6,17.3
Rajshahi,2005,1,14,17.5,19.5,19.7,15.8
Rajshahi,2005,1,15,16.9,19.1,19.4,15.9
Rajshahi,2005,1,16,18.4,19.2,19.45,15.7
Rajshahi,2005,1,17,18.1,19.2,19.45,17.1
Rajshahi,2005,1,18,18.2,19.4,19.6,18.1
Rajshahi,2005,1,19,19.2,19.5,19.5,16.9
Rajshahi,2005,1,20,18,19.4,19.5,17
Rajshahi,2005,1,21,16.8,19,19.4,15
Rajshahi,2005,1,22,16.8,18.5,19.1,14.3
Rajshahi,2005,1,23,16.6,18.4,19,15.7
Rajshahi,2005,1,24,17.7,18.5,19,15.6
Rajshahi,2005,1,25,17.7,18.8,19,15.7
Rajshahi,2005,1,26,17.9,18.9,19.1,16.9
Rajshahi,2005,1,27,18,18.9,19.1,16.8
Rajshahi,2005,1,28,17.9,19.2,19.3,17.3
Rajshahi,2005,1,29,19.3,19.4,19.3,17.4
Rajshahi,2005,1,30,18,19.4,19.5,17.2
Rajshahi,2005,1,31,18.7,19.5,19.6,16.8
Rajshahi,2005,2,1,19.2,20.1,19.8,19.5
Rajshahi,2005,2,2,18.9,19.8,19.8,17.3
Rajshahi,2005,2,3,18.1,19.1,19.2,17.4
Rajshahi,2005,2,4,17.45,19.25,19.45,15.5
Rajshahi,2005,2,5,17.7,19.2,19.4,16.4
Rajshahi,2005,2,6,19.3,19.5,19.45,17.7
Rajshahi,2005,2,7,19.9,20.1,20.1,20.4
Rajshahi,2005,2,8,20.9,20.5,20.3,20.9
Rajshahi,2005,2,9,21.5,20.7,20.5,21
Rajshahi,2005,2,10,21.5,21.55,21,21.2
Rajshahi,2005,2,11,21.3,21.6,21,20.7
Rajshahi,2005,2,12,21.8,21.9,21.2,21.2
Rajshahi,2005,2,13,21.7,21.9,21.5,22.3
Rajshahi,2005,2,14,21.3,22,21.6,23.8
Rajshahi,2005,2,15,21.3,21.7,21.4,23.5
Rajshahi,2005,2,16,22.45,21.85,21.7,22.9
Rajshahi,2005,2,17,23.9,22.8,22.4,24
Rajshahi,2005,2,18,24.2,23.3,22.45,24.5
Rajshahi,2005,2,19,25.4,23.95,23,23.9
Rajshahi,2005,2,20,25.35,24.1,23.4,25.4
Rajshahi,2005,2,21,25.2,24.3,23.8,25.8
Rajshahi,2005,2,22,24.8,24.4,23.9,25.3
Rajshahi,2005,2,23,24.4,24,23.65,22.8
Rajshahi,2005,2,24,23.2,23.4,22.8,22.4
Rajshahi,2005,2,25,22.8,23.5,23.3,20.1
Rajshahi,2005,2,26,22.1,23.3,23,21.2
Rajshahi,2005,2,27,22.5,23.2,22.9,21.6
Rajshahi,2005,2,28,22.8,23.2,22.9,21.9
Rajshahi,2005,3,1,24.3,23.7,23.1,22.6
Rajshahi,2005,3,2,25,24.2,24.3,23.8
Rajshahi,2005,3,3,25.7,24.8,23.2,25.4
Rajshahi,2005,3,4,25.8,24.7,23.9,25.2
Rajshahi,2005,3,5,26.5,25.65,24.2,26.4
Rajshahi,2005,3,6,26.75,25.7,24.4,26.5
Rajshahi,2005,3,7,27.4,25.95,24.7,27.9
Rajshahi,2005,3,8,26.3,26,25,27.3
Rajshahi,2005,3,9,26.4,25.8,25.3,25.5
Rajshahi,2005,3,10,27.5,25.75,25.9,25.4
Rajshahi,2005,3,11,26.2,26.4,25.7,27.7
Rajshahi,2005,3,12,26.4,25.9,25.5,22.7
Rajshahi,2005,3,13,27.05,25.6,25.8,23.9
Rajshahi,2005,3,14,26.6,25.9,25.5,24.1
Rajshahi,2005,3,15,27.15,25.9,25.4,25
Rajshahi,2005,3,16,26.2,26,25.7,25.5
Rajshahi,2005,3,17,25.8,26.3,25.8,26
Rajshahi,2005,3,18,27.25,26.3,25.55,26.3
Rajshahi,2005,3,19,27.35,26.5,25.7,25.9
Rajshahi,2005,3,20,28.2,27.2,26.1,26.3
Rajshahi,2005,3,21,29.1,27.9,26.65,27.5
Rajshahi,2005,3,22,28.9,28,26.8,29.2
Rajshahi,2005,3,23,27,27.6,26.9,27.3
Rajshahi,2005,3,24,24.9,26.7,26.5,24.7
Rajshahi,2005,3,25,26,26.1,25.9,21.6
Rajshahi,2005,3,26,26.1,26.45,25.5,23.8
Rajshahi,2005,3,27,26.65,26.6,26,24.9
Rajshahi,2005,3,28,28.7,28.5,26.4,26.2
Rajshahi,2005,3,29,28.9,27.8,27.1,28.2
Rajshahi,2005,3,30,26.65,28.2,27.15,27.5
Rajshahi,2005,3,31,26.7,26.8,26.2,23.7
Rajshahi,2005,4,1,28.8,27.7,26.8,25.9
Rajshahi,2005,4,2,28.9,28,27.15,27.8
Rajshahi,2005,4,3,28.7,28.6,27.4,27.2
Rajshahi,2005,4,4,28.1,27.95,27.15,26.1
Rajshahi,2005,4,5,28.9,28.3,27.4,26.1
Rajshahi,2005,4,6,29.7,28.7,27.8,27.6
Rajshahi,2005,4,7,30.4,29.3,28.05,29
Rajshahi,2005,4,8,30.7,29.7,28.5,29.5
Rajshahi,2005,4,9,29.7,29.6,28.5,29.3
Rajshahi,2005,4,10,30.1,29.35,28.4,28
Rajshahi,2005,4,11,30.7,29.8,28.6,29.2
Rajshahi,2005,4,12,30.8,30.2,29,29.7
Rajshahi,2005,4,13,28.9,29.4,28.7,27.3
Rajshahi,2005,4,14,29.7,29.35,28.6,27.5
Rajshahi,2005,4,15,30.7,29.8,28.8,28.7
Rajshahi,2005,4,16,31.8,30.4,29.1,30.7
Rajshahi,2005,4,17,32.7,31.1,29.6,31.3
Rajshahi,2005,4,18,32.7,31.3,30,31.6
Rajshahi,2005,4,19,32.9,31.7,30.2,31.4
Rajshahi,2005,4,20,33.1,31.9,30.45,31.3
Rajshahi,2005,4,21,32.5,32,30.6,30.3
Rajshahi,2005,4,22,32.25,31.8,30.8,29.8
Rajshahi,2005,4,23,32.7,31.8,30.6,30.2
Rajshahi,2005,4,24,32.2,31.7,30.6,30.5
Rajshahi,2005,4,25,32.2,32.2,31.3,30.2
Rajshahi,2005,4,26,32.85,32.15,30.8,29.6
Rajshahi,2005,4,27,32.6,31.6,29.5,30.9
Rajshahi,2005,4,28,32.9,32.1,30.9,31.1
Rajshahi,2005,4,29,32.2,32.9,32,30.5
Rajshahi,2005,4,30,28.25,31.3,30.7,28.1
Rajshahi,2005,5,1,29.4,29.8,29.8,24
Rajshahi,2005,5,2,30,30.4,29.8,26.4
Rajshahi,2005,5,3,30.75,30.3,29.6,26.4
Rajshahi,2005,5,4,30.9,30.6,29.7,27.7
Rajshahi,2005,5,5,30.3,30.3,29.8,28.3
Rajshahi,2005,5,6,29.4,29.55,29.3,24.5
Rajshahi,2005,5,7,30.1,29.85,29.2,25.6
Rajshahi,2005,5,8,30.3,30.15,29.4,27
Rajshahi,2005,5,9,30.5,30.1,29.3,27.1
Rajshahi,2005,5,10,32.15,30.85,29.7,28.9
Rajshahi,2005,5,11,32.6,31.3,30.3,31.8
Rajshahi,2005,5,12,32.6,31.7,30.6,31.7
Rajshahi,2005,5,13,32.4,31.7,30.6,29.4
Rajshahi,2005,5,14,32.75,32.1,30.8,31.7
Rajshahi,2005,5,15,33.2,32.25,31.1,29.6
Rajshahi,2005,5,16,33.3,32.3,31.2,29.2
Rajshahi,2005,5,17,30.75,32.6,31.25,31.5
Rajshahi,2005,5,18,27.9,30.1,30.1,25.4
Rajshahi,2005,5,19,31.4,30.4,29.9,26.8
Rajshahi,2005,5,20,28.2,30.2,29.9,28.5
Rajshahi,2005,5,21,29.2,29.5,29,24.9
Rajshahi,2005,5,22,30.5,30.25,29.7,28.5
Rajshahi,2005,5,23,30.8,30.4,30,27.7
Rajshahi,2005,5,24,31.3,30.8,30,27.7
Rajshahi,2005,5,25,34.05,31.25,30.3,30.1
Rajshahi,2005,5,26,35,32.8,31.15,32.6
Rajshahi,2005,5,27,35.2,33.2,31.5,32.9
Rajshahi,2005,5,28,35.85,33.85,32.2,32.8
Rajshahi,2005,5,29,36.25,34.2,32.4,32.9
Rajshahi,2005,5,30,36.2,34.5,32.4,33.1
Rajshahi,2005,5,31,36.5,34.85,32.5,33.1
Rajshahi,2005,6,1,37,35,33.3,33.4
Rajshahi,2005,6,2,36.9,35,33.4,34.5
Rajshahi,2005,6,3,36.95,35.2,33.6,34.8
Rajshahi,2005,6,4,36,35.05,33.7,33.8
Rajshahi,2005,6,5,32.85,33.55,33.1,29.5
Rajshahi,2005,6,6,33.1,33.1,32.5,30.1
Rajshahi,2005,6,7,32.8,33.25,32.5,31
Rajshahi,2005,6,8,32.7,33.3,32.4,29.1
Rajshahi,2005,6,9,35.3,33.85,32.6,31.6
Rajshahi,2005,6,10,35,34.4,32.5,32.2
Rajshahi,2005,6,11,35.3,34.3,33,31.3
Rajshahi,2005,6,12,34.8,34,32.5,30.9
Rajshahi,2005,6,13,35.35,34.3,33.05,32
Rajshahi,2005,6,14,33.4,34.2,33,31.5
Rajshahi,2005,6,15,33.2,33.35,32.9,30.2
Rajshahi,2005,6,16,32.5,33,32.4,30.8
Rajshahi,2005,6,17,33.7,32.8,32.2,29
Rajshahi,2005,6,18,34.5,33.3,32.4,31.5
Rajshahi,2005,6,19,33.4,33.4,32.55,31.1
Rajshahi,2005,6,20,33.6,33.3,32.4,30.9
Rajshahi,2005,6,21,33,33.4,32.3,30.3
Rajshahi,2005,6,22,32.8,32.8,32.2,30.1
Rajshahi,2005,6,23,32.5,32.7,32,30.6
Rajshahi,2005,6,24,29.3,31.6,31.7,29
Rajshahi,2005,6,25,30.6,30.8,30.9,26.7
Rajshahi,2005,6,26,31.3,31.4,31,29
Rajshahi,2005,6,27,30.8,31.3,31,28.5
Rajshahi,2005,6,28,29.1,30.6,30.6,28.1
Rajshahi,2005,6,29,29.3,30.3,30.2,27.2
Rajshahi,2005,6,30,29.6,30.4,30.1,28.1
Rajshahi,2005,7,1,28.9,30.3,30,27.9
Rajshahi,2005,7,2,30,30.3,29.9,27.1
Rajshahi,2005,7,3,29.5,30.2,30,27.6
Rajshahi,2005,7,4,29.3,30,29.8,26.7
Rajshahi,2005,7,5,29.9,30,29.6,27.1
Rajshahi,2005,7,6,31.5,30.6,30,28.1
Rajshahi,2005,7,7,32.1,31,30.4,29.9
Rajshahi,2005,7,8,32.4,31.7,30.7,29.8
Rajshahi,2005,7,9,31.7,31.7,30.9,30.3
Rajshahi,2005,7,10,31.7,31.7,28,29.1
Rajshahi,2005,7,11,30.9,31.6,31,29.2
Rajshahi,2005,7,12,31.4,31.3,30.8,28.7
Rajshahi,2005,7,13,28.5,30,30.3,28.6
Rajshahi,2005,7,14,28.2,29.55,29.6,26.4
Rajshahi,2005,7,15,28.7,29.4,28.9,26.4
Rajshahi,2005,7,16,29.3,29.6,29.4,27.5
Rajshahi,2005,7,17,30.05,30,29.3,28.5
Rajshahi,2005,7,18,30.9,30.5,29.8,29.2
Rajshahi,2005,7,19,30.9,30.5,30,28.5
Rajshahi,2005,7,20,30.7,30.7,30.2,28.2
Rajshahi,2005,7,21,31.7,31.5,30.2,28.4
Rajshahi,2005,7,22,31.5,31.4,30.5,29.3
Rajshahi,2005,7,23,31.5,31.3,30.6,29.5
Rajshahi,2005,7,24,31.9,31.4,30.7,28.3
Rajshahi,2005,7,25,32.55,31.7,30.9,29.8
Rajshahi,2005,7,26,31,31.2,30.5,30.2
Rajshahi,2005,7,27,31.3,31.4,31,28.3
Rajshahi,2005,7,28,31.8,31.4,30.8,28.9
Rajshahi,2005,7,29,31.5,31.6,31,29.6
Rajshahi,2005,7,30,31.2,31.4,30.9,29.6
Rajshahi,2005,7,31,32,31.4,30.9,29.5
Rajshahi,2005,8,1,32.7,31.8,31,30.1
Rajshahi,2005,8,2,32.1,32.3,31.1,31
Rajshahi,2005,8,3,31.3,31.7,31,29.3
Rajshahi,2005,8,4,30.7,31.3,31,28.9
Rajshahi,2005,8,5,30.8,31.3,30.7,28.3
Rajshahi,2005,8,6,31.05,31.2,30.7,28.6
Rajshahi,2005,8,7,31,31.25,30.7,28.9
Rajshahi,2005,8,8,30.9,30.7,30.7,28.4
Rajshahi,2005,8,9,30.8,31.2,30.7,29.3
Rajshahi,2005,8,10,29.8,30.2,30.4,28.3
Rajshahi,2005,8,11,30.4,30.5,30.2,27.7
Rajshahi,2005,8,12,30.7,30.8,30.2,29.2
Rajshahi,2005,8,13,32.1,31.2,30.4,29.3
Rajshahi,2005,8,14,32.6,31.7,30.7,30.7
Rajshahi,2005,8,15,32.3,31.8,31,29.7
Rajshahi,2005,8,16,32.05,31.8,31,28.9
Rajshahi,2005,8,17,33.2,32.1,31.4,29.4
Rajshahi,2005,8,18,32.1,32,31.4,30.5
Rajshahi,2005,8,19,32.3,32,31.3,29.1
Rajshahi,2005,8,20,31.5,31.8,31.2,29.1
Rajshahi,2005,8,21,31.6,31.65,31.1,28.2
Rajshahi,2005,8,22,27.5,31.3,30.9,28.9
Rajshahi,2005,8,23,31.6,31.1,30.8,28
Rajshahi,2005,8,24,30.3,31.15,30.8,29.2
Rajshahi,2005,8,25,31.65,31.1,30.6,27.6
Rajshahi,2005,8,26,32.4,31.7,30.9,29.1
Rajshahi,2005,8,27,32.1,32.1,31.1,29.4
Rajshahi,2005,8,28,32.2,32,31.2,29.5
Rajshahi,2005,8,29,33,32.3,31.4,29.9
Rajshahi,2005,8,30,32.5,32.4,31.6,30.6
Rajshahi,2005,8,31,32.8,32.5,31.6,30.3
Rajshahi,2005,9,1,33.3,32.6,31.8,30.4
Rajshahi,2005,9,2,33.35,32.8,32,30.6
Rajshahi,2005,9,3,31.9,32.7,31.4,31.1
Rajshahi,2005,9,4,32.7,32.3,31.6,28.5
Rajshahi,2005,9,5,32.5,32.5,31.8,29.9
Rajshahi,2005,9,6,31.2,32.2,31.7,29
Rajshahi,2005,9,7,29.95,31.6,31.35,28.6
Rajshahi,2005,9,8,31.4,31.4,31,27
Rajshahi,2005,9,9,31.5,31.5,31,29.7
Rajshahi,2005,9,10,31.7,31.7,31.1,29.3
Rajshahi,2005,9,11,30.7,31.5,31,28.8
Rajshahi,2005,9,12,30.9,31.2,30.7,28.4
Rajshahi,2005,9,13,29.1,30.7,30.6,29.4
Rajshahi,2005,9,14,29.5,30.4,30.35,27.2
Rajshahi,2005,9,15,31.3,30.8,30.3,28.3
Rajshahi,2005,9,16,32,31.4,30.6,30.5
Rajshahi,2005,9,17,31.3,31.7,31.1,29.7
Rajshahi,2005,9,18,31.7,31.6,31,29.6
Rajshahi,2005,9,19,31.9,31.8,31.1,29.8
Rajshahi,2005,9,20,32.05,32.1,31.25,30.5
Rajshahi,2005,9,21,30.2,31.7,31.2,28.7
Rajshahi,2005,9,22,30.1,31,30.9,26.7
Rajshahi,2005,9,23,31,31.4,30.7,27.6
Rajshahi,2005,9,24,30.6,31,30.5,28.4
Rajshahi,2005,9,25,30.9,31.1,30.7,27.8
Rajshahi,2005,9,26,31.9,31.8,30.8,28.8
Rajshahi,2005,9,27,31.4,31.4,30.7,29.3
Rajshahi,2005,9,28,31.3,31.5,30.8,29.6
Rajshahi,2005,9,29,31.2,31.3,30.9,29.7
Rajshahi,2005,9,30,30.95,31.4,31,28.9
Rajshahi,2005,10,1,30.25,31.1,30.7,27.6
Rajshahi,2005,10,2,29,30.05,30.4,27.5
Rajshahi,2005,10,3,27.6,29.7,30.1,26.7
Rajshahi,2005,10,4,28.4,29,28.8,25.6
Rajshahi,2005,10,5,26.85,28.1,28,26.1
Rajshahi,2005,10,6,27.6,28.5,28.3,24.3
Rajshahi,2005,10,7,28.8,29.1,28.9,25.3
Rajshahi,2005,10,8,29.7,29.35,29,27.2
Rajshahi,2005,10,9,29.45,29.8,29.1,28
Rajshahi,2005,10,10,29.9,29.7,29.3,28.3
Rajshahi,2005,10,11,30.5,30.3,29.7,28.3
Rajshahi,2005,10,12,30.7,30.4,29.8,28.3
Rajshahi,2005,10,13,30.4,30.3,29.8,28.1
Rajshahi,2005,10,14,30.65,30.3,29.8,27.6
Rajshahi,2005,10,15,30.2,30.5,30,28.6
Rajshahi,2005,10,16,30.1,30.4,30,28
Rajshahi,2005,10,17,29.6,30.25,30,28.1
Rajshahi,2005,10,18,28.8,29.95,29.8,27
Rajshahi,2005,10,19,27,28.9,29.1,24.9
Rajshahi,2005,10,20,25.9,28,28.5,23.8
Rajshahi,2005,10,21,25.6,27.35,27.7,22.9
Rajshahi,2005,10,22,26.1,27.1,27.4,24
Rajshahi,2005,10,23,26.1,26.8,27.1,24.1
Rajshahi,2005,10,24,25.8,26.8,26.9,22.6
Rajshahi,2005,10,25,26.9,27,27,23.6
Rajshahi,2005,10,26,27,27.3,27.2,25.1
Rajshahi,2005,10,27,27.1,27.5,27.2,25.2
Rajshahi,2005,10,28,27.6,27.8,27.4,26.2
Rajshahi,2005,10,29,27.95,28,27.5,25.9
Rajshahi,2005,10,30,27.75,28,27.8,25.6
Rajshahi,2005,10,31,26.75,27.9,27.6,25.6
Rajshahi,2005,11,1,26.1,27.7,27.4,24.6
Rajshahi,2005,11,2,26.2,27.2,27.2,23.7
Rajshahi,2005,11,3,25.8,26.9,26.9,23.7
Rajshahi,2005,11,4,25.2,26.7,26.9,23.9
Rajshahi,2005,11,5,25,26.4,26.7,23.2
Rajshahi,2005,11,6,24.6,26.05,26.4,23.1
Rajshahi,2005,11,7,24.5,25.9,26.15,23
Rajshahi,2005,11,8,25.1,26.1,26.25,23.9
Rajshahi,2005,11,9,24.65,25.9,26.05,23.2
Rajshahi,2005,11,10,25.2,25.7,26,24.9
Rajshahi,2005,11,11,24.4,25.9,26,24.2
Rajshahi,2005,11,12,23.1,24.5,24.2,22.6
Rajshahi,2005,11,13,23.1,25,25.4,21.4
Rajshahi,2005,11,14,23.3,25,25.1,21.3
Rajshahi,2005,11,15,23.6,24.9,25.1,21.6
Rajshahi,2005,11,16,23.45,24.7,25,21.6
Rajshahi,2005,11,17,23.3,24.9,25,21.8
Rajshahi,2005,11,18,22.7,24.5,24.2,21
Rajshahi,2005,11,19,21.6,23.9,24.4,19.6
Rajshahi,2005,11,20,22.1,24,24.1,19.9
Rajshahi,2005,11,21,22.4,23.8,24.15,19.8
Rajshahi,2005,11,22,22.3,23.9,24.15,21.3
Rajshahi,2005,11,23,22,23.8,24.1,20.7
Rajshahi,2005,11,24,21.7,23.4,23.9,20.1
Rajshahi,2005,11,25,22.1,23.5,23.7,21
Rajshahi,2005,11,26,21.6,23.1,23.6,18.8
Rajshahi,2005,11,27,21.4,23.2,23.5,19.7
Rajshahi,2005,11,28,21,22.8,23.3,19
Rajshahi,2005,11,29,19.9,22.3,23,19.1
Rajshahi,2005,11,30,20.2,22.35,25.9,18.5
Rajshahi,2005,12,1,20,22,22.4,18.6
Rajshahi,2005,12,2,20.3,22.1,22.6,18.8
Rajshahi,2005,12,3,20.3,22.1,22.3,19.7
Rajshahi,2005,12,4,20.6,22.2,22.4,20
Rajshahi,2005,12,5,18.6,21.4,22.1,18
Rajshahi,2005,12,6,18.4,21.6,21.8,16.3
Rajshahi,2005,12,7,19,20.9,21.3,18.6
Rajshahi,2005,12,8,19.6,21.1,21.5,19.7
Rajshahi,2005,12,9,19.4,21.1,21.6,19.7
Rajshahi,2005,12,10,19.1,20.9,21.5,19.3
Rajshahi,2005,12,11,18.6,20.8,21.2,19.5
Rajshahi,2005,12,12,18.5,20.3,21.1,19.5
Rajshahi,2005,12,13,18.1,20.1,20.5,19.4
Rajshahi,2005,12,14,17.5,19.9,20.6,18.4
Rajshahi,2005,12,15,18,19.9,20.6,18.4
Rajshahi,2005,12,16,18.9,20.1,20.75,18.9
Rajshahi,2005,12,17,19.5,20.35,20.9,19.9
Rajshahi,2005,12,18,19.2,20.7,20.7,20
Rajshahi,2005,12,19,18.7,19.7,20.7,19.3
Rajshahi,2005,12,20,19.2,20.3,20.75,18.6
Rajshahi,2005,12,21,18.4,20.1,20.4,18.7
Rajshahi,2005,12,22,19.4,20.4,20.5,19.6
Rajshahi,2005,12,23,20,20.7,20.7,19.2
Rajshahi,2005,12,24,19.4,20.4,20.7,19.7
Rajshahi,2005,12,25,18.8,20.4,20.7,19.4
Rajshahi,2005,12,26,18,20,20.5,18.2
Rajshahi,2005,12,27,17.6,19.5,20.3,17.3
Rajshahi,2005,12,28,17.5,19.3,20,16.5
Rajshahi,2005,12,29,17.3,19.2,20,16.6
Rajshahi,2005,12,30,17.4,19.2,19.9,16.2
Rajshahi,2005,12,31,17,18.9,19.45,16.5
Rajshahi,2006,1,1,17,18.3,19.6,16.6
Rajshahi,2006,1,2,17.7,19.1,19.7,17.9
Rajshahi,2006,1,3,16.7,18,18.65,17.5
Rajshahi,2006,1,4,17.5,19,19.55,16.9
Rajshahi,2006,1,5,17.2,19,19.35,17.5
Rajshahi,2006,1,6,17.3,19,19.6,17.3
Rajshahi,2006,1,7,17,19.1,19.65,16.4
Rajshahi,2006,1,8,17.3,18.6,19,14.4
Rajshahi,2006,1,9,16,18.3,19,15.1
Rajshahi,2006,1,10,15.9,17.1,17.4,12.9
Rajshahi,2006,1,11,15.4,17.7,18.5,13.2
Rajshahi,2006,1,12,16.1,17.6,18.4,14.3
Rajshahi,2006,1,13,16,17.5,18.3,14.5
Rajshahi,2006,1,14,17.1,17.8,18.4,15.9
Rajshahi,2006,1,15,17.6,18.3,18.5,15.5
Rajshahi,2006,1,16,17.7,18.4,18.7,15.6
Rajshahi,2006,1,17,17.7,18.5,18.8,15.9
Rajshahi,2006,1,18,18.25,18.8,19,17.4
Rajshahi,2006,1,19,18.6,19.2,19.2,19.2
Rajshahi,2006,1,20,18.65,19.45,19.3,19.4
Rajshahi,2006,1,21,17.6,19,19.3,18.1
Rajshahi,2006,1,22,17.8,18.5,19.3,18.5
Rajshahi,2006,1,23,16.5,17.1,17.8,16.9
Rajshahi,2006,1,24,17.1,18.4,19.2,15.8
Rajshahi,2006,1,25,16.7,18.2,19.2,16.8
Rajshahi,2006,1,26,17,17.5,18.25,16
Rajshahi,2006,1,27,17.6,18.5,18.8,17.3
Rajshahi,2006,1,28,17.75,18.4,18.6,18.6
Rajshahi,2006,1,29,17.7,18.8,18.8,18.2
Rajshahi,2006,1,30,18.1,18.8,19,17.6
Rajshahi,2006,1,31,18.7,19.35,19.6,18.1
Rajshahi,2006,2,1,19.5,19.6,19.4,19.4
Rajshahi,2006,2,2,19.7,19.95,19.75,19.8
Rajshahi,2006,2,3,20.3,20.15,19.9,20.6
Rajshahi,2006,2,4,20.15,20.2,20,20.6
Rajshahi,2006,2,5,19.7,20.3,20.3,20.1
Rajshahi,2006,2,6,20.5,20.45,20.3,20
Rajshahi,2006,2,7,20.4,20.5,20.4,19.9
Rajshahi,2006,2,8,20.6,20.5,20.3,20.6
Rajshahi,2006,2,9,21,21.15,20.7,21.1
Rajshahi,2006,2,10,21.1,21.2,21.1,21.4
Rajshahi,2006,2,11,21.3,20.8,20.4,21.7
Rajshahi,2006,2,12,21.6,21,20.5,21
Rajshahi,2006,2,13,21.95,21.8,21.3,21.9
Rajshahi,2006,2,14,21.9,22,21.4,22.4
Rajshahi,2006,2,15,22.25,22.05,21.5,22.2
Rajshahi,2006,2,16,22.8,22.2,21.7,23.3
Rajshahi,2006,2,17,23.6,23,22.2,24.6
Rajshahi,2006,2,18,23.3,23.1,22.6,23.9
Rajshahi,2006,2,19,24.7,23.6,22.9,24.5
Rajshahi,2006,2,20,24.8,24,23,24.8
Rajshahi,2006,2,21,25,24.2,23.1,24
Rajshahi,2006,2,22,25.7,24.9,24,25.1
Rajshahi,2006,2,23,25.9,24.8,24.1,25.4
Rajshahi,2006,2,24,25.6,25,24,26.1
Rajshahi,2006,2,25,26,25.2,24.7,24.9
Rajshahi,2006,2,26,24.7,24.6,23.9,25.2
Rajshahi,2006,2,27,24.8,24.5,27.15,24.8
Rajshahi,2006,2,28,25,24.6,24,27.2
Rajshahi,2006,3,1,25.2,24.8,24.4,26.4
Rajshahi,2006,3,2,24.6,24.4,24,24.3
Rajshahi,2006,3,3,25.15,24.4,23.8,23.4
Rajshahi,2006,3,4,24.8,24.3,23.9,23.2
Rajshahi,2006,3,5,25.1,24.5,24,24.2
Rajshahi,2006,3,6,25.6,24.7,24,24.4
Rajshahi,2006,3,7,26.5,25.3,24.35,25.2
Rajshahi,2006,3,8,26.8,25.9,24.7,26.9
Rajshahi,2006,3,9,27.2,26.25,25.2,27.5
Rajshahi,2006,3,10,24.6,22.7,25.1,26.6
Rajshahi,2006,3,11,24.6,23.9,23.6,26.3
Rajshahi,2006,3,12,24.6,23.9,23.6,20.5
Rajshahi,2006,3,13,25.5,25.2,24.5,22.8
Rajshahi,2006,3,14,26.35,25.55,24.7,24.2
Rajshahi,2006,3,15,27.1,26,25.1,25.6
Rajshahi,2006,3,16,25.8,25.8,25.2,25.1
Rajshahi,2006,3,17,26.5,25.85,25.2,23.9
Rajshahi,2006,3,18,26,25,24.7,24.4
Rajshahi,2006,3,19,25.5,24.4,24.1,23.2
Rajshahi,2006,3,20,26,25.5,25.1,22.7
Rajshahi,2006,3,21,26.3,25.8,25.2,23.4
Rajshahi,2006,3,22,28,26.5,25.9,25.7
Rajshahi,2006,3,23,27.7,26.9,25.8,27.2
Rajshahi,2006,3,24,27.3,27,25.9,25.6
Rajshahi,2006,3,25,28.15,27,26,25.9
Rajshahi,2006,3,26,29.2,27.5,26.3,28
Rajshahi,2006,3,27,30,28.2,27.2,29.2
Rajshahi,2006,3,28,27.9,28,26.95,28.6
Rajshahi,2006,3,29,28.7,27.5,26.7,26.3
Rajshahi,2006,3,30,29,28.1,27.2,27.3
Rajshahi,2006,3,31,29.3,28.1,27,27.6
Rajshahi,2006,4,1,29.5,28.4,27.2,27.2
Rajshahi,2006,4,2,31.3,29.5,28.4,30.1
Rajshahi,2006,4,3,31.4,29.7,28.5,29.9
Rajshahi,2006,4,4,31.7,29.9,28.3,29.7
Rajshahi,2006,4,5,31.5,30,29.1,27.9
Rajshahi,2006,4,6,31.1,29.9,28.7,28.7
Rajshahi,2006,4,7,31,30.1,28.7,27.4
Rajshahi,2006,4,8,31.3,30,29,27.8
Rajshahi,2006,4,9,30.1,29.55,28.7,27.3
Rajshahi,2006,4,10,30.7,29.7,28.85,28.3
Rajshahi,2006,4,11,32.6,30.2,29,29.1
Rajshahi,2006,4,12,34.7,31.7,29.5,31.5
Rajshahi,2006,4,13,33.6,32,30.1,32
Rajshahi,2006,4,14,31.8,31.6,29.5,30.4
Rajshahi,2006,4,15,33.9,32.1,30.45,30.8
Rajshahi,2006,4,16,32.9,31.9,30.7,31.2
Rajshahi,2006,4,17,31.5,31.3,30.2,29.4
Rajshahi,2006,4,18,29.6,30.2,29.8,29.4
Rajshahi,2006,4,19,27.5,29.1,29.1,24.7
Rajshahi,2006,4,20,29,28.9,28.9,24.2
Rajshahi,2006,4,21,30.2,29.5,28.85,25.7
Rajshahi,2006,4,22,31,30.4,29.1,27.9
Rajshahi,2006,4,23,30.25,30.15,28.9,27.3
Rajshahi,2006,4,24,30.65,30.2,29.25,27
Rajshahi,2006,4,25,31.5,30.5,29.15,26.6
Rajshahi,2006,4,26,33.5,31.5,29.95,28.1
Rajshahi,2006,4,27,31.95,31.65,30.4,30.2
Rajshahi,2006,4,28,32.65,31.3,30.1,27
Rajshahi,2006,4,29,33.5,32.3,30.8,29.7
Rajshahi,2006,4,30,35.1,34.1,31.1,30
Rajshahi,2006,5,1,34.9,33.2,31.3,31
Rajshahi,2006,5,2,35.6,33.7,31.8,32.6
Rajshahi,2006,5,3,31.75,32.3,31.4,30.1
Rajshahi,2006,5,4,33.2,32.3,31.2,30.1
Rajshahi,2006,5,5,32.5,32.1,31,29.7
Rajshahi,2006,5,6,31.2,31.5,30.8,29
Rajshahi,2006,5,7,29,30.75,30.4,28.8
Rajshahi,2006,5,8,30.6,30.6,30.1,25.7
Rajshahi,2006,5,9,31.9,31.2,30.3,28.5
Rajshahi,2006,5,10,31.65,31.3,30.45,29.5
Rajshahi,2006,5,11,30,30.6,30.1,27.4
Rajshahi,2006,5,12,30.1,30.8,30.25,28.3
Rajshahi,2006,5,13,28.3,29.4,29.5,25.4
Rajshahi,2006,5,14,30.2,29.9,29.3,26.3
Rajshahi,2006,5,15,31.6,30.6,29.8,28.1
Rajshahi,2006,5,16,32,31.3,30.1,28.2
Rajshahi,2006,5,17,33.4,32.2,30.8,30.1
Rajshahi,2006,5,18,33.4,32.5,31.5,30.9
Rajshahi,2006,5,19,32.5,32.8,31.3,31.7
Rajshahi,2006,5,20,33.2,32.5,31.3,28
Rajshahi,2006,5,21,33,32.7,31.4,29.5
Rajshahi,2006,5,22,33.55,32.6,31.6,29.4
Rajshahi,2006,5,23,32.8,32.4,31.4,30
Rajshahi,2006,5,24,34.3,32.5,31.6,29.3
Rajshahi,2006,5,25,34.3,32.5,31.6,30
Rajshahi,2006,5,26,31.4,32.7,32.1,31.8
Rajshahi,2006,5,27,33.45,33.05,32,29.4
Rajshahi,2006,5,28,30.7,32.3,31.7,27.7
Rajshahi,2006,5,29,30.2,31.5,31,27.1
Rajshahi,2006,5,30,34.4,32,31,28.3
Rajshahi,2006,5,31,32.4,31.9,31.1,30.1
Rajshahi,2006,6,1,29.8,31.3,31.1,29.7
Rajshahi,2006,6,2,30.5,30.5,30.3,26.1
Rajshahi,2006,6,3,29.8,30.2,30.1,27.8
Rajshahi,2006,6,4,31.9,30.8,30.05,27.1
Rajshahi,2006,6,5,31.4,31.55,30.65,30.2
Rajshahi,2006,6,6,30.35,30.6,30.7,28.3
Rajshahi,2006,6,7,30.4,30.9,30.5,28.1
Rajshahi,2006,6,8,31.05,30.1,30.2,27.7
Rajshahi,2006,6,9,30.5,30.9,30.6,28.7
Rajshahi,2006,6,10,30.6,30.7,30.3,27.9
Rajshahi,2006,6,11,32.65,31.3,30.45,28.8
Rajshahi,2006,6,12,33.5,32.1,30.9,31.9
Rajshahi,2006,6,13,34.1,32.8,31.5,32.8
Rajshahi,2006,6,14,33.5,33.4,31.7,32.2
Rajshahi,2006,6,15,32,31.9,31.4,28.3
Rajshahi,2006,6,16,32.5,32.1,31.3,29.3
Rajshahi,2006,6,17,33.1,32.3,31.4,29.5
Rajshahi,2006,6,18,33.75,33,32,31
Rajshahi,2006,6,19,33.7,33.3,32.2,30.3
Rajshahi,2006,6,20,33.5,33.4,32.2,31.6
Rajshahi,2006,6,21,32.4,32.4,31.95,30.6
Rajshahi,2006,6,22,32.65,32.35,31.9,28.5
Rajshahi,2006,6,23,32.4,32.6,31.9,29.1
Rajshahi,2006,6,24,33,32.7,31.9,28.7
Rajshahi,2006,6,25,32.1,32.8,31.8,29.4
Rajshahi,2006,6,26,32.8,32.6,31.9,28.6
Rajshahi,2006,6,27,33.1,32.8,31.9,30.9
Rajshahi,2006,6,28,32.6,32.6,32,29.7
Rajshahi,2006,6,29,32.95,32.5,32,29.4
Rajshahi,2006,6,30,33.4,32.8,32,30.4
Rajshahi,2006,7,1,33.3,33,32.1,31.1
Rajshahi,2006,7,2,32.4,33.1,32.1,30.8
Rajshahi,2006,7,3,32,32.3,31.6,30.5
Rajshahi,2006,7,4,32.2,32.2,31.7,29.4
Rajshahi,2006,7,5,33.1,32.5,31.8,28.9
Rajshahi,2006,7,6,31.8,31.8,31,31.3
Rajshahi,2006,7,7,31.2,32.1,31.75,29.1
Rajshahi,2006,7,8,31.3,31.2,30.8,28.3
Rajshahi,2006,7,9,31.6,31.7,31.3,28.1
Rajshahi,2006,7,10,31,31.6,31.2,28.9
Rajshahi,2006,7,11,30.3,31.2,30.9,27.1
Rajshahi,2006,7,12,31,31,30.7,27.6
Rajshahi,2006,7,13,32.75,31.3,30.5,28.6
Rajshahi,2006,7,14,33.1,32.3,31.2,30.1
Rajshahi,2006,7,15,32.8,32.4,31.55,30.6
Rajshahi,2006,7,16,32.6,32.2,31.8,29.6
Rajshahi,2006,7,17,33.1,32.2,31.6,29.6
Rajshahi,2006,7,18,33.4,32.7,31.9,30.1
Rajshahi,2006,7,19,32.8,32.5,31.8,30.4
Rajshahi,2006,7,20,32.65,32.4,31.8,28.7
Rajshahi,2006,7,21,32.2,32.2,31.6,28.1
Rajshahi,2006,7,22,31.7,32,31.4,28.2
Rajshahi,2006,7,23,32.2,32.2,31.6,28.5
Rajshahi,2006,7,24,32.4,32,31.7,29.3
Rajshahi,2006,7,25,33.3,32.5,31.9,29.8
Rajshahi,2006,7,26,32.2,32.5,31.9,30.7
Rajshahi,2006,7,27,32.05,32.3,31.8,29.3
Rajshahi,2006,7,28,32,32,31.4,28
Rajshahi,2006,7,29,32,32.3,31.8,29
Rajshahi,2006,7,30,31.5,31.7,31.3,28.5
Rajshahi,2006,7,31,32,31.5,31.6,28.3
Rajshahi,2006,8,1,33,32.3,31.6,30.6
Rajshahi,2006,8,2,32.4,32.4,31.8,30.8
Rajshahi,2006,8,3,31.5,32,31.6,29.4
Rajshahi,2006,8,4,30.9,31.6,31.3,28.4
Rajshahi,2006,8,5,31.3,31.5,31.2,28.6
Rajshahi,2006,8,6,30.8,31.7,31.3,27.8
Rajshahi,2006,8,7,31.6,31.6,31.15,28.1
Rajshahi,2006,8,8,30.45,31.6,31,28.5
Rajshahi,2006,8,9,31.95,31.4,31,27.7
Rajshahi,2006,8,10,30.6,31.2,30.9,31.1
Rajshahi,2006,8,11,32.5,31.5,31,27.9
Rajshahi,2006,8,12,32,32,31.3,30.3
Rajshahi,2006,8,13,31.75,31.8,31.4,29.8
Rajshahi,2006,8,14,32,32,31.3,29.7
Rajshahi,2006,8,15,32.3,32.1,31.4,29.9
Rajshahi,2006,8,16,31.8,31.8,31.2,30
Rajshahi,2006,8,17,31,31.7,31.3,29.9
Rajshahi,2006,8,18,31.1,31.4,31,28.2
Rajshahi,2006,8,19,31.1,31.4,31,28.8
Rajshahi,2006,8,20,32.4,31.2,30.5,28.4
Rajshahi,2006,8,21,32,32.2,31.5,30.3
Rajshahi,2006,8,22,30.7,31.5,31.3,29.1
Rajshahi,2006,8,23,27,30.9,30.5,27.7
Rajshahi,2006,8,24,30.4,30.7,30.4,27.6
Rajshahi,2006,8,25,31.4,31.15,30.6,28.1
Rajshahi,2006,8,26,31.8,31.45,30.9,29.3
Rajshahi,2006,8,27,31.7,25.75,31,29.1
Rajshahi,2006,8,28,30.5,31.4,31,29
Rajshahi,2006,8,29,30.5,31.2,30.9,27.9
Rajshahi,2006,8,30,30.1,30.8,30.7,27.8
Rajshahi,2006,8,31,30.2,30.8,30.4,27.2
Rajshahi,2006,9,1,31.3,31.1,30.7,28.3
Rajshahi,2006,9,2,31.9,31.4,30.8,29.5
Rajshahi,2006,9,3,31.5,31.2,31,29.2
Rajshahi,2006,9,4,31.1,31.3,30.8,28.5
Rajshahi,2006,9,5,31.3,31.5,30.7,28
Rajshahi,2006,9,6,31.65,31.5,30.9,28.6
Rajshahi,2006,9,7,31.9,31.65,31.1,29.5
Rajshahi,2006,9,8,31.4,31.9,31.2,29.9
Rajshahi,2006,9,9,31.5,31.6,31,29
Rajshahi,2006,9,10,31.95,31.6,31.15,28.7
Rajshahi,2006,9,11,31.9,31.9,31.2,29
Rajshahi,2006,9,12,31.7,31.8,31.4,28.3
Rajshahi,2006,9,13,30.75,31.7,31.3,28.3
Rajshahi,2006,9,14,31.2,31.4,31,27.8
Rajshahi,2006,9,15,31.8,31.4,31,28.6
Rajshahi,2006,9,16,31.7,31.7,31,29.3
Rajshahi,2006,9,17,31.2,31.5,31,28.8
Rajshahi,2006,9,18,32.1,31.5,31.1,28.4
Rajshahi,2006,9,19,32.4,31.9,31.2,30.1
Rajshahi,2006,9,20,30.25,31.5,31.1,29.6
Rajshahi,2006,9,21,27.6,29.8,30.2,26.2
Rajshahi,2006,9,22,27.3,28.8,28.9,24.8
Rajshahi,2006,9,23,28.3,28.6,29,25.1
Rajshahi,2006,9,24,28.1,29.1,29,26.5
Rajshahi,2006,9,25,28.5,29.1,29,26.2
Rajshahi,2006,9,26,29.6,29.6,29.2,27.4
Rajshahi,2006,9,27,30.3,30,29.5,28.5
Rajshahi,2006,9,28,31.3,30.6,29.9,28.8
Rajshahi,2006,9,29,30.25,30.55,30,29.3
Rajshahi,2006,9,30,30.8,30.45,30.1,27.8
Rajshahi,2006,10,1,31.1,30.7,30.15,28.8
Rajshahi,2006,10,2,31.15,31,30.4,28.6
Rajshahi,2006,10,3,31.2,31,30.5,29.4
Rajshahi,2006,10,4,31.5,31,30.6,29.4
Rajshahi,2006,10,5,31.2,31.25,30.6,30.4
Rajshahi,2006,10,6,30.6,30.8,30.6,29.1
Rajshahi,2006,10,7,30.7,30.7,30.4,27.9
Rajshahi,2006,10,8,30.5,30.6,30.2,28.6
Rajshahi,2006,10,9,30.75,31.1,30.8,28.5
Rajshahi,2006,10,10,30.85,30.8,30.4,28.5
Rajshahi,2006,10,11,30.4,30.6,30.3,28.7
Rajshahi,2006,10,12,30.9,30.8,30.4,29.3
Rajshahi,2006,10,13,30.1,30.85,30.4,28.8
Rajshahi,2006,10,14,30,30.4,30.2,27.4
Rajshahi,2006,10,15,30.35,30.5,30.35,27.7
Rajshahi,2006,10,16,29.9,30.4,30,28.3
Rajshahi,2006,10,17,29.85,30.2,29.95,28.7
Rajshahi,2006,10,18,29.7,30.2,30,27.5
Rajshahi,2006,10,19,29,29.4,29.2,26
Rajshahi,2006,10,20,27.1,28.9,28.5,25.9
Rajshahi,2006,10,21,27.5,28.4,28.5,24.7
Rajshahi,2006,10,22,27.2,28.4,28.3,24.8
Rajshahi,2006,10,23,27.2,28.3,28.4,24.8
Rajshahi,2006,10,24,27.4,27.85,28.4,25.3
Rajshahi,2006,10,25,27.2,27.7,28.25,25.6
Rajshahi,2006,10,26,27.3,28.1,28.3,25.8
Rajshahi,2006,10,27,27.1,28,28.2,25.5
Rajshahi,2006,10,28,27,27.85,28.2,25.5
Rajshahi,2006,10,29,26.7,27.8,28,25.1
Rajshahi,2006,10,30,26.5,27.8,28,25.3
Rajshahi,2006,10,31,26.9,28.1,28.3,25.6
Rajshahi,2006,11,1,27.2,27.7,27.8,25.3
Rajshahi,2006,11,2,26.85,27.7,27.9,25.5
Rajshahi,2006,11,3,26.6,27.65,27.7,24.9
Rajshahi,2006,11,4,26.45,27.9,27.8,24.7
Rajshahi,2006,11,5,26.5,27.35,27.5,25.2
Rajshahi,2006,11,6,26.4,27.4,27.3,24.6
Rajshahi,2006,11,7,26.4,27.2,27.3,24.7
Rajshahi,2006,11,8,26.3,27.3,27.3,24.2
Rajshahi,2006,11,9,25.6,26.7,27,23.9
Rajshahi,2006,11,10,25.9,27.3,27,24.3
Rajshahi,2006,11,11,25.3,26.1,26.2,23.5
Rajshahi,2006,11,12,24.4,25.5,26,21.8
Rajshahi,2006,11,13,24.3,25.6,26.2,21.1
Rajshahi,2006,11,14,24.75,25.9,26.1,23.4
Rajshahi,2006,11,15,24.7,25.8,26.1,23.5
Rajshahi,2006,11,16,24.4,25.65,25.8,23.5
Rajshahi,2006,11,17,23.8,25.35,25.8,23.1
Rajshahi,2006,11,18,23.4,25.05,25.5,22
Rajshahi,2006,11,19,23.2,24.9,25.3,21.6
Rajshahi,2006,11,20,23,24.6,25,21.8
Rajshahi,2006,11,21,22.5,24.3,24.9,22
Rajshahi,2006,11,22,23,23.7,24.1,21.6
Rajshahi,2006,11,23,22.35,24.2,24.45,20.8
Rajshahi,2006,11,24,22.7,23.6,23.95,21.2
Rajshahi,2006,11,25,22.8,24.2,24.4,22.8
Rajshahi,2006,11,26,22.1,23.9,24.4,21.3
Rajshahi,2006,11,27,22,23.4,24.15,20.7
Rajshahi,2006,11,28,20.5,22.6,22.8,18.1
Rajshahi,2006,11,29,20.8,23.6,24.3,16.8
Rajshahi,2006,11,30,20.45,23,23.8,18.1
Rajshahi,2006,12,1,19.8,22.05,22.55,17.4
Rajshahi,2006,12,2,19.75,22.4,23.2,17
Rajshahi,2006,12,3,19.9,21.95,23.1,16.3
Rajshahi,2006,12,4,19.8,22.2,23,17.2
Rajshahi,2006,12,5,20.4,22.1,22.5,18.6
Rajshahi,2006,12,6,20.7,22.1,21.9,18.6
Rajshahi,2006,12,7,20.7,22.2,22.5,19.3
Rajshahi,2006,12,8,20.6,21.6,21.55,19.2
Rajshahi,2006,12,9,21,22.55,22.9,19.5
Rajshahi,2006,12,10,21.1,21.45,21.9,19.7
Rajshahi,2006,12,11,21.2,22.3,22.5,19.9
Rajshahi,2006,12,12,21.55,22.8,22.9,20.6
Rajshahi,2006,12,13,20.4,22,22,19.4
Rajshahi,2006,12,14,20.4,22.15,22.05,17
Rajshahi,2006,12,15,19.6,21.2,21.9,16.6
Rajshahi,2006,12,16,19.5,21.2,21.8,17.8
Rajshahi,2006,12,17,20.2,21.6,22,18.6
Rajshahi,2006,12,18,20.1,21.4,21.6,20.4
Rajshahi,2006,12,19,20.8,22,22.1,20.2
Rajshahi,2006,12,20,21.3,22.4,22.6,19.6
Rajshahi,2006,12,21,21.4,21.7,22.3,20.1
Rajshahi,2006,12,22,21.45,22,22.15,19.8
Rajshahi,2006,12,23,21.3,21.7,21.95,20
Rajshahi,2006,12,24,20.4,22.05,22.2,19.5
Rajshahi,2006,12,25,19.5,21,20.2,17.9
Rajshahi,2006,12,26,19.55,21.65,21.25,16.5
Rajshahi,2006,12,27,19.2,21,20.8,16.7
Rajshahi,2006,12,28,18.75,20.4,21.05,16.6
Rajshahi,2006,12,29,18.9,20.7,21.1,17.5
Rajshahi,2006,12,30,19.35,20.65,21,17.2
Rajshahi,2006,12,31,16.45,20.25,21,17
Rajshahi,2007,1,1,19.8,21.5,22.25,15.9
Rajshahi,2007,1,2,17.85,20.65,20.7,15.3
Rajshahi,2007,1,3,18,19.95,20.7,15.3
Rajshahi,2007,1,4,16.8,19.1,19.95,15
Rajshahi,2007,1,5,17.1,18.8,19.6,12.8
Rajshahi,2007,1,6,16.1,18.7,19.5,14.4
Rajshahi,2007,1,7,17.5,18.3,19.3,12.4
Rajshahi,2007,1,8,17.1,18.8,19.3,14.6
Rajshahi,2007,1,9,16.85,19.5,19.65,15.9
Rajshahi,2007,1,10,17.3,19.1,19.4,15.5
Rajshahi,2007,1,11,16.95,18.6,19.15,15.2
Rajshahi,2007,1,12,17.8,18.8,19.2,15.2
Rajshahi,2007,1,13,17,18.75,19.2,16.2
Rajshahi,2007,1,14,16.85,18.5,19,15.6
Rajshahi,2007,1,15,16.4,18,18.8,13.7
Rajshahi,2007,1,16,16.7,18.8,19.1,13.5
Rajshahi,2007,1,17,16.55,18.3,18.7,14.1
Rajshahi,2007,1,18,16.8,18.5,19.1,15
Rajshahi,2007,1,19,16.5,18.15,18.75,15.7
Rajshahi,2007,1,20,17.1,18.3,18.7,15.3
Rajshahi,2007,1,21,17.7,18.6,19,16.2
Rajshahi,2007,1,22,17.6,18.8,19,17.2
Rajshahi,2007,1,23,17.4,18.55,19,16.9
Rajshahi,2007,1,24,17.6,18.8,19,16.9
Rajshahi,2007,1,25,18.15,19,19.2,17.3
Rajshahi,2007,1,26,18.1,19.1,19.3,16.9
Rajshahi,2007,1,27,18.35,19.15,19.3,17.2
Rajshahi,2007,1,28,19.15,19.4,19.4,18.5
Rajshahi,2007,1,29,19.8,19.6,19.7,18.7
Rajshahi,2007,1,30,20.5,20.2,20.1,19.4
Rajshahi,2007,1,31,20.6,20.3,20.2,19.8
Rajshahi,2007,2,1,21.55,21.1,21,20.3
Rajshahi,2007,2,2,22.4,21.25,21.1,20.1
Rajshahi,2007,2,3,21.2,21.8,21.4,20.4
Rajshahi,2007,2,4,22.9,23,22,19.9
Rajshahi,2007,2,5,22.8,22.6,22.15,21.7
Rajshahi,2007,2,6,22.3,22.5,22.15,20.7
Rajshahi,2007,2,7,21.5,21.6,21.8,19.2
Rajshahi,2007,2,8,20.9,20.9,21.1,20
Rajshahi,2007,2,9,21.5,21.9,21.9,18.1
Rajshahi,2007,2,10,19,20.5,20.5,19.6
Rajshahi,2007,2,11,22.45,22.5,22.2,20.3
Rajshahi,2007,2,12,21.4,22.4,22.1,21.5
Rajshahi,2007,2,13,19.6,21.8,21.8,18.6
Rajshahi,2007,2,14,20.1,21.3,21.5,17.6
Rajshahi,2007,2,15,19.9,21.1,21.3,17.2
Rajshahi,2007,2,16,19.65,21.15,21.15,17.3
Rajshahi,2007,2,17,20.25,21.5,21.4,18.1
Rajshahi,2007,2,18,21.1,21.7,21.5,18.9
Rajshahi,2007,2,19,21,21.8,21.6,18.9
Rajshahi,2007,2,20,20.4,21.25,21.5,18.1
Rajshahi,2007,2,21,21.7,21.85,21.75,19.2
Rajshahi,2007,2,22,21.6,22,21.9,19.5
Rajshahi,2007,2,23,22.4,22.4,22.2,19.9
Rajshahi,2007,2,24,23.1,22.8,22.4,20.7
Rajshahi,2007,2,25,22.6,22.9,22.8,21.6
Rajshahi,2007,2,26,23.35,23.2,23.3,22.6
Rajshahi,2007,2,27,23.7,23.7,23.35,21.3
Rajshahi,2007,2,28,24.2,24.3,23.9,22
Rajshahi,2007,3,1,21.6,23.7,23.3,22.8
Rajshahi,2007,3,2,20.65,22.9,23.1,18.7
Rajshahi,2007,3,3,20.3,23.1,23.2,19
Rajshahi,2007,3,4,22.05,23,23.05,20.5
Rajshahi,2007,3,5,22.1,22.9,22.7,20.5
Rajshahi,2007,3,6,22.4,23.4,23,21.1
Rajshahi,2007,3,7,21.9,23.3,23.2,20.5
Rajshahi,2007,3,8,22.2,23.3,23.15,19.8
Rajshahi,2007,3,9,22.2,23.05,22.9,20.6
Rajshahi,2007,3,10,24.2,23.8,23.2,21.6
Rajshahi,2007,3,11,26,24.9,23.9,25
Rajshahi,2007,3,12,26.5,25.6,24.9,25.4
Rajshahi,2007,3,13,26,25.7,24.65,24.4
Rajshahi,2007,3,14,23.85,25.05,24.95,23.6
Rajshahi,2007,3,15,23.8,24.5,24.2,20.4
Rajshahi,2007,3,16,23.5,24.5,24.2,22.7
Rajshahi,2007,3,17,23.4,24.1,24.1,20.4
Rajshahi,2007,3,18,24,24.7,24.4,21.2
Rajshahi,2007,3,19,24.2,24.85,24.5,22.4
Rajshahi,2007,3,20,25.3,24.7,24.7,23.5
Rajshahi,2007,3,21,25.65,25.7,25.2,24.2
Rajshahi,2007,3,22,27.4,26.5,25.5,25.9
Rajshahi,2007,3,23,27.5,27,26.6,27.5
Rajshahi,2007,3,24,28.1,27.1,26.75,27.1
Rajshahi,2007,3,25,27.2,27,26.7,27
Rajshahi,2007,3,26,26.8,26.5,26.3,24.9
Rajshahi,2007,3,27,27,25.8,26.7,25
Rajshahi,2007,3,28,27.6,27.2,27.3,25.6
Rajshahi,2007,3,29,27.4,27,26.65,26.1
Rajshahi,2007,3,30,28.6,27.8,26.9,26.9
Rajshahi,2007,3,31,29.3,28.6,27.1,28.1
Rajshahi,2007,4,1,29.7,29.4,28.7,29.1
Rajshahi,2007,4,2,30.6,30.4,30.2,29.9
Rajshahi,2007,4,3,30.7,29.9,29.1,30.1
Rajshahi,2007,4,4,30.6,29.8,29.1,29.7
Rajshahi,2007,4,5,30.7,30.2,29,29.2
Rajshahi,2007,4,6,32.1,31.1,30,29.5
Rajshahi,2007,4,7,32.3,31.65,31.1,30.5
Rajshahi,2007,4,8,32.65,31.5,30.7,30.5
Rajshahi,2007,4,9,31.9,31.6,30.2,30.8
Rajshahi,2007,4,10,31.2,31,30.05,29.5
Rajshahi,2007,4,11,30.8,30.9,29.9,28
Rajshahi,2007,4,12,28.7,30.3,29.9,26.3
Rajshahi,2007,4,13,27.3,26.95,26,23.6
Rajshahi,2007,4,14,30.4,29.6,28.8,26.1
Rajshahi,2007,4,15,30.6,30.1,29,27.9
Rajshahi,2007,4,16,32.4,30.7,29.4,29.5
Rajshahi,2007,4,17,32.4,31.7,30,30.5
Rajshahi,2007,4,18,29.4,30.9,29.7,28.4
Rajshahi,2007,4,19,30.1,30.15,29.4,27
Rajshahi,2007,4,20,31.7,30.85,29.8,29.4
Rajshahi,2007,4,21,30.7,30.8,30,28.9
Rajshahi,2007,4,22,31.4,30.9,30,28.6
Rajshahi,2007,4,23,32.4,31.5,30.3,29.4
Rajshahi,2007,4,24,32.3,31.6,30.8,30.1
Rajshahi,2007,4,25,31.3,31.1,30.55,28.1
Rajshahi,2007,4,26,31,30.8,30.5,26.2
Rajshahi,2007,4,27,29.9,30.8,30.15,28.1
Rajshahi,2007,4,28,31.35,30.5,29.9,26.5
Rajshahi,2007,4,29,31.9,31.1,30.2,29
Rajshahi,2007,4,30,33.3,32.3,30.9,30
Rajshahi,2007,5,1,32.8,32.5,30.5,30.8
Rajshahi,2007,5,2,32.3,32.5,31.5,29.5
Rajshahi,2007,5,3,33.6,32.6,31.05,28.7
Rajshahi,2007,5,4,34.05,32.8,31,30.3
Rajshahi,2007,5,5,34.6,33.4,32.25,30.6
Rajshahi,2007,5,6,34.2,33.4,32.6,31.9
Rajshahi,2007,5,7,29.65,32.9,32,30.4
Rajshahi,2007,5,8,31.25,31.9,31.3,27.6
Rajshahi,2007,5,9,30.5,31.5,31,27.2
Rajshahi,2007,5,10,30.8,31.5,31.2,28
Rajshahi,2007,5,11,31,31.5,31,27.4
Rajshahi,2007,5,12,28.2,29.3,29.3,29.7
Rajshahi,2007,5,13,30.55,30.6,30.4,25.3
Rajshahi,2007,5,14,30.7,31.5,30.7,29.8
Rajshahi,2007,5,15,30.6,31,30.5,27.6
Rajshahi,2007,5,16,30.5,31.1,30.4,27.5
Rajshahi,2007,5,17,31.1,31.8,31,28.7
Rajshahi,2007,5,18,31.8,32.15,31.1,28.9
Rajshahi,2007,5,19,31,31.95,31.1,29.3
Rajshahi,2007,5,20,30.5,31.7,31.1,27.9
Rajshahi,2007,5,21,30.55,31.5,30.9,28.1
Rajshahi,2007,5,22,30.8,31.7,31,27
Rajshahi,2007,5,23,32.9,32.2,31.3,30.8
Rajshahi,2007,5,24,32.85,32.7,31.7,30.9
Rajshahi,2007,5,25,32.95,33.1,32,30.2
Rajshahi,2007,5,26,32.6,33,32.5,30.7
Rajshahi,2007,5,27,33.65,33.5,32.4,31.6
Rajshahi,2007,5,28,34.4,33.4,32.8,30.4
Rajshahi,2007,5,29,34.8,34,33.3,31.4
Rajshahi,2007,5,30,35,34,33,32.3
Rajshahi,2007,5,31,35.8,35.1,34.3,33.1
Rajshahi,2007,6,1,36.4,35.2,34.6,33.8
Rajshahi,2007,6,2,36.8,35.5,34.75,33.3
Rajshahi,2007,6,3,35.2,35.1,34.7,33.4
Rajshahi,2007,6,4,33.95,35,34.1,31.1
Rajshahi,2007,6,5,32.8,32.8,32.4,29.3
Rajshahi,2007,6,6,32.1,32.3,31.1,26.9
Rajshahi,2007,6,7,32,32.2,31.8,28.8
Rajshahi,2007,6,8,32,32.6,32.2,28.5
Rajshahi,2007,6,9,30.6,31.4,31.1,29.5
Rajshahi,2007,6,10,28.9,30.9,31.1,27
Rajshahi,2007,6,11,29.3,30,30.35,25.6
Rajshahi,2007,6,12,29.65,30.1,30.1,26.5
Rajshahi,2007,6,13,30.6,30.6,30.2,27.9
Rajshahi,2007,6,14,31.85,31.2,30.5,27.6
Rajshahi,2007,6,15,32.3,32,31,29.4
Rajshahi,2007,6,16,31,31.9,31,28.5
Rajshahi,2007,6,17,30.3,30.5,30.9,27
Rajshahi,2007,6,18,31.7,31.2,30.8,27.9
Rajshahi,2007,6,19,31.7,31.8,31,30.1
Rajshahi,2007,6,20,30.85,31.6,30.95,28.6
Rajshahi,2007,6,21,32.9,31.85,31.1,28.8
Rajshahi,2007,6,22,30.85,32,31.2,31.5
Rajshahi,2007,6,23,30.5,31.6,31.1,28.6
Rajshahi,2007,6,24,31.3,31.5,31.1,27.6
Rajshahi,2007,6,25,33.1,32.4,31.6,29
Rajshahi,2007,6,26,33.6,32.8,32,30.2
Rajshahi,2007,6,27,33.7,33.15,32.1,30.7
Rajshahi,2007,6,28,33.1,33.1,32.4,31.5
Rajshahi,2007,6,29,32.3,32.8,32.2,29.9
Rajshahi,2007,6,30,31,32.2,32,28.8
Rajshahi,2007,7,1,32.1,32.1,31.9,27.8
Rajshahi,2007,7,2,32.3,32.2,31.7,28.2
Rajshahi,2007,7,3,32.3,32.5,31.8,29.4
Rajshahi,2007,7,4,31.3,32.6,32.1,30.5
Rajshahi,2007,7,5,30.2,31.9,32,28.1
Rajshahi,2007,7,6,30.4,31.3,31.5,28.2
Rajshahi,2007,7,7,30.5,31,30.9,28.1
Rajshahi,2007,7,8,31.8,31.4,30.9,27.7
Rajshahi,2007,7,9,32.8,32.3,31.3,29.7
Rajshahi,2007,7,10,33.7,32.6,31.8,29.5
Rajshahi,2007,7,11,33.05,33.05,32.5,31.1
Rajshahi,2007,7,12,33.8,33.1,32.8,30.3
Rajshahi,2007,7,13,34.2,33.3,32.6,30.9
Rajshahi,2007,7,14,33.5,33.25,32.25,31.8
Rajshahi,2007,7,15,33,33,32.7,29.8
Rajshahi,2007,7,16,32.9,33.1,32.55,29
Rajshahi,2007,7,17,32,33.2,32.5,29.5
Rajshahi,2007,7,18,31.7,32.2,32.3,29.1
Rajshahi,2007,7,19,30.8,32,32,28.9
Rajshahi,2007,7,20,29,31,31.3,27
Rajshahi,2007,7,21,27.15,29.65,30.1,26.3
Rajshahi,2007,7,22,27.55,29.2,30,24.9
Rajshahi,2007,7,23,28.9,29.1,29,26.3
Rajshahi,2007,7,24,30.6,30.2,29.6,27.3
Rajshahi,2007,7,25,29.9,30,29.6,28.1
Rajshahi,2007,7,26,29.5,30,30,27.2
Rajshahi,2007,7,27,29.4,30.1,29.9,26.9
Rajshahi,2007,7,28,29.1,30,29.8,27.3
Rajshahi,2007,7,29,30.3,30,29.7,26.8
Rajshahi,2007,7,30,30.7,30.4,29.9,28.6
Rajshahi,2007,7,31,31.1,31,30,28.5
Rajshahi,2007,8,1,29.8,30.3,30.3,28.3
Rajshahi,2007,8,2,30.7,30.4,30.2,27.4
Rajshahi,2007,8,3,31.2,31.3,30.7,28.4
Rajshahi,2007,8,4,31.9,31.6,30.9,29
Rajshahi,2007,8,5,32.8,31.8,31,30.2
Rajshahi,2007,8,6,33,31.95,31.4,31.2
Rajshahi,2007,8,7,32.6,32.3,31.6,30.1
Rajshahi,2007,8,8,32.9,32.65,31.85,29.2
Rajshahi,2007,8,9,32.6,32.3,31.5,29.7
Rajshahi,2007,8,10,33.8,32.8,32,30.9
Rajshahi,2007,8,11,33.2,33.5,31.95,32.6
Rajshahi,2007,8,12,31.5,32.6,32.3,29.5
Rajshahi,2007,8,13,30.3,31.8,31.7,28.8
Rajshahi,2007,8,14,30.6,31.2,31.1,27.6
Rajshahi,2007,8,15,31.3,30.9,31,27.8
Rajshahi,2007,8,16,30.4,31.3,31,28.6
Rajshahi,2007,8,17,28.9,30.4,30.4,27.4
Rajshahi,2007,8,18,30.4,30.5,30.4,26.6
Rajshahi,2007,8,19,30.75,31,30.6,29.2
Rajshahi,2007,8,20,31.3,31.1,30.8,28.4
Rajshahi,2007,8,21,32.6,31.6,31,28.2
Rajshahi,2007,8,22,33.4,32.6,31.3,30.3
Rajshahi,2007,8,23,33.5,32.9,31.9,30.4
Rajshahi,2007,8,24,32.3,32.1,31.6,30.4
Rajshahi,2007,8,25,33.5,32.5,32,29.1
Rajshahi,2007,8,26,32.7,33,32.1,30.1
Rajshahi,2007,8,27,32.3,32.4,32.1,28.9
Rajshahi,2007,8,28,32.9,32.4,32,28.8
Rajshahi,2007,8,29,32.9,32.7,32.1,29.7
Rajshahi,2007,8,30,32.9,33,32.3,29.9
Rajshahi,2007,8,31,33.45,33.1,32.1,29.5
Rajshahi,2007,9,1,33.1,33.1,32.3,30.6
Rajshahi,2007,9,2,33.8,33.3,32.5,30.5
Rajshahi,2007,9,3,33.8,33.4,32.6,30.4
Rajshahi,2007,9,4,33.3,33.5,32.8,30.8
Rajshahi,2007,9,5,30.85,31.5,31.8,29.8
Rajshahi,2007,9,6,28.95,30.5,31,27.2
Rajshahi,2007,9,7,29.6,30.5,30.8,25.9
Rajshahi,2007,9,8,29.8,30.6,30.7,27.3
Rajshahi,2007,9,9,30,30.35,30.75,27.4
Rajshahi,2007,9,10,29.95,30.45,30.75,28.6
Rajshahi,2007,9,11,31.3,31,30.7,27.8
Rajshahi,2007,9,12,31.7,31.4,31,28.7
Rajshahi,2007,9,13,31.8,31.7,31.1,29.5
Rajshahi,2007,9,14,31.8,32,31.3,29.3
Rajshahi,2007,9,15,32.7,32.1,31.5,29.6
Rajshahi,2007,9,16,32.4,32,31.4,29.6
Rajshahi,2007,9,17,32.8,32.6,32,29.6
Rajshahi,2007,9,18,32.9,32.7,32.4,29.9
Rajshahi,2007,9,19,32.4,32.8,32.2,29.4
Rajshahi,2007,9,20,32.55,32.4,31.9,29.6
Rajshahi,2007,9,21,32.2,32.6,32,30.4
Rajshahi,2007,9,22,31.25,32.4,32,29.8
Rajshahi,2007,9,23,29.6,31.6,31.75,28.8
Rajshahi,2007,9,24,26.15,29.1,30.7,25.4
Rajshahi,2007,9,25,28.1,29.2,30,25.5
Rajshahi,2007,9,26,29.9,30,30,27.2
Rajshahi,2007,9,27,30.7,30.7,30.25,28
Rajshahi,2007,9,28,31.6,31,30.5,28.1
Rajshahi,2007,9,29,32.4,31.6,31,28.5
Rajshahi,2007,9,30,31.6,31.3,30.8,29.2
Rajshahi,2007,10,1,32.7,32.1,31.4,29.5
Rajshahi,2007,10,2,32.2,31.9,31.5,29.5
Rajshahi,2007,10,3,32.2,32.3,31.8,29
Rajshahi,2007,10,4,32.2,32.2,31.5,29
Rajshahi,2007,10,5,32.35,32.2,31.75,29.5
Rajshahi,2007,10,6,32.6,32.6,32,30.1
Rajshahi,2007,10,7,32.75,32.55,32,30.4
Rajshahi,2007,10,8,30,31.9,31.7,28.7
Rajshahi,2007,10,9,29.6,30.8,31.1,26.9
Rajshahi,2007,10,10,29.3,30.3,30.6,25.5
Rajshahi,2007,10,11,30.3,30.6,30.5,27.2
Rajshahi,2007,10,12,30.55,31,30.5,28.1
Rajshahi,2007,10,13,30.2,30.9,30.5,28.2
Rajshahi,2007,10,14,30.75,31.1,30.6,28.6
Rajshahi,2007,10,15,29.6,30.75,30.6,27.7
Rajshahi,2007,10,16,30,30.7,30.55,26.1
Rajshahi,2007,10,17,30.2,30.4,30.1,26.3
Rajshahi,2007,10,18,29.3,30.3,30.25,27.3
Rajshahi,2007,10,19,29.7,30.5,30.3,25.7
Rajshahi,2007,10,20,28.9,30,30,25.9
Rajshahi,2007,10,21,28.7,29.3,29.4,25.4
Rajshahi,2007,10,22,28.8,29.7,29.8,25.1
Rajshahi,2007,10,23,28.2,29.6,29.7,25.1
Rajshahi,2007,10,24,28.3,29.5,29.5,25.5
Rajshahi,2007,10,25,27.9,28.85,29.1,24.9
Rajshahi,2007,10,26,28,29,29.1,24.9
Rajshahi,2007,10,27,28.3,29.1,29.1,25.4
Rajshahi,2007,10,28,28.1,29,29.1,25
Rajshahi,2007,10,29,28,29,29.15,25.4
Rajshahi,2007,10,30,27.5,28.9,29,25.3
Rajshahi,2007,10,31,28.1,28.9,28.9,26
Rajshahi,2007,11,1,28.9,29.1,29,26.3
Rajshahi,2007,11,2,29.6,29.1,28.9,26.5
Rajshahi,2007,11,3,28.9,29.2,29,26.6
Rajshahi,2007,11,4,28.3,29,29,25.6
Rajshahi,2007,11,5,27,28.7,28.8,24.6
Rajshahi,2007,11,6,27.5,28.55,28.5,25.1
Rajshahi,2007,11,7,26.95,28.4,28.5,25.1
Rajshahi,2007,11,8,27,28.3,28.2,25.1
Rajshahi,2007,11,9,27.1,28.3,28.4,24.7
Rajshahi,2007,11,10,26.4,28,28.1,24.5
Rajshahi,2007,11,11,26.9,27.7,27.85,24.6
Rajshahi,2007,11,12,25.2,27.5,27.9,23.4
Rajshahi,2007,11,13,25.3,27.5,27.8,22.2
Rajshahi,2007,11,14,25.7,27.1,27.2,23.6
Rajshahi,2007,11,15,24.2,27.1,27.5,23.3
Rajshahi,2007,11,16,25.5,26.3,26.5,20.9
Rajshahi,2007,11,17,24.6,25.8,26,21.8
Rajshahi,2007,11,18,24.8,26,26.1,21.3
Rajshahi,2007,11,19,24.65,26.15,26.5,22.7
Rajshahi,2007,11,20,24,25.9,26.6,22.6
Rajshahi,2007,11,21,23.8,25.1,25.2,21.8
Rajshahi,2007,11,22,24,24.4,24.5,21.5
Rajshahi,2007,11,23,24.2,24.7,24.7,21.8
Rajshahi,2007,11,24,22.65,24.8,25.3,21.7
Rajshahi,2007,11,25,23.2,25.1,25.5,21.3
Rajshahi,2007,11,26,23.3,25.1,25.4,21.2
Rajshahi,2007,11,27,23.05,25.1,25.2,21.9
Rajshahi,2007,11,28,23.1,24.9,24.95,21.9
Rajshahi,2007,11,29,22.7,24.6,25,20.5
Rajshahi,2007,11,30,22.7,24.2,24.9,20.2
Rajshahi,2007,12,1,22.7,24.25,24.5,20.5
Rajshahi,2007,12,2,22.4,24.1,24.6,20.5
Rajshahi,2007,12,3,22.1,24,24.3,20.3
Rajshahi,2007,12,4,21.85,23.6,24.2,20
Rajshahi,2007,12,5,21.3,23.2,23.6,18.8
Rajshahi,2007,12,6,21.45,23.15,23.5,19.5
Rajshahi,2007,12,7,21.4,23.15,23.5,19
Rajshahi,2007,12,8,21.3,23,23.25,19.9
Rajshahi,2007,12,9,20.6,22.9,23.2,19.3
Rajshahi,2007,12,10,20.1,21.6,22.3,17.3
Rajshahi,2007,12,11,20.3,22.3,22.8,17.5
Rajshahi,2007,12,12,19.15,22,22.5,16.8
Rajshahi,2007,12,13,19.4,22.2,22.9,17.4
Rajshahi,2007,12,14,20.2,21.7,21.8,18.2
Rajshahi,2007,12,15,20.1,21.7,22.2,18.7
Rajshahi,2007,12,16,19.1,21.8,22.3,18.7
Rajshahi,2007,12,17,18.3,21.2,21.9,16.3
Rajshahi,2007,12,18,18.1,20.4,21.3,16.1
Rajshahi,2007,12,19,18.1,20.2,21.2,16.9
Rajshahi,2007,12,20,17.7,20.1,20.9,16.3
Rajshahi,2007,12,21,17.35,19.7,20.7,14.8
Rajshahi,2007,12,22,17.2,19.55,20.7,14.5
Rajshahi,2007,12,23,17.5,19.2,20,15.7
Rajshahi,2007,12,24,18.1,19.45,20.25,15
Rajshahi,2007,12,25,18.4,19.7,20.2,17.9
Rajshahi,2007,12,26,18.4,19.7,20.2,17.1
Rajshahi,2007,12,27,18.5,19.65,20.05,16.5
Rajshahi,2007,12,28,18,19.7,19.8,16.7
Rajshahi,2007,12,29,17.4,19.2,20,14.6
Rajshahi,2007,12,30,17.75,19.5,20.15,16
Rajshahi,2007,12,31,17.7,18.9,19.1,16.6
Rajshahi,2008,1,1,17.1,19.3,19.9,15.9
Rajshahi,2008,1,2,17.5,19.6,20.1,15.9
Rajshahi,2008,1,3,18,19.3,20.1,17.5
Rajshahi,2008,1,4,18.7,19.4,19.9,18.6
Rajshahi,2008,1,5,18.8,19.8,20.1,17.4
Rajshahi,2008,1,6,18,20,20,16.7
Rajshahi,2008,1,7,20.3,20.8,21.7,16.9
Rajshahi,2008,1,8,20,20.7,21,17.7
Rajshahi,2008,1,9,18,19.7,20,17.2
Rajshahi,2008,1,10,18.8,19.7,20.1,17.1
Rajshahi,2008,1,11,19,19.5,20.05,18.2
Rajshahi,2008,1,12,19.15,20,20.2,18.9
Rajshahi,2008,1,13,18.2,19.55,20.1,18.1
Rajshahi,2008,1,14,17.4,19.6,19.9,15.9
Rajshahi,2008,1,15,17.3,19.15,19.7,15.5
Rajshahi,2008,1,16,17.2,18.4,19.2,15.3
Rajshahi,2008,1,17,17.5,19,19.55,15.8
Rajshahi,2008,1,18,17.7,19.7,19.5,16.7
Rajshahi,2008,1,19,18.9,19.6,19.7,16.9
Rajshahi,2008,1,20,20.6,20.5,20.2,19.4
Rajshahi,2008,1,21,20.8,20.9,20.4,21.1
Rajshahi,2008,1,22,17.35,19.7,19.85,17.5
Rajshahi,2008,1,23,17.2,19.2,19.5,15.4
Rajshahi,2008,1,24,17,18.9,19.3,15.4
Rajshahi,2008,1,25,18.2,19.6,19.8,15
Rajshahi,2008,1,26,18.5,19.3,19.3,16.9
Rajshahi,2008,1,27,18.3,19,19,16.3
Rajshahi,2008,1,28,17.1,17.7,18.4,16.3
Rajshahi,2008,1,29,17.8,18.1,18.3,14.6
Rajshahi,2008,1,30,15.8,17.5,17.8,15.9
Rajshahi,2008,1,31,16.9,18.6,19.2,13.1
Rajshahi,2008,2,1,16.8,17,18.05,13.7
Rajshahi,2008,2,2,17,17,17.9,14
Rajshahi,2008,2,3,17.1,18,18.5,13.9
Rajshahi,2008,2,4,17.4,18.9,19.2,14.2
Rajshahi,2008,2,5,18.2,18.6,18.8,15.9
Rajshahi,2008,2,6,19.4,19.2,19.8,18.5
Rajshahi,2008,2,7,21.8,20.95,20.5,22.2
Rajshahi,2008,2,8,22,21.7,20.7,22.1
Rajshahi,2008,2,9,21.4,22,21.4,21.6
Rajshahi,2008,2,10,20.3,21.3,21,18.9
Rajshahi,2008,2,11,19.3,20.95,20.7,16.7
Rajshahi,2008,2,12,18.5,19.4,19.95,16.2
Rajshahi,2008,2,13,18.5,20,20.3,16.1
Rajshahi,2008,2,14,18.2,19.8,20.2,15
Rajshahi,2008,2,15,17.7,19.3,20,14.3
Rajshahi,2008,2,16,17.35,19.3,20,15.3
Rajshahi,2008,2,17,18.4,19.4,20.1,16.7
Rajshahi,2008,2,18,19.3,19.6,20,17.9
Rajshahi,2008,2,19,20.6,20.35,20.2,19.7
Rajshahi,2008,2,20,18.95,19.6,20.3,20.6
Rajshahi,2008,2,21,19.7,20,20.3,18.2
Rajshahi,2008,2,22,21.1,21.3,21.1,18.7
Rajshahi,2008,2,23,20.5,20,20,19.1
Rajshahi,2008,2,24,22.5,22.2,21.7,20.9
Rajshahi,2008,2,25,23.6,23.8,23.5,22.8
Rajshahi,2008,2,26,22.2,22.5,22.35,22.4
Rajshahi,2008,2,27,20.4,19.9,20.1,19.8
Rajshahi,2008,2,28,21.4,22.2,22.1,19.7
Rajshahi,2008,2,29,22.05,22.5,22.2,19.5
Rajshahi,2008,3,1,22.6,22.6,22.3,21
Rajshahi,2008,3,2,22.75,23.15,22.5,22.3
Rajshahi,2008,3,3,24,23.4,22.8,22.9
Rajshahi,2008,3,4,24.5,23.9,23.1,23.5
Rajshahi,2008,3,5,24.75,24.5,23.7,23.5
Rajshahi,2008,3,6,24.2,24.3,23.9,22.9
Rajshahi,2008,3,7,24.65,24.5,23.9,22.4
Rajshahi,2008,3,8,24.3,23.3,23.2,23.3
Rajshahi,2008,3,9,25.2,25.1,24.7,24
Rajshahi,2008,3,10,25.6,25.6,24.9,24.9
Rajshahi,2008,3,11,25.9,25.3,24.7,25.3
Rajshahi,2008,3,12,25.8,24.8,24.7,24.8
Rajshahi,2008,3,13,25.8,25.3,25.25,25.2
Rajshahi,2008,3,14,25.7,25.8,25.5,26
Rajshahi,2008,3,15,26.2,26,25.2,25.1
Rajshahi,2008,3,16,27.3,26.5,25.7,26.7
Rajshahi,2008,3,17,27,26.5,25.4,26.2
Rajshahi,2008,3,18,27.3,26.6,26,26.2
Rajshahi,2008,3,19,28.6,27.25,27,26.9
Rajshahi,2008,3,20,29,27.95,26.65,26.3
Rajshahi,2008,3,21,28.6,27.7,26.9,27.4
Rajshahi,2008,3,22,29.2,28,27.2,27.2
Rajshahi,2008,3,23,27.8,28,27.3,28.8
Rajshahi,2008,3,24,28.5,28.1,27.1,26.5
Rajshahi,2008,3,25,29.1,28.4,27.3,26.8
Rajshahi,2008,3,26,29.35,28.7,27.6,28.3
Rajshahi,2008,3,27,29.3,28.3,27.2,28
Rajshahi,2008,3,28,29.1,28.6,27.15,28.8
Rajshahi,2008,3,29,30,29.2,28.1,29.5
Rajshahi,2008,3,30,30,29.5,28.4,29.2
Rajshahi,2008,3,31,30.8,29.6,28.5,28.2
Rajshahi,2008,4,1,29.1,29.8,28.5,29.3
Rajshahi,2008,4,2,29.1,29.25,28.2,26.5
Rajshahi,2008,4,3,29.05,28.8,28.2,24.7
Rajshahi,2008,4,4,29.5,29.1,28.3,26
Rajshahi,2008,4,5,28.5,28.4,28.2,25.1
Rajshahi,2008,4,6,28.35,28.3,28.2,25.2
Rajshahi,2008,4,7,28.6,28.2,27.9,24.9
Rajshahi,2008,4,8,28.8,28.25,27.9,25
Rajshahi,2008,4,9,28.8,29.4,28.7,26.2
Rajshahi,2008,4,10,29.5,30.1,29.2,27.8
Rajshahi,2008,4,11,30.3,28.9,28.4,29
Rajshahi,2008,4,12,31.3,29.6,29,30.3
Rajshahi,2008,4,13,31.6,30.1,29.7,31.8
Rajshahi,2008,4,14,30,30.6,29.7,28.3
Rajshahi,2008,4,15,30.6,30.5,29.6,28
Rajshahi,2008,4,16,30.9,30.5,29.9,29.6
Rajshahi,2008,4,17,31.7,30.75,30,30.3
Rajshahi,2008,4,18,31.1,30,29.9,28.9
Rajshahi,2008,4,19,32,31.6,30.8,30.4
Rajshahi,2008,4,20,30.8,31,30.2,30.8
Rajshahi,2008,4,21,30.1,29.8,29.9,29.6
Rajshahi,2008,4,22,30.9,30,30,30.3
Rajshahi,2008,4,23,33.4,32.3,30.9,31
Rajshahi,2008,4,24,34.5,33.1,31.3,31.3
Rajshahi,2008,4,25,34.2,33.3,31.7,31.5
Rajshahi,2008,4,26,34,33.3,31.8,31.3
Rajshahi,2008,4,27,34.15,33.7,32.1,31.1
Rajshahi,2008,4,28,34.3,33.8,32.2,31.3
Rajshahi,2008,4,29,34.7,33.8,32.3,30.9
Rajshahi,2008,4,30,34.25,34,32.2,31.6
Rajshahi,2008,5,1,34.4,33.4,32.2,31
Rajshahi,2008,5,2,35,34,32.5,31.9
Rajshahi,2008,5,3,32.9,33.2,32.2,30.1
Rajshahi,2008,5,4,32.8,33.2,32.4,29.1
Rajshahi,2008,5,5,32.9,33.7,32.9,29.3
Rajshahi,2008,5,6,31.4,31,31.2,29.6
Rajshahi,2008,5,7,31.7,32.3,31.6,28.2
Rajshahi,2008,5,8,31.3,31.7,31.7,30
Rajshahi,2008,5,9,31.5,32.4,31.8,27
Rajshahi,2008,5,10,29.8,30.1,29.6,28.8
Rajshahi,2008,5,11,31.3,31.5,31.4,26.6
Rajshahi,2008,5,12,32.1,31.8,31.4,28.9
Rajshahi,2008,5,13,31.3,32.4,31.9,30.5
Rajshahi,2008,5,14,32.3,32.7,32,29
Rajshahi,2008,5,15,32.4,32.9,32,29.4
Rajshahi,2008,5,16,32.8,32.1,32,29.5
Rajshahi,2008,5,17,32,32,31.8,30.8
Rajshahi,2008,5,18,32.6,33,32.5,28.9
Rajshahi,2008,5,19,31.9,33,32.2,30.1
Rajshahi,2008,5,20,32.2,32.8,32.1,28.9
Rajshahi,2008,5,21,32.4,32.8,32.3,29.2
Rajshahi,2008,5,22,33.5,33.1,32,29.2
Rajshahi,2008,5,23,32.1,31.8,32.1,29.4
Rajshahi,2008,5,24,29.8,32.4,32,29.1
Rajshahi,2008,5,25,30.2,30.9,30.9,25.7
Rajshahi,2008,5,26,30.7,31,30.9,27.5
Rajshahi,2008,5,27,31.25,31.3,31,27.9
Rajshahi,2008,5,28,31.7,31.6,31,28.1
Rajshahi,2008,5,29,32.7,32.6,31.8,31.4
Rajshahi,2008,5,30,31.9,32.4,31.5,30.2
Rajshahi,2008,5,31,32.1,32.2,31.9,28.9
Rajshahi,2008,6,1,33.5,32.9,32.6,30.6
Rajshahi,2008,6,2,32,33,33.4,31.2
Rajshahi,2008,6,3,31.9,32.7,32,26.2
Rajshahi,2008,6,4,32.9,32.7,32,29.2
Rajshahi,2008,6,5,30.8,31.3,31.5,29.8
Rajshahi,2008,6,6,32.7,32.2,31.95,27.2
Rajshahi,2008,6,7,30.3,31.4,31.4,29.4
Rajshahi,2008,6,8,30.6,31.5,31.3,26.9
Rajshahi,2008,6,9,29.4,30.4,30,27.6
Rajshahi,2008,6,10,30.5,30.8,31,26.3
Rajshahi,2008,6,11,33.4,32.3,31.8,28.1
Rajshahi,2008,6,12,33.4,32.5,31.5,30.3
Rajshahi,2008,6,13,33.9,33.1,32,30.9
Rajshahi,2008,6,14,30.8,32.4,32.1,30.9
Rajshahi,2008,6,15,31.2,31.6,31.2,26.3
Rajshahi,2008,6,16,31.3,32,31.8,30.3
Rajshahi,2008,6,17,29.9,31.6,31.5,28.8
Rajshahi,2008,6,18,27.8,30.5,30.8,26.4
Rajshahi,2008,6,19,27.4,29.4,30,24.4
Rajshahi,2008,6,20,29.85,29.9,29.9,24.9
Rajshahi,2008,6,21,29.2,29.4,29.5,27.8
Rajshahi,2008,6,22,31,30.3,30,27.8
Rajshahi,2008,6,23,31,30.9,30.1,29.3
Rajshahi,2008,6,24,33,31.3,30.7,29.8
Rajshahi,2008,6,25,33,31.8,31.7,30
Rajshahi,2008,6,26,32.5,32,31.75,30.4
Rajshahi,2008,6,27,32.5,32.1,31.9,29.5
Rajshahi,2008,6,28,32.4,32.5,31.9,29
Rajshahi,2008,6,29,31.1,31.4,33.95,29.2
Rajshahi,2008,6,30,30.95,31.2,31.1,27.5
Rajshahi,2008,7,1,30.15,31.5,31.6,28
Rajshahi,2008,7,2,30.4,30.9,30.8,26.3
Rajshahi,2008,7,3,30.7,30.9,30.6,28.3
Rajshahi,2008,7,4,31.1,31.1,30.7,27.6
Rajshahi,2008,7,5,31.4,31.2,30.6,28.8
Rajshahi,2008,7,6,31.8,31.4,31.3,28
Rajshahi,2008,7,7,31.9,31.7,31,28.8
Rajshahi,2008,7,8,31.4,31.8,31.2,28.9
Rajshahi,2008,7,9,30.7,31.5,31.1,28.4
Rajshahi,2008,7,10,31.7,31.6,31,28
Rajshahi,2008,7,11,32.7,31.9,31.7,29.1
Rajshahi,2008,7,12,31.9,32.3,31.5,30.1
Rajshahi,2008,7,13,31.3,31.7,31.55,28.6
Rajshahi,2008,7,14,30.6,31.1,31.1,28.1
Rajshahi,2008,7,15,29.7,30.5,30.8,27.2
Rajshahi,2008,7,16,30.2,30.5,30.6,26.5
Rajshahi,2008,7,17,30.3,30.5,30.5,27.5
Rajshahi,2008,7,18,31.4,31.4,30.8,28.4
Rajshahi,2008,7,19,31.5,31.6,31,29.1
Rajshahi,2008,7,20,30.7,30.9,30.9,28.7
Rajshahi,2008,7,21,30.4,30.7,30.55,27.5
Rajshahi,2008,7,22,30.6,30.7,30.9,28.1
Rajshahi,2008,7,23,30,30.5,30.3,28.2
Rajshahi,2008,7,24,30.1,30.7,30.4,28.2
Rajshahi,2008,7,25,31,31.1,30.7,28.9
Rajshahi,2008,7,26,31.6,31.5,30.8,29.6
Rajshahi,2008,7,27,31.3,31.5,31,29.4
Rajshahi,2008,7,28,31.5,31.6,31.1,29.2
Rajshahi,2008,7,29,31.4,31.8,31,28.9
Rajshahi,2008,7,30,31.8,31.7,31.2,28.6
Rajshahi,2008,7,31,31.05,31.8,31.4,29.2
Rajshahi,2008,8,1,31.7,31.2,30.7,28.1
Rajshahi,2008,8,2,33,32.3,31.4,29.2
Rajshahi,2008,8,3,32.4,32.4,31.8,30.6
Rajshahi,2008,8,4,32.4,32.2,31.7,29.2
Rajshahi,2008,8,5,33.3,32.4,31.6,29.3
Rajshahi,2008,8,6,33.3,33.1,31.5,30.2
Rajshahi,2008,8,7,32.5,32.9,32.2,29.7
Rajshahi,2008,8,8,31.3,30.6,30.2,28.5
Rajshahi,2008,8,9,32.7,33,32.7,29.9
Rajshahi,2008,8,10,31.8,32.7,32.2,29.7
Rajshahi,2008,8,11,31.3,31.8,31.9,28.3
Rajshahi,2008,8,12,30.9,31.5,31.3,27.7
Rajshahi,2008,8,13,30.9,31.15,31.1,27.3
Rajshahi,2008,8,14,30.7,30.9,31,27.5
Rajshahi,2008,8,15,30.3,31,31.1,28.2
Rajshahi,2008,8,16,31.4,30.9,30.8,27.7
Rajshahi,2008,8,17,32.3,31.8,31.1,28.9
Rajshahi,2008,8,18,31.4,31.3,30.7,29.8
Rajshahi,2008,8,19,30.3,30.5,30.5,28
Rajshahi,2008,8,20,31.2,30.9,31,27.3
Rajshahi,2008,8,21,31.3,31,31.1,28.5
Rajshahi,2008,8,22,32.85,32.3,31.4,29.2
Rajshahi,2008,8,23,33.7,32.3,31.7,29.7
Rajshahi,2008,8,24,33.5,32.9,31.75,30.6
Rajshahi,2008,8,25,33.2,33.2,32.4,30.6
Rajshahi,2008,8,26,32.8,32.8,32.2,29.7
Rajshahi,2008,8,27,32.6,32.9,32.2,29.9
Rajshahi,2008,8,28,31.4,32.3,32.1,29.4
Rajshahi,2008,8,29,31.3,31.8,31.7,28.2
Rajshahi,2008,8,30,31.4,31.7,31.6,28
Rajshahi,2008,8,31,32.2,31.9,31.6,28.6
Rajshahi,2008,9,1,33.4,32.8,31.9,30.4
Rajshahi,2008,9,2,33,32.6,32.4,29.9
Rajshahi,2008,9,3,32.65,32.8,32.5,29.9
Rajshahi,2008,9,4,32.8,32.5,32.3,30
Rajshahi,2008,9,5,32.3,31.8,31.7,29
Rajshahi,2008,9,6,31.9,32.5,32,29.2
Rajshahi,2008,9,7,31.2,31.7,31.6,27.7
Rajshahi,2008,9,8,31.7,31.3,31.4,29
Rajshahi,2008,9,9,32.9,31.9,31.9,28.3
Rajshahi,2008,9,10,32.8,32.2,32,29.5
Rajshahi,2008,9,11,32.7,32.5,32.2,29.9
Rajshahi,2008,9,12,32.4,32.5,32.2,29.5
Rajshahi,2008,9,13,32.5,31.7,31.9,29.3
Rajshahi,2008,9,14,32.1,32.3,32.1,28.9
Rajshahi,2008,9,15,31.7,31,31.4,28.6
Rajshahi,2008,9,16,31.3,32.5,32.2,29.5
Rajshahi,2008,9,17,30.1,32,31.9,28.5
Rajshahi,2008,9,18,30.8,31.85,32,27.3
Rajshahi,2008,9,19,31.6,31.8,31.5,28.4
Rajshahi,2008,9,20,32.7,32.4,31.9,28.9
Rajshahi,2008,9,21,32.5,32.8,32.2,29.9
Rajshahi,2008,9,22,31.6,32.3,31.9,28.6
Rajshahi,2008,9,23,29.2,29.3,29.75,27.5
Rajshahi,2008,9,24,31.3,31.3,31.5,27.5
Rajshahi,2008,9,25,31,31.2,31.2,28.5
Rajshahi,2008,9,26,31.7,32,31.6,28.6
Rajshahi,2008,9,27,30.2,29.8,29.3,28.2
Rajshahi,2008,9,28,28.3,29.3,29.7,26.6
Rajshahi,2008,9,29,30,29.75,29.9,25.3
Rajshahi,2008,9,30,30.5,30.7,30.2,27.6
Rajshahi,2008,10,1,31.5,31.4,30.5,28.4
Rajshahi,2008,10,2,30.9,31.55,30.7,29
Rajshahi,2008,10,3,30.9,31.6,30.6,27.9
Rajshahi,2008,10,4,31.8,31.5,30.8,28.3
Rajshahi,2008,10,5,30.9,31.9,31.3,29.2
Rajshahi,2008,10,6,30.4,31.55,31.25,27.8
Rajshahi,2008,10,7,30.6,30.9,31,25.8
Rajshahi,2008,10,8,30.1,30.3,30.4,28
Rajshahi,2008,10,9,30.1,30.9,30.9,26.9
Rajshahi,2008,10,10,30.3,30.3,30.4,27.5
Rajshahi,2008,10,11,30.5,31.4,31,27.5
Rajshahi,2008,10,12,29.7,31.05,31,26.8
Rajshahi,2008,10,13,29.7,30,30.4,27.1
Rajshahi,2008,10,14,29.8,29.9,30.4,27.3
Rajshahi,2008,10,15,29.9,31,30.6,27.3
Rajshahi,2008,10,16,30,30.8,30.55,27.4
Rajshahi,2008,10,17,29.1,30.35,30.2,26.8
Rajshahi,2008,10,18,29.3,30.7,30.4,26.5
Rajshahi,2008,10,19,29.7,30.6,30.25,27.9
Rajshahi,2008,10,20,29.8,30.6,30.3,27.2
Rajshahi,2008,10,21,29.6,30.4,30.3,26.5
Rajshahi,2008,10,22,29.2,29.9,30.2,26.7
Rajshahi,2008,10,23,29,30,29.95,26.7
Rajshahi,2008,10,24,28.4,30.2,30.15,26.7
Rajshahi,2008,10,25,27.8,29.8,30,25.5
Rajshahi,2008,10,26,25.6,28.9,29.5,24.4
Rajshahi,2008,10,27,23.9,26.8,28.1,20.6
Rajshahi,2008,10,28,26.1,26.8,27.6,21.4
Rajshahi,2008,10,29,26.5,27,22.7,22.7
Rajshahi,2008,10,30,26.3,27.4,27.6,22.6
Rajshahi,2008,10,31,26.7,27.8,27.8,23.8
Rajshahi,2008,11,1,26.9,28.55,28.65,24.3
Rajshahi,2008,11,2,26.7,28.5,28.7,24.7
Rajshahi,2008,11,3,26.4,27.2,27.5,25
Rajshahi,2008,11,4,26.9,27,28.1,24.7
Rajshahi,2008,11,5,27.25,28.1,27.8,24.5
Rajshahi,2008,11,6,26.9,28,27.5,24.3
Rajshahi,2008,11,7,27.05,27.5,27.4,24.1
Rajshahi,2008,11,8,26.9,26.8,27,23.8
Rajshahi,2008,11,9,26.2,26.3,26.6,24
Rajshahi,2008,11,10,26.1,27.5,27.6,22.7
Rajshahi,2008,11,11,25.1,26.8,26.7,22.4
Rajshahi,2008,11,12,25.2,26.3,27.1,22.4
Rajshahi,2008,11,13,24.9,25.5,26.5,22
Rajshahi,2008,11,14,24,25.1,25.8,21.4
Rajshahi,2008,11,15,23.7,25.4,25.7,20.5
Rajshahi,2008,11,16,23.9,25.8,26.3,20.8
Rajshahi,2008,11,17,23.6,25.4,26.1,20.8
Rajshahi,2008,11,18,23,24.9,25.45,20.5
Rajshahi,2008,11,19,23.3,25.1,25.5,20.9
Rajshahi,2008,11,20,24,25.2,25.5,21.4
Rajshahi,2008,11,21,24.1,25.1,25.4,22
Rajshahi,2008,11,22,23.75,25.1,25.15,22.3
Rajshahi,2008,11,23,21.6,21.1,21.1,20.2
Rajshahi,2008,11,24,22.5,24.2,25,19.9
Rajshahi,2008,11,25,22.5,23.2,23.7,20
Rajshahi,2008,11,26,22.1,23.8,24.1,20.6
Rajshahi,2008,11,27,22.15,23.4,23.7,20.2
Rajshahi,2008,11,28,22.3,23.5,23.55,20.4
Rajshahi,2008,11,29,23.1,23.6,24.2,20.5
Rajshahi,2008,11,30,23.1,24.1,24.3,21
Rajshahi,2008,12,1,22.9,24,24.3,20.6
Rajshahi,2008,12,2,22.5,23.9,23.9,21
Rajshahi,2008,12,3,22.8,23.1,23.9,20.9
Rajshahi,2008,12,4,22.3,22.9,23.6,20.8
Rajshahi,2008,12,5,22.9,24,23.9,20.2
Rajshahi,2008,12,6,22.6,24,24,21.6
Rajshahi,2008,12,7,22.9,24.1,24.1,21.4
Rajshahi,2008,12,8,23.1,24.2,24.2,21.9
Rajshahi,2008,12,9,23.15,24.3,24.3,21.7
Rajshahi,2008,12,10,23.15,24.15,24.15,21.7
Rajshahi,2008,12,11,23.3,24.25,24.3,21.5
Rajshahi,2008,12,12,22.9,24,24.15,22
Rajshahi,2008,12,13,22.8,24,24.3,21.3
Rajshahi,2008,12,14,22.5,24,24.05,20.9
Rajshahi,2008,12,15,22.5,23.8,23.9,19.9
Rajshahi,2008,12,16,20.4,23.1,23.6,18.3
Rajshahi,2008,12,17,20.5,22.4,23.15,16.6
Rajshahi,2008,12,18,20.3,22.3,22.5,17.5
Rajshahi,2008,12,19,20.5,22.1,22.4,17.4
Rajshahi,2008,12,20,20.3,22.05,22.2,17.1
Rajshahi,2008,12,21,20.1,21.9,22.2,17.6
Rajshahi,2008,12,22,20.3,21.5,22.05,17.5
Rajshahi,2008,12,23,20.95,21.5,21.9,18.7
Rajshahi,2008,12,24,20.7,21.4,21.8,18.4
Rajshahi,2008,12,25,20.9,21.8,22.1,17.8
Rajshahi,2008,12,26,20,21.6,21.6,18.5
Rajshahi,2008,12,27,20.5,21.2,21.5,18.7
Rajshahi,2008,12,28,19.6,21.6,22,17.9
Rajshahi,2008,12,29,19.65,20.8,21.5,18.2
Rajshahi,2008,12,30,19.4,20.6,21,17.3
Rajshahi,2008,12,31,18.8,19.8,20.3,16.3
Rajshahi,2009,1,1,19.65,20.65,20.5,16.5
Rajshahi,2009,1,2,18.65,19.7,20.1,16.2
Rajshahi,2009,1,3,17.4,19.9,20.5,14.6
Rajshahi,2009,1,4,17.6,19.6,20.3,15.3
Rajshahi,2009,1,5,17.1,18.7,19.6,14.9
Rajshahi,2009,1,6,18,19.35,20.15,15.6
Rajshahi,2009,1,7,18.7,19.8,20.2,18.2
Rajshahi,2009,1,8,20.6,20.6,20.5,19.4
Rajshahi,2009,1,9,20,20.9,20.8,19.3
Rajshahi,2009,1,10,19.6,20.3,20.4,18.6
Rajshahi,2009,1,11,20.2,21,21,18.7
Rajshahi,2009,1,12,19.8,21.2,21.1,19.4
Rajshahi,2009,1,13,19.2,20.4,20.6,18.1
Rajshahi,2009,1,14,19.8,20.9,21,14.3
Rajshahi,2009,1,15,19.7,21,21.2,17.3
Rajshahi,2009,1,16,20.1,20.7,20.8,17.5
Rajshahi,2009,1,17,20.3,20.35,20.5,18.7
Rajshahi,2009,1,18,20.2,20.4,20.5,18.8
Rajshahi,2009,1,19,19.6,20.3,20.7,18.3
Rajshahi,2009,1,20,19.7,20.7,23.1,18.5
Rajshahi,2009,1,21,19.7,19.7,20.1,18.5
Rajshahi,2009,1,22,19.1,19.4,19.8,16.9
Rajshahi,2009,1,23,18.7,19.8,20.3,16.3
Rajshahi,2009,1,24,19.5,19.2,19.3,17.8
Rajshahi,2009,1,25,19,20.4,20.6,16.5
Rajshahi,2009,1,26,19.6,20.9,21,17.2
Rajshahi,2009,1,27,21.4,20.9,20.9,18.6
Rajshahi,2009,1,28,20.6,21.1,20.9,17.6
Rajshahi,2009,1,29,20.3,21.25,21.1,19.1
Rajshahi,2009,1,30,19.9,21,21,17.8
Rajshahi,2009,1,31,19.9,21,21.1,17.7
Rajshahi,2009,2,1,19.8,20.9,21.1,17.7
Rajshahi,2009,2,2,19.4,20.4,20.6,17.3
Rajshahi,2009,2,3,19.7,20.6,21,17.2
Rajshahi,2009,2,4,19.4,20.4,20.5,17.2
Rajshahi,2009,2,5,19.7,20.4,20.8,17.5
Rajshahi,2009,2,6,20.2,20.9,20.9,18.9
Rajshahi,2009,2,7,20.3,21.1,21.05,19.2
Rajshahi,2009,2,8,20.7,21.2,21,19.3
Rajshahi,2009,2,9,20.3,21.1,20.9,20
Rajshahi,2009,2,10,20.2,21.45,21.65,19.6
Rajshahi,2009,2,11,20.8,21,21.65,19.4
Rajshahi,2009,2,12,21,20.6,21.3,20.6
Rajshahi,2009,2,13,21.8,22.7,20.7,20
Rajshahi,2009,2,14,21.3,22,22.3,19.2
Rajshahi,2009,2,15,21.1,21.15,22,19.7
Rajshahi,2009,2,16,21.4,21.6,21.5,20.2
Rajshahi,2009,2,17,21.1,20.9,21.1,20.6
Rajshahi,2009,2,18,21.1,22.4,22.2,19.2
Rajshahi,2009,2,19,21.2,22.4,22.2,19.1
Rajshahi,2009,2,20,21.6,21.3,21.6,19.8
Rajshahi,2009,2,21,21.9,22.5,22.3,20.4
Rajshahi,2009,2,22,21.7,22.7,22.3,21.3
Rajshahi,2009,2,23,22,22.7,22.3,22.1
Rajshahi,2009,2,24,23,23.2,22.7,22.4
Rajshahi,2009,2,25,23.4,23.4,22.9,23.6
Rajshahi,2009,2,26,23.3,23.6,23.1,23.9
Rajshahi,2009,2,27,22.7,23.3,22.5,23.4
Rajshahi,2009,2,28,23.8,24.1,23.4,23.3
Rajshahi,2009,3,1,23.5,24.1,23.4,23.4
Rajshahi,2009,3,2,23.1,24.1,23.6,21.9
Rajshahi,2009,3,3,23,24,23.6,21.3
Rajshahi,2009,3,4,23.2,23.9,23.6,21.9
Rajshahi,2009,3,5,24.5,25.1,23.9,22.4
Rajshahi,2009,3,6,24,24.5,23.9,24.8
Rajshahi,2009,3,7,24.5,23.6,23.7,24
Rajshahi,2009,3,8,25.1,24.1,23.95,23.3
Rajshahi,2009,3,9,25.6,24.6,24.25,25.3
Rajshahi,2009,3,10,25.3,25.1,24.5,26.5
Rajshahi,2009,3,11,24.6,25,24.9,24.3
Rajshahi,2009,3,12,25,24.5,24.45,24.9
Rajshahi,2009,3,13,24.8,24.4,24.3,24.8
Rajshahi,2009,3,14,25.2,24.5,24.6,22.8
Rajshahi,2009,3,15,24.5,25.7,25,23.7
Rajshahi,2009,3,16,26.1,25.5,25.1,24.2
Rajshahi,2009,3,17,25.65,25.6,25.65,25
Rajshahi,2009,3,18,26.3,25.75,25.45,26
Rajshahi,2009,3,19,27.1,26.5,25.8,26.8
Rajshahi,2009,3,20,27.5,27,26,26.4
Rajshahi,2009,3,21,28.5,26.9,26.2,27.2
Rajshahi,2009,3,22,26.1,26.8,25.7,26.3
Rajshahi,2009,3,23,27.2,26.75,26.3,24
Rajshahi,2009,3,24,26.8,27.2,26.7,26.2
Rajshahi,2009,3,25,28.6,27.9,26.9,27.3
Rajshahi,2009,3,26,27.9,27.9,27.1,27.1
Rajshahi,2009,3,27,27.2,27.3,27,26.2
Rajshahi,2009,3,28,27.8,27.65,27,24.7
Rajshahi,2009,3,29,28.4,28.8,27.4,26.5
Rajshahi,2009,3,30,26.8,27.9,27.2,26.6
Rajshahi,2009,3,31,28.5,28.3,28.2,24.9
Rajshahi,2009,4,1,28.8,28.3,28.1,27.2
Rajshahi,2009,4,2,28.8,28.3,27.8,26.9
Rajshahi,2009,4,3,29.1,28.8,28.4,26.9
Rajshahi,2009,4,4,30.1,29.7,28.95,28.3
Rajshahi,2009,4,5,30.5,29.05,28.2,28.6
Rajshahi,2009,4,6,30.4,30.5,30.2,28.7
Rajshahi,2009,4,7,32.35,31.1,30.5,28.1
Rajshahi,2009,4,8,31,30.1,29.8,29.7
Rajshahi,2009,4,9,30.7,31,29.9,31.1
Rajshahi,2009,4,10,29.5,30.6,30.1,26.1
Rajshahi,2009,4,11,30,29.7,29.5,28.3
Rajshahi,2009,4,12,30.8,29.4,28.8,28.2
Rajshahi,2009,4,13,30.85,29.8,29.15,29.6
Rajshahi,2009,4,14,32.3,31.7,30.4,30.3
Rajshahi,2009,4,15,32.4,31.8,30.5,30
Rajshahi,2009,4,16,32.95,32,30.5,30.9
Rajshahi,2009,4,17,32.8,32.3,30.85,30.8
Rajshahi,2009,4,18,33.6,32.5,32.1,30.1
Rajshahi,2009,4,19,34.3,32.8,31.3,31.6
Rajshahi,2009,4,20,34.3,33.1,31.6,31.8
Rajshahi,2009,4,21,34.7,33.3,31.5,31.9
Rajshahi,2009,4,22,34.95,33.3,32,30.3
Rajshahi,2009,4,23,35.3,34.3,32.8,32.4
Rajshahi,2009,4,24,32.2,33.7,32.7,31.7
Rajshahi,2009,4,25,32.1,34,33.2,30.1
Rajshahi,2009,4,26,32.05,32,31.9,30.6
Rajshahi,2009,4,27,32.8,31.35,30.9,30.4
Rajshahi,2009,4,28,33.7,32.7,32,31.5
Rajshahi,2009,4,29,33.3,33.3,32.2,31.7
Rajshahi,2009,4,30,33.1,33,32.3,31.5
Rajshahi,2009,5,1,32.6,32.3,31.8,31.6
Rajshahi,2009,5,2,31,31.6,31.8,29.2
Rajshahi,2009,5,3,28.5,30.5,31,26.4
Rajshahi,2009,5,4,29.3,30.4,30.5,24.8
Rajshahi,2009,5,5,31.6,32,31.4,28.6
Rajshahi,2009,5,6,32.8,32.4,32.05,31.1
Rajshahi,2009,5,7,31.9,31.1,31.1,30.5
Rajshahi,2009,5,8,34.8,33.7,32.3,31.7
Rajshahi,2009,5,9,35.2,34.1,32.4,32.2
Rajshahi,2009,5,10,35.6,34.7,33,33.1
Rajshahi,2009,5,11,33.45,34,33,33.1
Rajshahi,2009,5,12,29.3,25.6,31.2,28.4
Rajshahi,2009,5,13,29.8,30.7,30.9,24.3
Rajshahi,2009,5,14,30.7,31.2,30.8,26.8
Rajshahi,2009,5,15,29,31.05,30.7,27.5
Rajshahi,2009,5,16,28.5,31,31.3,25.9
Rajshahi,2009,5,17,30.1,30.9,30.4,27.2
Rajshahi,2009,5,18,30.1,30.5,30.3,28
Rajshahi,2009,5,19,30.6,30.7,30.4,27
Rajshahi,2009,5,20,31.5,31.2,30.8,29.6
Rajshahi,2009,5,21,33.5,33.3,32.3,31.4
Rajshahi,2009,5,22,34.75,33.3,32.3,31.4
Rajshahi,2009,5,23,33.7,33.4,32.7,31.4
Rajshahi,2009,5,24,32.5,32.8,32,31.4
Rajshahi,2009,5,25,28.7,30.9,31.3,29
Rajshahi,2009,5,26,29.2,30,30,26
Rajshahi,2009,5,27,30.5,30.3,30,25.3
Rajshahi,2009,5,28,31.2,30.4,30.2,28.4
Rajshahi,2009,5,29,31.3,31.4,30.4,30
Rajshahi,2009,5,30,31.9,32,31.1,28.4
Rajshahi,2009,5,31,31.7,32.3,32,30.5
Rajshahi,2009,6,1,32.15,32.05,31.2,28.4
Rajshahi,2009,6,2,33.5,32.7,31.8,29.8
Rajshahi,2009,6,3,32.1,32.8,32.1,31.2
Rajshahi,2009,6,4,32.6,32.4,32,28.6
Rajshahi,2009,6,5,33.6,32.7,32.1,30.2
Rajshahi,2009,6,6,33.7,33.5,32.6,31.1
Rajshahi,2009,6,7,33.9,33.8,32.7,31
Rajshahi,2009,6,8,34.3,33.9,32.9,31.1
Rajshahi,2009,6,9,35,34.4,33.3,33
Rajshahi,2009,6,10,34.95,34.8,33.6,33
Rajshahi,2009,6,11,33,33.4,33.2,29.8
Rajshahi,2009,6,12,34.2,33.8,33,30.4
Rajshahi,2009,6,13,33.5,33.25,32.5,30.8
Rajshahi,2009,6,14,34,33.8,33,30.5
Rajshahi,2009,6,15,34.2,34.1,34,31.1
Rajshahi,2009,6,16,35.1,33.8,33.35,31.9
Rajshahi,2009,6,17,34.1,34,33.4,33.1
Rajshahi,2009,6,18,34.4,34.1,33.8,29.8
Rajshahi,2009,6,19,35.1,34.6,33.9,32.1
Rajshahi,2009,6,20,35.2,33.4,34.1,32.4
Rajshahi,2009,6,21,36.15,34.5,34,31.8
Rajshahi,2009,6,22,34.6,33.6,33.4,31.2
Rajshahi,2009,6,23,35.7,35.7,34.7,32.1
Rajshahi,2009,6,24,35,35.2,34.3,32.9
Rajshahi,2009,6,25,34.6,34.6,34.5,31.1
Rajshahi,2009,6,26,34.7,34.9,34.8,32.4
Rajshahi,2009,6,27,34.5,35.1,34.4,30.8
Rajshahi,2009,6,28,34,35.1,34.2,31.5
Rajshahi,2009,6,29,30.6,34,33.7,29.4
Rajshahi,2009,6,30,29.8,32.6,32.7,28.3
Rajshahi,2009,7,1,31.03,31.31,31,26.7
Rajshahi,2009,7,2,29.46,29.96,30.14,28.9
Rajshahi,2009,7,3,31.16,31.36,30.87,28.9
Rajshahi,2009,7,4,31.42,31.59,31.22,27
Rajshahi,2009,7,5,30.24,30.73,30.6,29.6
Rajshahi,2009,7,6,31.91,31.74,31.37,30.6
Rajshahi,2009,7,7,32.27,32.37,31.67,30.1
Rajshahi,2009,7,8,32.08,32.03,31.51,28.5
Rajshahi,2009,7,9,31.27,31.28,30.94,29.5
Rajshahi,2009,7,10,31.72,31.73,31.38,28.7
Rajshahi,2009,7,11,31.27,31.34,30.98,28.3
Rajshahi,2009,7,12,31.05,31.11,30.78,27.8
Rajshahi,2009,7,13,31.15,31.19,30.74,29.5
Rajshahi,2009,7,14,31.8,31.77,31.36,30.4
Rajshahi,2009,7,15,32.07,31.95,31.5,29.9
Rajshahi,2009,7,16,32,31.95,31.5,28.5
Rajshahi,2009,7,17,31.27,31.2,30.89,29.7
Rajshahi,2009,7,18,31.87,31.86,31.44,30.1
Rajshahi,2009,7,19,32.09,32.01,31.46,30.2
Rajshahi,2009,7,20,32.09,31.98,31.33,30.7
Rajshahi,2009,7,21,32.3,32.24,31.61,30.7
Rajshahi,2009,7,22,32.24,32.21,31.59,30.4
Rajshahi,2009,7,23,32.11,32.19,31.66,29
Rajshahi,2009,7,24,31.62,31.62,31.27,30
Rajshahi,2009,7,25,32.09,31.97,31.43,30.6
Rajshahi,2009,7,26,32.16,32.24,31.71,29.8
Rajshahi,2009,7,27,32.13,32.03,31.68,28.5
Rajshahi,2009,7,28,31.24,31.33,31.07,29.3
Rajshahi,2009,7,29,31.36,31.42,31.08,28.5
Rajshahi,2009,7,30,31.47,31.34,31.07,27.1
Rajshahi,2009,7,31,30.42,30.81,30.74,28.5
Rajshahi,2009,8,1,31.03,31.12,30.72,29.8
Rajshahi,2009,8,2,31.9,31.82,31.43,29.5
Rajshahi,2009,8,3,31.64,31.82,31.39,29.8
Rajshahi,2009,8,4,32.06,31.95,31.55,29.1
Rajshahi,2009,8,5,31.66,31.7,31.34,30.1
Rajshahi,2009,8,6,31.93,31.95,31.42,27.7
Rajshahi,2009,8,7,30.51,30.96,30.64,27.9
Rajshahi,2009,8,8,30.6,31.04,30.74,30.4
Rajshahi,2009,8,9,31.92,31.97,31.29,30.6
Rajshahi,2009,8,10,32.04,32.11,31.53,30.2
Rajshahi,2009,8,11,31.98,32.12,31.53,30.6
Rajshahi,2009,8,12,32.01,32.14,31.53,30.4
Rajshahi,2009,8,13,32.08,32.08,31.58,30.3
Rajshahi,2009,8,14,31.99,32.08,31.55,29.2
Rajshahi,2009,8,15,31.4,31.68,31.32,27.9
Rajshahi,2009,8,16,30.82,31.01,30.75,28.1
Rajshahi,2009,8,17,30.77,31.02,30.73,28
Rajshahi,2009,8,18,31.01,31.13,30.92,28.7
Rajshahi,2009,8,19,30.93,31.22,30.98,27.5
Rajshahi,2009,8,20,30.49,30.96,30.85,26.9
Rajshahi,2009,8,21,30.13,30.55,30.51,26.5
Rajshahi,2009,8,22,29.98,30.02,30.14,28.6
Rajshahi,2009,8,23,30.94,31.07,30.58,29.8
Rajshahi,2009,8,24,31.9,31.77,31.33,28.5
Rajshahi,2009,8,25,31.24,31.22,30.95,28.9
Rajshahi,2009,8,26,31.51,31.51,31.17,29.6
Rajshahi,2009,8,27,31.84,31.74,31.28,28.1
Rajshahi,2009,8,28,30.9,31.07,30.75,26.6
Rajshahi,2009,8,29,29.21,29.94,30,28.1
Rajshahi,2009,8,30,30.86,30.95,30.62,29.9
Rajshahi,2009,8,31,31.93,31.9,31.4,28.1
Rajshahi,2009,9,1,31.03,31.35,30.99,29.5
Rajshahi,2009,9,2,31.86,31.78,31.37,30
Rajshahi,2009,9,3,32,32.07,31.58,30.8
Rajshahi,2009,9,4,32.22,32.26,31.61,28.9
Rajshahi,2009,9,5,31.4,31.57,31.24,29.4
Rajshahi,2009,9,6,31.77,31.73,31.34,28.3
Rajshahi,2009,9,7,30.97,31.11,30.76,27.2
Rajshahi,2009,9,8,30.46,30.69,30.55,29.3
Rajshahi,2009,9,9,31.5,31.51,31.23,27.7
Rajshahi,2009,9,10,30.6,30.91,30.6,25.8
Rajshahi,2009,9,11,28.9,29.76,29.72,26.3
Rajshahi,2009,9,12,29.21,29.65,29.53,28.8
Rajshahi,2009,9,13,31.03,31.17,30.61,30.5
Rajshahi,2009,9,14,31.98,32.01,31.32,31
Rajshahi,2009,9,15,32.17,32.21,31.62,31
Rajshahi,2009,9,16,32.11,32.27,31.6,29.5
Rajshahi,2009,9,17,31.52,31.63,31.02,29
Rajshahi,2009,9,18,31.48,31.6,31.23,28
Rajshahi,2009,9,19,30.81,30.99,30.59,29.9
Rajshahi,2009,9,20,31.98,31.92,31.43,29.3
Rajshahi,2009,9,21,31.65,31.67,31.33,28.7
Rajshahi,2009,9,22,31.24,31.43,31.05,27.1
Rajshahi,2009,9,23,30.57,30.83,30.64,28.3
Rajshahi,2009,9,24,30.9,31.06,30.63,28.3
Rajshahi,2009,9,25,30.88,31.04,30.6,28.4
Rajshahi,2009,9,26,30.94,31.08,30.66,28.2
Rajshahi,2009,9,27,30.87,30.94,30.5,29.6
Rajshahi,2009,9,28,31.7,31.77,31.17,30.4
Rajshahi,2009,9,29,32.09,32.09,31.55,29.4
Rajshahi,2009,9,30,31.9,31.89,31.5,29.1
Rajshahi,2009,10,1,31.47,31.58,31.2,29.4
Rajshahi,2009,10,2,31.46,31.57,30.89,29.4
Rajshahi,2009,10,3,31.59,31.69,31.15,28.6
Rajshahi,2009,10,4,31.14,31.27,30.96,27.6
Rajshahi,2009,10,5,30.43,30.76,30.27,26.8
Rajshahi,2009,10,6,29.44,30.06,30.26,26.9
Rajshahi,2009,10,7,30.11,30.45,30.3,27
Rajshahi,2009,10,8,30.46,30.62,30.4,28.1
Rajshahi,2009,10,9,30.94,31.1,30.78,28.2
Rajshahi,2009,10,10,30.83,31.09,30.8,27.7
Rajshahi,2009,10,11,30.64,30.94,30.62,27.6
Rajshahi,2009,10,12,29.83,29.98,29.74,27.7
Rajshahi,2009,10,13,29.99,30.04,29.76,27.3
Rajshahi,2009,10,14,29.69,29.97,29.76,27.3
Rajshahi,2009,10,15,29.65,29.96,29.74,27.3
Rajshahi,2009,10,16,29.71,30.01,29.8,28
Rajshahi,2009,10,17,30.18,30.07,29.58,27.9
Rajshahi,2009,10,18,30.66,30.66,30.2,28.4
Rajshahi,2009,10,19,30.84,30.84,30.37,27
Rajshahi,2009,10,20,30.15,30.36,29.99,25.2
Rajshahi,2009,10,21,27.11,27.61,27.65,24.4
Rajshahi,2009,10,22,26.77,27.52,27.62,24.5
Rajshahi,2009,10,23,26.23,26.71,26.68,25.3
Rajshahi,2009,10,24,27.38,27.78,27.82,25.2
Rajshahi,2009,10,25,26.85,27.38,27.18,25.4
Rajshahi,2009,10,26,27.1,27.38,27.4,24.2
Rajshahi,2009,10,27,26.25,27.07,27.07,23.3
Rajshahi,2009,10,28,25.09,25.74,26.03,23.6
Rajshahi,2009,10,29,24.96,25.2,25.28,23.9
Rajshahi,2009,10,30,25.97,26.14,26.02,24.3
Rajshahi,2009,10,31,26.3,26.95,27.08,24
Rajshahi,2009,11,1,26.05,26.1,25.79,24.2
Rajshahi,2009,11,2,25.97,26.39,26.18,24.7
Rajshahi,2009,11,3,26.9,27.44,27.26,25
Rajshahi,2009,11,4,27.37,28.36,28.27,25.5
Rajshahi,2009,11,5,27.86,28.1,27.95,26.2
Rajshahi,2009,11,6,28.64,28.52,27.98,25.7
Rajshahi,2009,11,7,28.09,28.79,28.42,25.6
Rajshahi,2009,11,8,27.83,28,27.82,24.4
Rajshahi,2009,11,9,26.71,27.35,27.45,23.3
Rajshahi,2009,11,10,25.25,26.21,26.37,24.9
Rajshahi,2009,11,11,26.29,26.46,26.24,24.3
Rajshahi,2009,11,12,26.93,27.64,27.43,24.3
Rajshahi,2009,11,13,26.46,27.2,27.12,24.4
Rajshahi,2009,11,14,26.07,26.34,26.04,25.3
Rajshahi,2009,11,15,27.05,27.26,27.09,26.6
Rajshahi,2009,11,16,28.32,28.87,28.48,25.6
Rajshahi,2009,11,17,28.64,29.3,29.16,26.1
Rajshahi,2009,11,18,28.16,28.77,28.4,23.3
Rajshahi,2009,11,19,25.91,26.96,27.94,22.8
Rajshahi,2009,11,20,24.67,26.02,26.32,21.8
Rajshahi,2009,11,21,22.85,23.87,23.59,19.8
Rajshahi,2009,11,22,20.78,21.99,22.32,18.1
Rajshahi,2009,11,23,19.71,20.94,21.3,19.6
Rajshahi,2009,11,24,20.21,20.94,21.01,20.6
Rajshahi,2009,11,25,21.76,22.57,22.34,20.4
Rajshahi,2009,11,26,21.91,22.66,22.69,19.5
Rajshahi,2009,11,27,20.94,21.62,22.01,18.3
Rajshahi,2009,11,28,20.02,21.12,21.31,18.1
Rajshahi,2009,11,29,19.71,20.97,21.36,20
Rajshahi,2009,11,30,21.18,21.77,21.46,20.3
Rajshahi,2009,12,1,21.72,22.5,22.29,20.8
Rajshahi,2009,12,2,22.09,23.34,23.49,20.8
Rajshahi,2009,12,3,22.09,23.26,23.33,20.7
Rajshahi,2009,12,4,21.97,22.74,22.96,19.8
Rajshahi,2009,12,5,20.75,21.72,21.95,19.3
Rajshahi,2009,12,6,20.45,21.38,21.7,18.9
Rajshahi,2009,12,7,20.54,21.39,21.82,18.5
Rajshahi,2009,12,8,20.28,21.38,21.78,18.1
Rajshahi,2009,12,9,19.9,21.14,21.7,17.9
Rajshahi,2009,12,10,19.36,20.4,20.58,17.7
Rajshahi,2009,12,11,19.24,20.27,20.37,15.6
Rajshahi,2009,12,12,18.41,20.05,20.53,17.2
Rajshahi,2009,12,13,18.92,20.09,20.68,17.4
Rajshahi,2009,12,14,19.01,20.42,20.68,18.4
Rajshahi,2009,12,15,19.97,21,21.19,18.2
Rajshahi,2009,12,16,19.72,20.82,21.09,17.8
Rajshahi,2009,12,17,19.43,20.38,20.61,19
Rajshahi,2009,12,18,20.14,21.16,21.54,19.6
Rajshahi,2009,12,19,20.92,21.64,22.05,20.3
Rajshahi,2009,12,20,21.56,22.38,22.15,20.1
Rajshahi,2009,12,21,21.42,22.43,22.45,17.8
Rajshahi,2009,12,22,19.34,20.64,20.88,16.6
Rajshahi,2009,12,23,18.33,19.42,19.91,16.1
Rajshahi,2009,12,24,18.29,19.55,20.08,15.4
Rajshahi,2009,12,25,17.98,19.5,20.01,14.3
Rajshahi,2009,12,26,17.14,18.64,19.09,14.1
Rajshahi,2009,12,27,16.8,18.08,18.78,13.9
Rajshahi,2009,12,28,17.03,17.88,18.75,14.3
Rajshahi,2009,12,29,17.07,18.52,19.01,14.3
Rajshahi,2009,12,30,17.25,18.7,19.12,13.4
Rajshahi,2009,12,31,16.68,17.76,18.68,15.8
Rajshahi,2010,1,1,17,18.7,19.45,16.4
Rajshahi,2010,1,2,16.7,17.8,19.1,14.2
Rajshahi,2010,1,3,15.1,16.15,17.8,15.4
Rajshahi,2010,1,4,15.3,16.55,16.9,13.7
Rajshahi,2010,1,5,15.4,16.1,16.5,13.3
Rajshahi,2010,1,6,15.5,16,16.45,14.7
Rajshahi,2010,1,7,16.05,16.55,16.9,15.3
Rajshahi,2010,1,8,16.9,18.35,18.7,16.4
Rajshahi,2010,1,9,17.8,17.9,18.2,16.9
Rajshahi,2010,1,10,16.8,17.5,17.7,16.2
Rajshahi,2010,1,11,16.9,17.2,17.7,15.6
Rajshahi,2010,1,12,15.55,16.8,18,13.4
Rajshahi,2010,1,13,14.85,15.8,16.85,10.9
Rajshahi,2010,1,14,17,18,18.3,12.6
Rajshahi,2010,1,15,17.4,18.6,18.7,16
Rajshahi,2010,1,16,15.2,16.6,17.6,16.2
Rajshahi,2010,1,17,15.9,17.8,18.6,13.2
Rajshahi,2010,1,18,15.1,17.1,17.7,13.8
Rajshahi,2010,1,19,16,17.3,18.25,12.3
Rajshahi,2010,1,20,15.4,17.1,18.2,13
Rajshahi,2010,1,21,16.45,17.9,18.3,13.7
Rajshahi,2010,1,22,16.7,16.8,17.7,16.1
Rajshahi,2010,1,23,16.4,17.55,18.1,15
Rajshahi,2010,1,24,17.2,18.1,18.4,15.4
Rajshahi,2010,1,25,18.2,18.5,18.6,16
Rajshahi,2010,1,26,18.5,18.65,18.7,18.5
Rajshahi,2010,1,27,17.1,16.8,17.6,17.6
Rajshahi,2010,1,28,17.85,19,19.2,16
Rajshahi,2010,1,29,18.1,19.05,18.8,16.4
Rajshahi,2010,1,30,17.8,18,18.3,17.1
Rajshahi,2010,1,31,17.95,18,18.35,17.1
Rajshahi,2010,2,1,18,19.3,19.7,17.6
Rajshahi,2010,2,2,18,18.5,18.7,17.3
Rajshahi,2010,2,3,17.7,18.8,19.5,17.5
Rajshahi,2010,2,4,17.9,19.2,19.6,17.1
Rajshahi,2010,2,5,18,17.8,18.5,17.4
Rajshahi,2010,2,6,18.35,19.45,19.8,16.9
Rajshahi,2010,2,7,18,18.7,19.4,17.9
Rajshahi,2010,2,8,18.9,20,20,18.1
Rajshahi,2010,2,9,19.35,19.8,20,18.7
Rajshahi,2010,2,10,19.7,19.8,19.8,19.9
Rajshahi,2010,2,11,22.4,21.75,21.8,20.6
Rajshahi,2010,2,12,21.5,21.5,20.9,21
Rajshahi,2010,2,13,21.6,22,21.85,21.4
Rajshahi,2010,2,14,21.5,21.8,21.8,20.6
Rajshahi,2010,2,15,20.95,21,20.9,20.4
Rajshahi,2010,2,16,22.4,22.5,22,20.3
Rajshahi,2010,2,17,24.1,24.15,22.7,22.9
Rajshahi,2010,2,18,23,23.3,22.5,23.1
Rajshahi,2010,2,19,20.8,21.2,21.1,20.2
Rajshahi,2010,2,20,22,22.6,22.2,19.8
Rajshahi,2010,2,21,21.9,22.4,22.3,19.8
Rajshahi,2010,2,22,18.65,19.75,19.2,19.9
Rajshahi,2010,2,23,24.7,22.5,22.25,20.1
Rajshahi,2010,2,24,23.3,23.5,23.15,21.4
Rajshahi,2010,2,25,24,24,23.8,23.9
Rajshahi,2010,2,26,24.7,24.4,23.6,23.3
Rajshahi,2010,2,27,21.5,23.5,23.05,22.7
Rajshahi,2010,2,28,24.1,24.7,23.9,22.8
Rajshahi,2010,3,1,24.5,24.1,24,24.3
Rajshahi,2010,3,2,24.5,24.35,24.4,24.4
Rajshahi,2010,3,3,24.7,23.7,23.7,24.7
Rajshahi,2010,3,4,25.9,25.9,25.15,25.6
Rajshahi,2010,3,5,26,26.3,25.5,25.3
Rajshahi,2010,3,6,26.6,26.5,26.5,26.9
Rajshahi,2010,3,7,26.15,25.8,25.6,26.4
Rajshahi,2010,3,8,27.05,26.15,25.55,25.6
Rajshahi,2010,3,9,27.3,27.05,25.9,24.9
Rajshahi,2010,3,10,25.7,26.5,25.4,24
Rajshahi,2010,3,11,25.5,26.3,25.3,23.4
Rajshahi,2010,3,12,26.5,26.8,25.7,23.6
Rajshahi,2010,3,13,25.9,26.2,25.65,24.2
Rajshahi,2010,3,14,27.7,27.45,26.75,24.7
Rajshahi,2010,3,15,28,27.1,26.05,26
Rajshahi,2010,3,16,28.6,27.5,26.45,26.9
Rajshahi,2010,3,17,28.8,27.7,26.7,25.6
Rajshahi,2010,3,18,28,27.9,27,27.1
Rajshahi,2010,3,19,28.6,27.9,27,26.6
Rajshahi,2010,3,20,29.2,28.3,27,27.2
Rajshahi,2010,3,21,30,30.5,29.5,27.9
Rajshahi,2010,3,22,29.5,29.5,29.3,29.6
Rajshahi,2010,3,23,30.1,30,29.7,29.5
Rajshahi,2010,3,24,33.05,33.05,33.2,30.6
Rajshahi,2010,3,25,33.3,33.1,32.6,31.2
Rajshahi,2010,3,26,31.4,31.1,30.1,31.3
Rajshahi,2010,3,27,32,31.5,31.5,30.5
Rajshahi,2010,3,28,32.4,30.2,29.8,29.5
Rajshahi,2010,3,29,32.3,32,31.5,30.7
Rajshahi,2010,3,30,32.85,32.4,31.55,29.1
Rajshahi,2010,3,31,33.25,32.4,30.9,29.8
Rajshahi,2010,4,1,33.85,32.1,30.2,30.2
Rajshahi,2010,4,2,34.4,32.5,30.8,32.3
Rajshahi,2010,4,3,34,32.7,31,32
Rajshahi,2010,4,4,34.7,33.1,31.4,32
Rajshahi,2010,4,5,32.45,33.25,31.5,31.4
Rajshahi,2010,4,6,35,33.45,31.9,32.5
Rajshahi,2010,4,7,35.3,33.5,31.9,32.4
Rajshahi,2010,4,8,35.6,33.6,32,32.7
Rajshahi,2010,4,9,35.4,34,32.4,32.1
Rajshahi,2010,4,10,34.3,33.6,32.25,31.3
Rajshahi,2010,4,11,34.8,33.8,32.4,32.6
Rajshahi,2010,4,12,35.4,33.9,32.25,33
Rajshahi,2010,4,13,35.9,34.3,32.8,32.5
Rajshahi,2010,4,14,34.5,34.6,33.5,31.5
Rajshahi,2010,4,15,34.8,34.2,34,31.4
Rajshahi,2010,4,16,30.8,31.25,31.5,30.4
Rajshahi,2010,4,17,31.5,31.8,32.05,28.4
Rajshahi,2010,4,18,32.1,31.4,31.5,30.3
Rajshahi,2010,4,19,33,32.9,32.3,29
Rajshahi,2010,4,20,33.8,33.2,33,32.2
Rajshahi,2010,4,21,34.05,33.45,33.05,33.4
Rajshahi,2010,4,22,35,33.4,32.8,32.9
Rajshahi,2010,4,23,35.15,33.9,33.65,32.9
Rajshahi,2010,4,24,34.8,34.9,33.8,32.6
Rajshahi,2010,4,25,33.3,34,33.2,31.2
Rajshahi,2010,4,26,31.6,31.5,31.6,32.1
Rajshahi,2010,4,27,30.6,32.6,32.5,28.3
Rajshahi,2010,4,28,30.3,31.45,31.5,27
Rajshahi,2010,4,29,32.6,32.5,31.9,30
Rajshahi,2010,4,30,32.5,32.8,32,29.2
Rajshahi,2010,5,1,32.6,32.6,31.9,28
Rajshahi,2010,5,2,33.5,33.2,32.2,30.7
Rajshahi,2010,5,3,31.6,33.95,33.15,29.2
Rajshahi,2010,5,4,34.5,33.7,32.5,30.6
Rajshahi,2010,5,5,32.5,33.1,32.5,30.5
Rajshahi,2010,5,6,31.05,32.2,32.1,27.4
Rajshahi,2010,5,7,31.4,32.45,31.8,27.8
Rajshahi,2010,5,8,30.75,31.9,31.4,26.9
Rajshahi,2010,5,9,32.6,33.1,32.3,28.2
Rajshahi,2010,5,10,33.8,33.75,32.7,31.4
Rajshahi,2010,5,11,35,35.25,34.4,33.1
Rajshahi,2010,5,12,36.8,34.5,33.8,33.9
Rajshahi,2010,5,13,36,34.1,33.25,33.6
Rajshahi,2010,5,14,35.1,35.25,34.15,31.7
Rajshahi,2010,5,15,32.5,34.2,33.5,29.5
Rajshahi,2010,5,16,34.9,34.1,33.4,30.9
Rajshahi,2010,5,17,34.35,34,33.8,32.8
Rajshahi,2010,5,18,33.55,33.55,33.3,30.8
Rajshahi,2010,5,19,33.5,33.5,33.4,31.6
Rajshahi,2010,5,20,33,33,32.8,31.5
Rajshahi,2010,5,21,29.8,31,30.7,28.9
Rajshahi,2010,5,22,32.1,32.2,32.1,26.5
Rajshahi,2010,5,23,32.1,32.15,32.1,28.6
Rajshahi,2010,5,24,31.55,31.6,31.1,30
Rajshahi,2010,5,25,32.4,33,32.4,29.2
Rajshahi,2010,5,26,32.35,32.9,32.3,28.9
Rajshahi,2010,5,27,32.1,32.4,32.3,29.4
Rajshahi,2010,5,28,32,32.85,32.15,28.9
Rajshahi,2010,5,29,33.5,33.1,32.3,28.7
Rajshahi,2010,5,30,35.25,34.2,32.9,31
Rajshahi,2010,5,31,34.6,34.5,33.15,32.2
Rajshahi,2010,6,1,34.2,29.2,33.5,29.3
Rajshahi,2010,6,2,33.85,33.6,32.05,30.9
Rajshahi,2010,6,3,32.3,32.7,32.2,30.7
Rajshahi,2010,6,4,31.7,32.8,32.5,29.4
Rajshahi,2010,6,5,32.7,31.8,32,27.5
Rajshahi,2010,6,6,33.1,32.3,32.2,29.3
Rajshahi,2010,6,7,32.55,34.6,35.55,30.4
Rajshahi,2010,6,8,34.4,34.2,33.1,32.9
Rajshahi,2010,6,9,33.5,33,33,29.9
Rajshahi,2010,6,10,34.5,34.9,33.65,30.4
Rajshahi,2010,6,11,36.5,35.2,33.95,32.1
Rajshahi,2010,6,12,35.1,34.75,34.85,32.3
Rajshahi,2010,6,13,34.6,34.5,34.8,30.2
Rajshahi,2010,6,14,34.4,34.4,34,30.1
Rajshahi,2010,6,15,32.9,33.6,34,31.1
Rajshahi,2010,6,16,33.55,32.95,33.3,29.1
Rajshahi,2010,6,17,30.8,30.85,30.8,29.5
Rajshahi,2010,6,18,32.8,32.75,32.4,28.3
Rajshahi,2010,6,19,33.2,33.35,32.6,30
Rajshahi,2010,6,20,33.2,33.4,32.65,30
Rajshahi,2010,6,21,33.6,33.5,33,31
Rajshahi,2010,6,22,28.8,31.85,32.8,30.9
Rajshahi,2010,6,23,31.9,33.4,33,29.2
Rajshahi,2010,6,24,31.7,33.1,32.7,28.6
Rajshahi,2010,6,25,32.75,33.15,32.9,29.5
Rajshahi,2010,6,26,31.7,32.9,32.5,29.7
Rajshahi,2010,6,27,29.55,31.8,32.75,28.3
Rajshahi,2010,6,28,30.9,31.1,31,29
Rajshahi,2010,6,29,31.4,31.2,31,28.8
Rajshahi,2010,6,30,31.6,31.4,31,27.6
Rajshahi,2010,7,1,33,32,31.85,28.9
Rajshahi,2010,7,2,31.6,31.65,31.25,29.9
Rajshahi,2010,7,3,32.2,31.9,31.5,29.3
Rajshahi,2010,7,4,32.4,32.2,32,29.8
Rajshahi,2010,7,5,32.1,31.9,32,29
Rajshahi,2010,7,6,33.4,32.2,32,29.9
Rajshahi,2010,7,7,32.9,32.6,32.15,29.5
Rajshahi,2010,7,8,32.75,33.7,32.9,29.9
Rajshahi,2010,7,9,32.7,32.8,32.5,30.3
Rajshahi,2010,7,10,33.3,33,32.6,31
Rajshahi,2010,7,11,31.3,30.7,30.2,29.9
Rajshahi,2010,7,12,30.2,32.5,32,28.6
Rajshahi,2010,7,13,31.3,32.4,32.1,28.2
Rajshahi,2010,7,14,32.2,32.4,32,27.9
Rajshahi,2010,7,15,32.95,32.8,32.1,29.9
Rajshahi,2010,7,16,33.6,33.3,32.7,30.3
Rajshahi,2010,7,17,33.8,33.75,32.8,30.6
Rajshahi,2010,7,18,33.05,33.7,33,30.9
Rajshahi,2010,7,19,32.9,33.2,33,30.4
Rajshahi,2010,7,20,33,33.3,33,30.6
Rajshahi,2010,7,21,32.7,33.5,33,30.3
Rajshahi,2010,7,22,31.7,32.45,31.8,29.8
Rajshahi,2010,7,23,33,33.5,33,30.2
Rajshahi,2010,7,24,31,31.7,31,29.9
Rajshahi,2010,7,25,31.75,31.5,31.5,29.6
Rajshahi,2010,7,26,31.5,32.2,32.2,29.5
Rajshahi,2010,7,27,32.4,31.7,32.1,27.9
Rajshahi,2010,7,28,32.9,32.5,32.5,29.7
Rajshahi,2010,7,29,32.4,32,32,31
Rajshahi,2010,7,30,32.3,32.3,32.2,29.3
Rajshahi,2010,7,31,31.5,32.2,32.2,29.4
Rajshahi,2010,8,1,31.72,31.67,31.25,28
Rajshahi,2010,8,2,30.87,31.03,30.71,28.4
Rajshahi,2010,8,3,30.97,31.09,30.78,29.9
Rajshahi,2010,8,4,32.05,31.94,31.45,30.2
Rajshahi,2010,8,5,32.09,32.1,31.49,30.5
Rajshahi,2010,8,6,32.1,32.1,31.48,30.1
Rajshahi,2010,8,7,32.06,31.98,31.43,29.9
Rajshahi,2010,8,8,31.89,31.92,31.4,30.3
Rajshahi,2010,8,9,32.23,32.15,31.52,31
Rajshahi,2010,8,10,32.13,32.14,31.51,31.7
Rajshahi,2010,8,11,32.84,32.58,31.69,32.2
Rajshahi,2010,8,12,34.18,33.55,32.72,29.3
Rajshahi,2010,8,13,31.45,31.71,31.39,28
Rajshahi,2010,8,14,30.75,31.07,30.91,29.6
Rajshahi,2010,8,15,31.87,31.75,31.31,29.3
Rajshahi,2010,8,16,31.61,31.58,31.28,28.6
Rajshahi,2010,8,17,31.2,31.34,31.02,30.4
Rajshahi,2010,8,18,32.04,32.07,31.5,30.4
Rajshahi,2010,8,19,32,32.06,31.54,29.3
Rajshahi,2010,8,20,31.47,31.58,31.31,29.8
Rajshahi,2010,8,21,32.09,31.98,31.56,28
Rajshahi,2010,8,22,30.93,30.98,30.67,29.1
Rajshahi,2010,8,23,31.31,31.43,31.1,28.2
Rajshahi,2010,8,24,30.77,31.16,30.94,28
Rajshahi,2010,8,25,30.83,31.01,30.58,27.7
Rajshahi,2010,8,26,30.71,30.92,30.6,28.8
Rajshahi,2010,8,27,31.21,31.32,30.93,29.3
Rajshahi,2010,8,28,31.62,31.65,31.32,29.4
Rajshahi,2010,8,29,31.76,31.73,31.27,29.9
Rajshahi,2010,8,30,31.99,31.9,31.43,29.9
Rajshahi,2010,8,31,31.94,31.89,31.41,30.1
Rajshahi,2010,9,1,32.09,32.03,31.51,29.4
Rajshahi,2010,9,2,31.78,31.79,31.41,29.9
Rajshahi,2010,9,3,31.9,31.96,31.43,30.3
Rajshahi,2010,9,4,32.06,32.03,31.47,30.8
Rajshahi,2010,9,5,32.21,32.29,31.64,31.1
Rajshahi,2010,9,6,32.26,32.26,31.67,30.9
Rajshahi,2010,9,7,32.21,32.21,31.62,31.1
Rajshahi,2010,9,8,32.12,32.11,31.5,29.1
Rajshahi,2010,9,9,31.57,31.67,31.3,28
Rajshahi,2010,9,10,31.02,31.17,30.93,29
Rajshahi,2010,9,11,31.52,31.52,31.13,30.5
Rajshahi,2010,9,12,32.28,32.14,31.57,26.4
Rajshahi,2010,9,13,30.31,30.26,30.31,28.3
Rajshahi,2010,9,14,31.04,31.04,30.51,27.7
Rajshahi,2010,9,15,30.88,31.07,30.73,27.6
Rajshahi,2010,9,16,30.65,31,30.7,26.5
Rajshahi,2010,9,17,30.14,30.05,30.13,28.6
Rajshahi,2010,9,18,31.21,31.12,30.71,27.4
Rajshahi,2010,9,19,30.66,30.68,30.54,27
Rajshahi,2010,9,20,30.3,30.64,30.41,27.9
Rajshahi,2010,9,21,30.72,30.94,30.57,28.8
Rajshahi,2010,9,22,30.73,30.94,30.37,28.4
Rajshahi,2010,9,23,31.03,31.15,30.89,27.7
Rajshahi,2010,9,24,30.71,30.91,30.52,28.4
Rajshahi,2010,9,25,30.83,31.1,30.62,27.2
Rajshahi,2010,9,26,30.28,30.58,30.3,27.6
Rajshahi,2010,9,27,30.68,31.01,30.68,28.9
Rajshahi,2010,9,28,31.37,31.48,31.04,29.3
Rajshahi,2010,9,29,31.66,31.73,31.38,28.5
Rajshahi,2010,9,30,31.02,31.22,30.78,27.9
Rajshahi,2010,10,1,30.53,30.64,30.19,28.5
Rajshahi,2010,10,2,30.15,30.13,29.69,29.4
Rajshahi,2010,10,3,31.4,31.66,31.05,29.8
Rajshahi,2010,10,4,31.9,31.79,31.31,30.4
Rajshahi,2010,10,5,32,31.97,31.36,30
Rajshahi,2010,10,6,32.02,31.98,31.47,28.4
Rajshahi,2010,10,7,30.9,31.15,30.65,27
Rajshahi,2010,10,8,30.26,30.56,30.32,23.4
Rajshahi,2010,10,9,26.17,27.21,28.15,23.6
Rajshahi,2010,10,10,26.23,27,27.63,25
Rajshahi,2010,10,11,27.65,28.68,28.52,27.2
Rajshahi,2010,10,12,29.68,29.95,29.72,26.5
Rajshahi,2010,10,13,29.35,29.53,29.32,27.3
Rajshahi,2010,10,14,29.94,29.98,29.71,27.7
Rajshahi,2010,10,15,30.52,30.63,30.15,27.9
Rajshahi,2010,10,16,30.91,30.88,30.47,26.6
Rajshahi,2010,10,17,29.46,29.84,29.74,27.2
Rajshahi,2010,10,18,30.45,30.66,30.44,26.9
Rajshahi,2010,10,19,30.09,30.48,30.4,28.4
Rajshahi,2010,10,20,30.99,31.06,30.52,28.8
Rajshahi,2010,10,21,31.01,31.22,30.72,28.8
Rajshahi,2010,10,22,30.87,31.01,30.4,27.4
Rajshahi,2010,10,23,30.16,30.53,30.36,27
Rajshahi,2010,10,24,29.97,30.48,30.13,27.2
Rajshahi,2010,10,25,30.07,30.43,30.03,26.9
Rajshahi,2010,10,26,29.45,29.86,29.69,26.2
Rajshahi,2010,10,27,28.24,28.87,28.51,26.3
Rajshahi,2010,10,28,28.21,28.85,28.42,25.4
Rajshahi,2010,10,29,27.62,28.52,28.34,24.3
Rajshahi,2010,10,30,26.48,27.26,27.13,24.3
Rajshahi,2010,10,31,26.23,26.85,26.64,25
Rajshahi,2010,11,1,27.11,27.69,27.77,26.2
Rajshahi,2010,11,2,28.01,27.71,27.69,21.4
Rajshahi,2010,11,3,24.78,25.11,26.14,22.2
Rajshahi,2010,11,4,24.58,25.73,25.66,23.8
Rajshahi,2010,11,5,25.79,26.65,26.49,24.4
Rajshahi,2010,11,6,26.52,27.59,27.63,24.9
Rajshahi,2010,11,7,27.15,27.74,27.69,25.7
Rajshahi,2010,11,8,27.83,27.67,27.37,26
Rajshahi,2010,11,9,28.3,28.92,28.77,25.2
Rajshahi,2010,11,10,27.76,27.56,27.38,24.2
Rajshahi,2010,11,11,26.31,27.19,27.04,23.8
Rajshahi,2010,11,12,25.76,26.53,26.36,23.5
Rajshahi,2010,11,13,25.3,26.28,26.34,24
Rajshahi,2010,11,14,26.1,26.52,26.42,23.8
Rajshahi,2010,11,15,25.79,26.79,26.85,24
Rajshahi,2010,11,16,26.2,27.03,27.05,23.8
Rajshahi,2010,11,17,25.46,26.45,26.23,23.9
Rajshahi,2010,11,18,25.99,26.9,26.72,24.5
Rajshahi,2010,11,19,26.59,27.31,27.29,25.3
Rajshahi,2010,11,20,27.26,27.52,27.38,25.2
Rajshahi,2010,11,21,27.63,28.51,28.36,23.7
Rajshahi,2010,11,22,25.88,26.81,26.97,20.6
Rajshahi,2010,11,23,22.09,22.9,23.09,19.4
Rajshahi,2010,11,24,20.85,21.82,22.28,20.6
Rajshahi,2010,11,25,22.18,22.95,23.02,21.4
Rajshahi,2010,11,26,22.78,23.82,24.08,22.1
Rajshahi,2010,11,27,23.37,24.13,24.29,23
Rajshahi,2010,11,28,24.98,25.78,25.51,23.2
Rajshahi,2010,11,29,25.02,25.94,26.11,22.6
Rajshahi,2010,11,30,24.63,25.62,24.84,21.1
Rajshahi,2010,12,1,22.61,23.87,24.34,18.3
Rajshahi,2010,12,2,20.19,21.56,21.94,18.6
Rajshahi,2010,12,3,20.04,21.02,21.28,18.9
Rajshahi,2010,12,4,20.1,21.46,21.87,19.3
Rajshahi,2010,12,5,20.51,21.72,22.15,18.9
Rajshahi,2010,12,6,20.54,21.61,22.03,20.5
Rajshahi,2010,12,7,21.78,22.44,21.95,20.9
Rajshahi,2010,12,8,22.97,23.5,23.43,21.6
Rajshahi,2010,12,9,24.24,25.12,25.34,20.7
Rajshahi,2010,12,10,23.55,23.75,24.33,18.8
Rajshahi,2010,12,11,21.19,21.69,21.83,21.1
Rajshahi,2010,12,12,22.38,23.66,23.6,20.3
Rajshahi,2010,12,13,21.82,22.77,22.87,18.2
Rajshahi,2010,12,14,19.89,21.14,21.46,16.7
Rajshahi,2010,12,15,18.74,20.22,20.58,16.3
Rajshahi,2010,12,16,18.33,19.57,20.06,15.7
Rajshahi,2010,12,17,18.08,19.34,19.93,17.7
Rajshahi,2010,12,18,19.24,20.29,20.47,17.9
Rajshahi,2010,12,19,19.22,20.57,20.76,16.3
Rajshahi,2010,12,20,18.33,19.56,20.03,16.8
Rajshahi,2010,12,21,18.53,19.55,20.01,16.4
Rajshahi,2010,12,22,18.31,19.48,20,15.3
Rajshahi,2010,12,23,17.76,19.14,19.6,14.4
Rajshahi,2010,12,24,17.07,18.67,19.12,14.4
Rajshahi,2010,12,25,17.2,18.7,19.12,14.7
Rajshahi,2010,12,26,17.46,18.85,19.23,14.5
Rajshahi,2010,12,27,17.53,18.86,19.2,14.8
Rajshahi,2010,12,28,17.45,18.86,19.23,14.8
Rajshahi,2010,12,29,17.47,18.83,19.19,14.6
Rajshahi,2010,12,30,17.48,18.81,19.18,16.1
Rajshahi,2010,12,31,18.22,19.44,20.02,17.1
Rajshahi,2011,1,1,18.2,19.2,19.6,17.4
Rajshahi,2011,1,2,17.8,19.4,19.9,17.6
Rajshahi,2011,1,3,17.2,18.05,19.1,14.7
Rajshahi,2011,1,4,17.25,19,19.6,15
Rajshahi,2011,1,5,17.1,18.05,18.8,15.7
Rajshahi,2011,1,6,17.1,18,18.8,15.2
Rajshahi,2011,1,7,16.85,17.7,18.6,15.4
Rajshahi,2011,1,8,18.6,19.4,19.5,13.8
Rajshahi,2011,1,9,17.3,18.45,19,15.2
Rajshahi,2011,1,10,16.9,18.3,18.95,14.9
Rajshahi,2011,1,11,16.75,18.25,18.9,11.6
Rajshahi,2011,1,12,14.75,17.1,18.6,11.6
Rajshahi,2011,1,13,15.4,16.5,17.6,10
Rajshahi,2011,1,14,16.1,16.5,17.5,11.6
Rajshahi,2011,1,15,16.1,17.6,18.2,12.2
Rajshahi,2011,1,16,17.35,17.8,18.25,13.7
Rajshahi,2011,1,17,15.8,16.6,17.7,16.2
Rajshahi,2011,1,18,16.05,17.7,18.6,12.3
Rajshahi,2011,1,19,15.55,17.1,18,13.1
Rajshahi,2011,1,20,15.65,17.2,18,14.2
Rajshahi,2011,1,21,15.45,17,17.95,14.2
Rajshahi,2011,1,22,15.55,17.2,17.95,14.1
Rajshahi,2011,1,23,16.2,17.3,17.5,14.5
Rajshahi,2011,1,24,17.3,17.8,18.2,15.3
Rajshahi,2011,1,25,17.4,18,18.3,16.4
Rajshahi,2011,1,26,17.4,18,18.5,17.2
Rajshahi,2011,1,27,18.5,18.9,18.9,17.4
Rajshahi,2011,1,28,17.55,18.4,18.75,16.9
Rajshahi,2011,1,29,17.4,18.7,18.8,15.2
Rajshahi,2011,1,30,18.2,18.8,18.8,15.9
Rajshahi,2011,1,31,18.5,18.1,18.35,17.3
Rajshahi,2011,2,1,18,18.65,18.75,18.3
Rajshahi,2011,2,2,19.05,18.65,18.9,16.7
Rajshahi,2011,2,3,18.8,19.8,19.7,17
Rajshahi,2011,2,4,19,19,18.8,18.3
Rajshahi,2011,2,5,19.3,19.65,19.5,18.8
Rajshahi,2011,2,6,19.6,19.35,19.85,19.1
Rajshahi,2011,2,7,19.7,19.1,19.9,19.2
Rajshahi,2011,2,8,20.4,21.1,20.6,19.5
Rajshahi,2011,2,9,20,20.5,20.6,21.3
Rajshahi,2011,2,10,19.6,19.5,19.65,19.5
Rajshahi,2011,2,11,19.6,19.1,19.4,17.6
Rajshahi,2011,2,12,20.3,20.8,20.45,17.6
Rajshahi,2011,2,13,20.3,20.55,20.75,18.5
Rajshahi,2011,2,14,21,21.15,20.8,19.6
Rajshahi,2011,2,15,21.6,21.2,20.8,20.7
Rajshahi,2011,2,16,22.5,22.1,21.35,22
Rajshahi,2011,2,17,22.1,22.6,22,23.3
Rajshahi,2011,2,18,21.35,22,21.9,18.6
Rajshahi,2011,2,19,22,21.9,21.9,18.8
Rajshahi,2011,2,20,22.2,22.3,22,20.5
Rajshahi,2011,2,21,21.5,22.4,21.65,21.5
Rajshahi,2011,2,22,21.15,21.75,21.1,18.9
Rajshahi,2011,2,23,21.2,21.9,21.5,19.5
Rajshahi,2011,2,24,20.7,21,21,19.8
Rajshahi,2011,2,25,20,20.3,20.5,19.5
Rajshahi,2011,2,26,22.3,21.7,21.6,19.6
Rajshahi,2011,2,27,21.5,21.5,21,21.6
Rajshahi,2011,2,28,22,23,22.3,21
Rajshahi,2011,3,1,20,20,20,20.4
Rajshahi,2011,3,2,20.7,20.7,20.8,20.1
Rajshahi,2011,3,3,21.6,20.8,20.7,21
Rajshahi,2011,3,4,24.2,24,23.7,23.1
Rajshahi,2011,3,5,25.3,24.6,23.7,24.1
Rajshahi,2011,3,6,25.5,25,25,25.5
Rajshahi,2011,3,7,25.6,24.8,25,25.4
Rajshahi,2011,3,8,24.7,24.7,24.1,22.5
Rajshahi,2011,3,9,25.05,24.95,24.5,23.5
Rajshahi,2011,3,10,26.8,25.5,24.5,25.1
Rajshahi,2011,3,11,25,25.7,24.9,25.3
Rajshahi,2011,3,12,25.8,25.7,24.9,24
Rajshahi,2011,3,13,26.4,26.25,25.95,23.9
Rajshahi,2011,3,14,27.15,27.1,26.45,23.6
Rajshahi,2011,3,15,27.8,27.3,26.5,24.8
Rajshahi,2011,3,16,27,25.7,25.1,24.9
Rajshahi,2011,3,17,26.4,26,25.4,24.9
Rajshahi,2011,3,18,25.1,26.6,25.6,26.8
Rajshahi,2011,3,19,29.65,28.4,26.65,27.2
Rajshahi,2011,3,20,30.1,29.5,28.4,29
Rajshahi,2011,3,21,29.7,29.55,29.5,30
Rajshahi,2011,3,22,29.7,29.7,29.6,29.3
Rajshahi,2011,3,23,30.7,28.7,28.1,29.2
Rajshahi,2011,3,24,30.7,28.8,28,29.3
Rajshahi,2011,3,25,29.7,28.15,27.5,29
Rajshahi,2011,3,26,28.7,28.7,29.1,28.2
Rajshahi,2011,3,27,29.7,29.5,29.5,28.4
Rajshahi,2011,3,28,27.2,29,28.4,25.5
Rajshahi,2011,3,29,26.75,25,25.5,23.2
Rajshahi,2011,3,30,27.3,27.7,27.6,24.7
Rajshahi,2011,3,31,29,30,29.4,25.9
Rajshahi,2011,4,1,29.8,29.5,29.3,26
Rajshahi,2011,4,2,30.3,28.7,28,28.3
Rajshahi,2011,4,3,31.1,29.9,28.9,28.7
Rajshahi,2011,4,4,26.7,28.8,28.5,26.8
Rajshahi,2011,4,5,27.7,27.7,27.9,23.9
Rajshahi,2011,4,6,28.5,28.1,27.9,24.8
Rajshahi,2011,4,7,28.1,28.5,27.9,27
Rajshahi,2011,4,8,29.8,28.9,28.15,27.7
Rajshahi,2011,4,9,27.2,28.9,28.35,28
Rajshahi,2011,4,10,28.8,28.4,28.05,25.9
Rajshahi,2011,4,11,29.4,28.9,28.5,28.1
Rajshahi,2011,4,12,29.7,29.4,28.6,29
Rajshahi,2011,4,13,30.5,30.1,28.5,29.5
Rajshahi,2011,4,14,30.6,30.3,28.8,28.6
Rajshahi,2011,4,15,29.85,29.35,28.6,26.8
Rajshahi,2011,4,16,30,30.7,30.1,27
Rajshahi,2011,4,17,29.5,29.3,29.2,28.4
Rajshahi,2011,4,18,31.6,30.6,29.55,28.4
Rajshahi,2011,4,19,28.9,28.6,28.7,28.6
Rajshahi,2011,4,20,30.7,31.1,30.5,27.4
Rajshahi,2011,4,21,31.2,30.6,30.2,28
Rajshahi,2011,4,22,30.9,30.5,30.4,30.1
Rajshahi,2011,4,23,32.55,30.45,30.25,28.7
Rajshahi,2011,4,24,31.5,32.1,31.2,29
Rajshahi,2011,4,25,29.4,29.7,30,28.3
Rajshahi,2011,4,26,28.6,29.1,29.4,25.5
Rajshahi,2011,4,27,29.7,29.4,29.4,26.6
Rajshahi,2011,4,28,29.6,30.35,29.9,27.5
Rajshahi,2011,4,29,30.2,30.1,29.6,25.6
Rajshahi,2011,4,30,31.3,30.9,30,27.5
Rajshahi,2011,5,1,32,31.4,30.3,28.7
Rajshahi,2011,5,2,31.2,31.4,30.7,29.8
Rajshahi,2011,5,3,31.95,31.6,30.7,29.2
Rajshahi,2011,5,4,30.4,31.4,30.8,28.7
Rajshahi,2011,5,5,29,30.5,30.2,25.6
Rajshahi,2011,5,6,30.8,30.8,30.3,27.7
Rajshahi,2011,5,7,32.4,32,30.9,29.9
Rajshahi,2011,5,8,31,31,30.2,28.8
Rajshahi,2011,5,9,31.05,31.3,30.65,28.4
Rajshahi,2011,5,10,30.8,31,30.4,28.1
Rajshahi,2011,5,11,30.8,31.4,31.2,28.7
Rajshahi,2011,5,12,30.6,31.4,30.8,27.5
Rajshahi,2011,5,13,31.5,31,31,28.1
Rajshahi,2011,5,14,31.7,32,31.5,28.5
Rajshahi,2011,5,15,32.3,31.7,31.5,28.9
Rajshahi,2011,5,16,33,33,32.8,31.3
Rajshahi,2011,5,17,32.8,32.4,32.1,31.4
Rajshahi,2011,5,18,32.5,32.3,32,31.1
Rajshahi,2011,5,19,29.5,31.3,31,28.7
Rajshahi,2011,5,20,30.2,30.3,30,24.8
Rajshahi,2011,5,21,28.3,29.9,30.3,28
Rajshahi,2011,5,22,31,30.7,30.8,26.3
Rajshahi,2011,5,23,31.7,31.8,31.6,29.4
Rajshahi,2011,5,24,30.4,31.5,31.1,28.7
Rajshahi,2011,5,25,31.2,30.9,30.8,27.4
Rajshahi,2011,5,26,31.3,31.25,30.7,28
Rajshahi,2011,5,27,33.1,32.45,31.45,30
Rajshahi,2011,5,28,32.6,32.15,31.4,30.3
Rajshahi,2011,5,29,31.6,32.6,32,29.5
Rajshahi,2011,5,30,32.1,32.2,31.7,27.9
Rajshahi,2011,5,31,32.6,32.6,31.8,29.9
Rajshahi,2011,6,1,32.65,32.4,31.65,28.8
Rajshahi,2011,6,2,32.15,32.5,31.8,31
Rajshahi,2011,6,3,26.6,32.5,32.1,29.9
Rajshahi,2011,6,4,31.8,32.5,31.7,30.8
Rajshahi,2011,6,5,32.3,31.8,31.5,29.2
Rajshahi,2011,6,6,34,32.9,32.5,31.1
Rajshahi,2011,6,7,34.5,32.85,32.5,32
Rajshahi,2011,6,8,33.65,34,33.1,30.9
Rajshahi,2011,6,9,33.5,33.8,33.1,29.4
Rajshahi,2011,6,10,33.9,33.15,33.1,30.6
Rajshahi,2011,6,11,33.95,33.4,33.1,32
Rajshahi,2011,6,12,32.85,33,33,30.1
Rajshahi,2011,6,13,33.4,33.7,33,28.9
Rajshahi,2011,6,14,33.6,33.1,33,31
Rajshahi,2011,6,15,31.7,32.35,33.3,29.1
Rajshahi,2011,6,16,31.8,32.3,32.8,29.2
Rajshahi,2011,6,17,29.5,31.7,32.1,28.8
Rajshahi,2011,6,18,28.8,30.8,31.3,27
Rajshahi,2011,6,19,28.8,29.7,30.3,26.4
Rajshahi,2011,6,20,29.2,29.7,30,28.2
Rajshahi,2011,6,21,31.45,30.7,30.6,28.2
Rajshahi,2011,6,22,33.3,32.2,31.15,29.4
Rajshahi,2011,6,23,33.7,32.9,31.8,30.3
Rajshahi,2011,6,24,31.9,32.3,31.8,29.3
Rajshahi,2011,6,25,33.15,32.5,31.65,28.4
Rajshahi,2011,6,26,31.6,32.4,31.9,29.8
Rajshahi,2011,6,27,29.6,29.85,29.8,27.9
Rajshahi,2011,6,28,30.5,30.8,30.6,27.5
Rajshahi,2011,6,29,31,30.7,30.3,27.5
Rajshahi,2011,6,30,30,30.2,30.5,27.4
Rajshahi,2011,7,1,30.3,31,30.9,27.3
Rajshahi,2011,7,2,29.9,29.95,29.95,27
Rajshahi,2011,7,3,30.3,30.8,30.8,27
Rajshahi,2011,7,4,30.2,29.7,29.7,27.9
Rajshahi,2011,7,5,31,30.6,30.5,28.7
Rajshahi,2011,7,6,31.3,30.8,30.9,28.2
Rajshahi,2011,7,7,30.8,30.95,30.7,28.3
Rajshahi,2011,7,8,30.7,31.4,31.1,27.9
Rajshahi,2011,7,9,31.8,32.8,32.2,29.7
Rajshahi,2011,7,10,33.45,32.85,32.05,30
Rajshahi,2011,7,11,33.2,33.2,32.2,30.9
Rajshahi,2011,7,12,33.3,32.9,32.3,29.9
Rajshahi,2011,7,13,33,32.7,32.05,29.8
Rajshahi,2011,7,14,32.2,32.7,32.05,30.1
Rajshahi,2011,7,15,31.6,32,32,29.9
Rajshahi,2011,7,16,31.5,32.5,32.1,29.7
Rajshahi,2011,7,17,31.3,32.2,32,29.2
Rajshahi,2011,7,18,32.6,32.2,32,28.7
Rajshahi,2011,7,19,31.3,32.5,32,30
Rajshahi,2011,7,20,30.7,32,31.85,28.8
Rajshahi,2011,7,21,31.2,31.8,31.45,28.1
Rajshahi,2011,7,22,30.25,31.25,30.8,28.6
Rajshahi,2011,7,23,30.05,31.3,30.9,28.1
Rajshahi,2011,7,24,30.25,31.3,31.1,28.7
Rajshahi,2011,7,25,30.35,31.5,30.9,28.8
Rajshahi,2011,7,26,31.8,31.4,31.5,30.9
Rajshahi,2011,7,27,30.6,30.5,30.6,30
Rajshahi,2011,7,28,31.3,32,32.4,30.2
Rajshahi,2011,7,29,31.4,32.2,31.4,30.8
Rajshahi,2011,7,30,31.35,32,31.95,30.5
Rajshahi,2011,7,31,33.3,33.45,32.8,31.2
Rajshahi,2011,8,1,32.4,32.55,32.3,30.7
Rajshahi,2011,8,2,33.8,34,33.1,31.3
Rajshahi,2011,8,3,31.5,31.2,31.5,30.3
Rajshahi,2011,8,4,30,31.4,31.8,28.9
Rajshahi,2011,8,5,29.8,31.9,32.1,28.5
Rajshahi,2011,8,6,29.7,30.45,31.25,27.1
Rajshahi,2011,8,7,30.2,31.2,31.2,27.7
Rajshahi,2011,8,8,29.05,30,30,27.9
Rajshahi,2011,8,9,28.75,29.6,30.25,26.7
Rajshahi,2011,8,10,27.8,29.1,29.5,25.8
Rajshahi,2011,8,11,29.2,29.4,29.25,26.2
Rajshahi,2011,8,12,29.5,30,29.8,28
Rajshahi,2011,8,13,28.95,29.8,29.75,28
Rajshahi,2011,8,14,28.8,29.5,29.8,26.1
Rajshahi,2011,8,15,29.8,29.5,29.55,27
Rajshahi,2011,8,16,29.15,30,29.9,28.1
Rajshahi,2011,8,17,29.15,29.95,34,27.4
Rajshahi,2011,8,18,29.1,29.8,30,25.6
Rajshahi,2011,8,19,29.1,30.55,30.5,27.9
Rajshahi,2011,8,20,30.35,30.8,30.5,29.1
Rajshahi,2011,8,21,32.15,31.25,30.9,30.3
Rajshahi,2011,8,22,30.8,31.6,30.9,29.5
Rajshahi,2011,8,23,30.3,31.3,31.3,29.6
Rajshahi,2011,8,24,30.25,31.1,31.5,30
Rajshahi,2011,8,25,31.5,31.5,31.5,28.9
Rajshahi,2011,8,26,31.6,31.7,31.9,28.6
Rajshahi,2011,8,27,31.75,32,31.8,29.3
Rajshahi,2011,8,28,31.9,31.9,31.8,29.6
Rajshahi,2011,8,29,32.2,32.5,31.8,30.2
Rajshahi,2011,8,30,32.45,32.7,31.9,31.1
Rajshahi,2011,8,31,30.85,32.1,31.9,31.2
Rajshahi,2011,9,1,30.2,32.2,32.1,29.1
Rajshahi,2011,9,2,31.6,32.3,32.1,29.5
Rajshahi,2011,9,3,32,32.7,32.2,29.4
Rajshahi,2011,9,4,31.4,32.5,32.1,29.7
Rajshahi,2011,9,5,31.8,32.45,32.05,30.1
Rajshahi,2011,9,6,31.7,32.5,32,29.9
Rajshahi,2011,9,7,30.4,32.3,31.9,29.1
Rajshahi,2011,9,8,30.1,31.1,31,28.5
Rajshahi,2011,9,9,30.4,31.3,31.2,27.5
Rajshahi,2011,9,10,30.35,31.1,31.15,28
Rajshahi,2011,9,11,30.2,31.25,31.1,28.8
Rajshahi,2011,9,12,30.75,30.5,30.5,30
Rajshahi,2011,9,13,30.9,30.75,30.7,31
Rajshahi,2011,9,14,30.65,31.05,31.5,31.6
Rajshahi,2011,9,15,29.5,30.6,31.2,29.3
Rajshahi,2011,9,16,29.8,31.2,31.1,26.8
Rajshahi,2011,9,17,29.6,30.8,31,26.8
Rajshahi,2011,9,18,33.1,31.3,31.2,27.3
Rajshahi,2011,9,19,30.4,31.2,30.95,27
Rajshahi,2011,9,20,31.25,31.45,30.9,28.4
Rajshahi,2011,9,21,31.4,32.05,31.3,29.8
Rajshahi,2011,9,22,30.9,32,31.25,28.9
Rajshahi,2011,9,23,30.05,31.6,31.2,28.8
Rajshahi,2011,9,24,30.4,30.9,30.95,27.2
Rajshahi,2011,9,25,29,31.05,30.7,27.5
Rajshahi,2011,9,26,29.7,30.8,30.7,27.5
Rajshahi,2011,9,27,28.55,30.3,29.75,27.9
Rajshahi,2011,9,28,30.35,31.4,30.8,27.8
Rajshahi,2011,9,29,30.2,31.5,31,28.6
Rajshahi,2011,9,30,30.25,30.75,31,28.9
Rajshahi,2011,10,1,30.3,31.3,31.1,29
Rajshahi,2011,10,2,30.1,31.15,31.1,28.7
Rajshahi,2011,10,3,30,30,30.3,28.7
Rajshahi,2011,10,4,30.6,30.9,30.9,28.7
Rajshahi,2011,10,5,30.85,30.95,31.25,28.7
Rajshahi,2011,10,6,30.6,31.5,30.9,29.3
Rajshahi,2011,10,7,30.5,31.1,31.5,29.2
Rajshahi,2011,10,8,31,30.8,30.6,27.1
Rajshahi,2011,10,9,30.8,31.8,31.3,29.1
Rajshahi,2011,10,10,29.4,30.85,31.15,29.4
Rajshahi,2011,10,11,31,31.5,31.1,27.7
Rajshahi,2011,10,12,30.7,31.6,31.2,29.2
Rajshahi,2011,10,13,30.45,31.4,31,28.7
Rajshahi,2011,10,14,30.3,31.2,30.9,28.3
Rajshahi,2011,10,15,30.5,30.65,30.65,27.6
Rajshahi,2011,10,16,30.7,30.8,30.6,28.1
Rajshahi,2011,10,17,30.6,31.2,30.9,28.4
Rajshahi,2011,10,18,29.5,31.1,30.9,28.8
Rajshahi,2011,10,19,30,30.55,30.7,26.1
Rajshahi,2011,10,20,30.9,30.9,30.7,27.4
Rajshahi,2011,10,21,30.3,30.7,30.3,27.6
Rajshahi,2011,10,22,30,30.3,30.3,25.9
Rajshahi,2011,10,23,28.9,29.4,29.8,26.4
Rajshahi,2011,10,24,28.2,28.8,29.3,26.2
Rajshahi,2011,10,25,28.05,28.9,29.3,26.1
Rajshahi,2011,10,26,28.6,29.6,25.9,26
Rajshahi,2011,10,27,28.5,29.2,29.5,26
Rajshahi,2011,10,28,27.9,28.1,28,25.2
Rajshahi,2011,10,29,27.3,28.1,28.5,24.4
Rajshahi,2011,10,30,27.55,27.9,28.5,24.1
Rajshahi,2011,10,31,26.4,27.8,27.9,22.9
Rajshahi,2011,11,1,27.3,27.2,27.5,22.3
Rajshahi,2011,11,2,27,26.9,27,23.5
Rajshahi,2011,11,3,26.5,27.45,27.8,23.3
Rajshahi,2011,11,4,25.5,27.3,27.7,23.2
Rajshahi,2011,11,5,26.1,27.2,27.6,22.9
Rajshahi,2011,11,6,25.7,27,27.4,23
Rajshahi,2011,11,7,25.9,27.05,27.45,23.1
Rajshahi,2011,11,8,25.6,26.1,27.3,23.2
Rajshahi,2011,11,9,25.5,25.9,26.9,22.9
Rajshahi,2011,11,10,25.5,26.6,27,22.5
Rajshahi,2011,11,11,25.5,26.6,27,23
Rajshahi,2011,11,12,26,26.7,27,24
Rajshahi,2011,11,13,25.6,26.95,27.1,24.7
Rajshahi,2011,11,14,25.7,26.9,27.1,23.1
Rajshahi,2011,11,15,25.5,26.3,26.3,22.8
Rajshahi,2011,11,16,25,25.3,25.7,22.9
Rajshahi,2011,11,17,25.05,25.3,25.7,23.3
Rajshahi,2011,11,18,24.8,25.2,26.05,21.6
Rajshahi,2011,11,19,24.4,24.95,25.6,21
Rajshahi,2011,11,20,23.6,24.9,25.1,21
Rajshahi,2011,11,21,23.85,24.5,25,21.7
Rajshahi,2011,11,22,23.65,23.5,23.95,21.8
Rajshahi,2011,11,23,23.5,24.2,24.75,22
Rajshahi,2011,11,24,23.05,23.6,24.4,22.2
Rajshahi,2011,11,25,23.2,24.4,24.3,21.3
Rajshahi,2011,11,26,23.2,22.55,22.8,21.3
Rajshahi,2011,11,27,23.5,24,24.2,21
Rajshahi,2011,11,28,22.7,24.4,25.1,21
Rajshahi,2011,11,29,22.1,23.95,23.6,20
Rajshahi,2011,11,30,21.8,23.8,24.4,19
Rajshahi,2011,12,1,22.1,23.9,24.5,19
Rajshahi,2011,12,2,22,23.6,24.4,20.5
Rajshahi,2011,12,3,22.8,24,24.15,21.6
Rajshahi,2011,12,4,22.6,23.9,24.3,21.9
Rajshahi,2011,12,5,23.2,24.3,24.4,21.9
Rajshahi,2011,12,6,23.1,24.4,24.5,22.5
Rajshahi,2011,12,7,22.75,24.35,24.4,21.5
Rajshahi,2011,12,8,21.6,22.05,22.8,21.5
Rajshahi,2011,12,9,21.3,21.25,21.3,21.3
Rajshahi,2011,12,10,20.8,21,21.15,18
Rajshahi,2011,12,11,20.9,21.25,21.3,18.1
Rajshahi,2011,12,12,20.6,21.5,21.5,19.6
Rajshahi,2011,12,13,20.7,22.2,22.5,17.8
Rajshahi,2011,12,14,18.75,20.1,20.3,17
Rajshahi,2011,12,15,18,19.2,19.5,14.7
Rajshahi,2011,12,16,18.3,19.7,20.2,15
Rajshahi,2011,12,17,16.3,16.25,16.45,13.2
Rajshahi,2011,12,18,16.6,16.6,16.5,13.3
Rajshahi,2011,12,19,18.7,18.8,18.8,15.2
Rajshahi,2011,12,20,18.3,18.3,18.5,15.7
Rajshahi,2011,12,21,18.35,17.75,17.85,13.5
Rajshahi,2011,12,22,18.2,21,22.15,12.6
Rajshahi,2011,12,23,16.5,19,20.25,13.1
Rajshahi,2011,12,24,16.8,19.4,19.9,11.7
Rajshahi,2011,12,25,16.7,18.6,19.9,13.3
Rajshahi,2011,12,26,17.4,19.1,19.8,16.3
Rajshahi,2011,12,27,17.4,19.25,19.8,17.4
Rajshahi,2011,12,28,17.8,19.5,19.85,17
Rajshahi,2011,12,29,18.6,19.6,20.1,17.7
Rajshahi,2011,12,30,18.7,20,20.4,18.9
Rajshahi,2011,12,31,18.5,19.9,20.3,18
Rajshahi,2012,1,1,19.4,20.05,20.45,19.6
Rajshahi,2012,1,2,19.3,20.6,20.75,20.5
Rajshahi,2012,1,3,19.5,20.7,21,17.1
Rajshahi,2012,1,4,20.4,21,21,17.8
Rajshahi,2012,1,5,19.5,20.5,20.5,16.9
Rajshahi,2012,1,6,20.55,20.25,20.3,17.6
Rajshahi,2012,1,7,19.5,20.3,20.7,18.8
Rajshahi,2012,1,8,20,20.1,20,18.5
Rajshahi,2012,1,9,20.2,20.4,20.1,19.7
Rajshahi,2012,1,10,20.3,20.3,20.3,19.1
Rajshahi,2012,1,11,20.3,20.15,20.2,18.6
Rajshahi,2012,1,12,18.55,20.3,21,16.8
Rajshahi,2012,1,13,18.55,19.6,19.35,14.3
Rajshahi,2012,1,14,18.4,18.7,19,13.9
Rajshahi,2012,1,15,18,18.2,18.3,13.8
Rajshahi,2012,1,16,18.3,18.3,18.4,13.4
Rajshahi,2012,1,17,18.9,18.9,18.75,14.5
Rajshahi,2012,1,18,20.1,19.6,18.8,17.7
Rajshahi,2012,1,19,19.25,20.1,20,17.8
Rajshahi,2012,1,20,19.45,20.15,20.1,17.5
Rajshahi,2012,1,21,18.7,19.8,20.1,17.7
Rajshahi,2012,1,22,17.1,19.4,20.05,16.1
Rajshahi,2012,1,23,16.55,18,18.3,13.8
Rajshahi,2012,1,24,16.8,18.4,18.55,14.2
Rajshahi,2012,1,25,16.7,18.6,19.4,14.7
Rajshahi,2012,1,26,18.2,19.3,19.5,15.8
Rajshahi,2012,1,27,18.9,19.4,19.7,17.3
Rajshahi,2012,1,28,17.9,17.65,18.35,17.7
Rajshahi,2012,1,29,18.35,19.3,18.9,16.7
Rajshahi,2012,1,30,17.5,18,17.7,17
Rajshahi,2012,1,31,17.65,18,17.85,16.3
Rajshahi,2012,2,1,17.5,18.1,18.8,16.3
Rajshahi,2012,2,2,16.2,17.5,17.85,16.9
Rajshahi,2012,2,3,17.2,18.4,18.2,15.3
Rajshahi,2012,2,4,18.2,18.5,18.5,16.7
Rajshahi,2012,2,5,18.15,18.5,18.8,17.4
Rajshahi,2012,2,6,18.45,18.5,19.1,18.4
Rajshahi,2012,2,7,19.9,20.2,20.15,19.8
Rajshahi,2012,2,8,20.2,20.6,20.3,19.6
Rajshahi,2012,2,9,20.5,21,20.7,21.8
Rajshahi,2012,2,10,19.2,20.7,20.8,19.4
Rajshahi,2012,2,11,18.3,20,20.5,15.5
Rajshahi,2012,2,12,18.3,20,20.3,15.6
Rajshahi,2012,2,13,18.5,19.9,20.25,16.2
Rajshahi,2012,2,14,18.8,20.1,20.4,18.2
Rajshahi,2012,2,15,19.7,20.7,20.7,20.5
Rajshahi,2012,2,16,21.4,21.9,21.3,22.7
Rajshahi,2012,2,17,22.4,22.4,21.8,22
Rajshahi,2012,2,18,22,22.5,22,22.6
Rajshahi,2012,2,19,20.6,22.15,22.05,20
Rajshahi,2012,2,20,20.4,22.1,22.05,18.9
Rajshahi,2012,2,21,20.7,22.05,22,19.5
Rajshahi,2012,2,22,20.6,20.35,20.65,21.2
Rajshahi,2012,2,23,22.5,23,22.6,21.7
Rajshahi,2012,2,24,22.5,22.6,22.5,23
Rajshahi,2012,2,25,21.5,22.3,22,23.3
Rajshahi,2012,2,26,21.2,21.4,21.8,22.7
Rajshahi,2012,2,27,20.8,21,21.1,23.3
Rajshahi,2012,2,28,21.3,22.75,22.3,19.9
Rajshahi,2012,2,29,21.2,21.2,21.5,20.6
Rajshahi,2012,3,1,20.8,20.9,21.05,22.6
Rajshahi,2012,3,2,21.5,21.6,21.5,22.2
Rajshahi,2012,3,3,21.6,21.5,21.5,21.7
Rajshahi,2012,3,4,22.7,23.6,23.2,21.7
Rajshahi,2012,3,5,23.8,24.3,23.7,23.4
Rajshahi,2012,3,6,24.7,24.4,24.5,24.8
Rajshahi,2012,3,7,25.8,25.2,24.8,25.3
Rajshahi,2012,3,8,27.05,28.1,24.9,26.3
Rajshahi,2012,3,9,26.8,27.7,26.6,25
Rajshahi,2012,3,10,27.05,27.8,26.8,24.7
Rajshahi,2012,3,11,26.7,26.7,26.65,24.1
Rajshahi,2012,3,12,25.8,24.9,25,23.2
Rajshahi,2012,3,13,25.7,25.4,26.1,24.6
Rajshahi,2012,3,14,24.7,25.2,25.1,22.3
Rajshahi,2012,3,15,25.5,25.7,26,22.8
Rajshahi,2012,3,16,26.1,25.5,25.95,22.3
Rajshahi,2012,3,17,25.2,24.2,24.4,23.6
Rajshahi,2012,3,18,26.55,26.1,25.5,24.3
Rajshahi,2012,3,19,27.85,27.95,26.9,25.4
Rajshahi,2012,3,20,27.3,27.4,27.2,25.4
Rajshahi,2012,3,21,28.85,28.3,27.3,26.9
Rajshahi,2012,3,22,28.7,28,26.9,28.6
Rajshahi,2012,3,23,27.5,27.4,26.9,26.3
Rajshahi,2012,3,24,27.7,27.6,26.9,23.7
Rajshahi,2012,3,25,28,27.7,26.9,25.3
Rajshahi,2012,3,26,28.3,28.2,27.1,26.1
Rajshahi,2012,3,27,28.4,27.65,27.2,27.2
Rajshahi,2012,3,28,31.1,30.55,29.55,28
Rajshahi,2012,3,29,29.8,29.2,28,29.5
Rajshahi,2012,3,30,29.6,29.3,28.15,29.3
Rajshahi,2012,3,31,30,29.5,28.3,29.6
Rajshahi,2012,4,1,28.9,28.5,28.2,28.6
Rajshahi,2012,4,2,29.3,29.15,28.6,27
Rajshahi,2012,4,3,30,30.2,29.8,28.2
Rajshahi,2012,4,4,29.2,29.7,29.8,29.5
Rajshahi,2012,4,5,28.7,29.1,29.05,26.3
Rajshahi,2012,4,6,26.8,27.9,28.1,26.8
Rajshahi,2012,4,7,26.4,26.15,26.35,24
Rajshahi,2012,4,8,25.6,25.8,25.6,23.2
Rajshahi,2012,4,9,22.9,23.5,23.7,24.9
Rajshahi,2012,4,10,25.55,25,24.65,22.7
Rajshahi,2012,4,11,26.5,26.1,26.3,23.1
Rajshahi,2012,4,12,27.3,27.7,28,26.4
Rajshahi,2012,4,13,29,29.1,28.3,25.3
Rajshahi,2012,4,14,29.5,29.8,29,27.9
Rajshahi,2012,4,15,28.8,27.8,27.65,28.7
Rajshahi,2012,4,16,27.8,26.7,27,28.3
Rajshahi,2012,4,17,30.6,30.35,29.4,29
Rajshahi,2012,4,18,30.6,30.8,29.8,30.1
Rajshahi,2012,4,19,31.5,31.2,29.85,31.4
Rajshahi,2012,4,20,31.6,31.7,30.45,31.9
Rajshahi,2012,4,21,34.4,32.5,31.1,32
Rajshahi,2012,4,22,33.85,34.2,33.3,30.6
Rajshahi,2012,4,23,32.6,32.7,31.4,31.3
Rajshahi,2012,4,24,35,32.3,31,31.9
Rajshahi,2012,4,25,31.6,32.9,31.8,31.6
Rajshahi,2012,4,26,31.05,31.8,31.9,29.2
Rajshahi,2012,4,27,35.2,33.35,31.55,30.3
Rajshahi,2012,4,28,35,33.8,32.9,31.4
Rajshahi,2012,4,29,35.5,34.3,33.5,30.5
Rajshahi,2012,4,30,34.25,33.8,33.7,32.1
Rajshahi,2012,5,1,34,33.35,31.8,32
Rajshahi,2012,5,2,32.1,30.7,30.5,30.1
Rajshahi,2012,5,3,31.1,32,31.6,28.1
Rajshahi,2012,5,4,29.9,31.4,31,27.8
Rajshahi,2012,5,5,31,30.5,30.55,26.5
Rajshahi,2012,5,6,31.3,30.8,31.2,28.5
Rajshahi,2012,5,7,31.35,30.4,30.5,29.8
Rajshahi,2012,5,8,34,32.7,32,30.3
Rajshahi,2012,5,9,32.5,32.5,32.3,31.6
Rajshahi,2012,5,10,32.8,32.4,32.5,31.6
Rajshahi,2012,5,11,32.6,32.6,32.4,31.6
Rajshahi,2012,5,12,32.85,32,32.05,27.7
Rajshahi,2012,5,13,35.5,34.1,32.6,31.7
Rajshahi,2012,5,14,35.9,34.9,32.7,32.6
Rajshahi,2012,5,15,35.7,35,33.3,34
Rajshahi,2012,5,16,35.65,35,33.7,32.6
Rajshahi,2012,5,17,36.55,35.35,33,32.6
Rajshahi,2012,5,18,35.5,35.1,33.95,32.3
Rajshahi,2012,5,19,35,35,33.9,31.4
Rajshahi,2012,5,20,33.85,34.7,33.7,29.9
Rajshahi,2012,5,21,34.3,34.4,33.5,31.6
Rajshahi,2012,5,22,36.1,34.5,32.9,31.9
Rajshahi,2012,5,23,36.9,35,33.7,33.7
Rajshahi,2012,5,24,36.8,35.1,33.85,34.4
Rajshahi,2012,5,25,36.65,36.8,35.7,34.4
Rajshahi,2012,5,26,33.5,33.3,33.2,31.5
Rajshahi,2012,5,27,34.6,33.35,32.5,32.5
Rajshahi,2012,5,28,35,34.8,34,31.7
Rajshahi,2012,5,29,34.2,34,34,32.7
Rajshahi,2012,5,30,35,34.55,34.45,32.8
Rajshahi,2012,5,31,35.7,34.75,34.4,32.1
Rajshahi,2012,6,1,35.2,32.2,34.5,33.4
Rajshahi,2012,6,2,31.7,33.6,33.7,31.9
Rajshahi,2012,6,3,34.5,34.5,34.5,31.5
Rajshahi,2012,6,4,35.2,35,34.45,33
Rajshahi,2012,6,5,32.1,33.7,33.5,34.2
Rajshahi,2012,6,6,31.9,33,33.2,28.8
Rajshahi,2012,6,7,32.7,33.3,32.9,29.6
Rajshahi,2012,6,8,34.7,34.35,33,29.4
Rajshahi,2012,6,9,34.3,34,33.6,31.9
Rajshahi,2012,6,10,35,34.3,33.5,31.6
Rajshahi,2012,6,11,34.2,34.6,36.3,32.5
Rajshahi,2012,6,12,34.6,34.4,33.8,30.5
Rajshahi,2012,6,13,34.7,34.3,33.7,30.5
Rajshahi,2012,6,14,33,34.3,34,31.9
Rajshahi,2012,6,15,34.45,34.2,34,32.7
Rajshahi,2012,6,16,34.1,33.5,33.35,32.8
Rajshahi,2012,6,17,33.2,33.2,32.5,30.9
Rajshahi,2012,6,18,33,33,32.8,28.6
Rajshahi,2012,6,19,33,32.7,32.5,29.6
Rajshahi,2012,6,20,33.8,33.6,33.7,31.2
Rajshahi,2012,6,21,32.4,33.5,33.6,30.8
Rajshahi,2012,6,22,32,31.9,31.5,29.2
Rajshahi,2012,6,23,31,31.5,31.7,28.8
Rajshahi,2012,6,24,30.6,30.6,30.7,28.5
Rajshahi,2012,6,25,31.6,31.1,31.35,27
Rajshahi,2012,6,26,32.8,32.25,31.5,29.3
Rajshahi,2012,6,27,33.7,32.5,31.7,30.5
Rajshahi,2012,6,28,33,32.3,31.5,31.4
Rajshahi,2012,6,29,31.9,31.8,31.55,30.4
Rajshahi,2012,6,30,31.7,32,31.7,30.7
Rajshahi,2012,7,1,33.6,32.25,30.7,30.2
Rajshahi,2012,7,2,35.2,34,33,31.4
Rajshahi,2012,7,3,32.9,32.4,32,30.6
Rajshahi,2012,7,4,32.9,32.8,32.8,28.6
Rajshahi,2012,7,5,32.7,32.3,32.1,29
Rajshahi,2012,7,6,29.9,31.45,31.45,27.8
Rajshahi,2012,7,7,31.4,31.7,31.3,27.7
Rajshahi,2012,7,8,33.2,32,31.35,28.9
Rajshahi,2012,7,9,33.2,32.3,31.6,29.4
Rajshahi,2012,7,10,33.5,32.3,31.9,29
Rajshahi,2012,7,11,33.9,32.5,31.9,29.6
Rajshahi,2012,7,12,31.2,31.5,31.1,29.1
Rajshahi,2012,7,13,31.7,32,31.7,27.9
Rajshahi,2012,7,14,31.9,31.6,31.5,28.5
Rajshahi,2012,7,15,32.85,31.6,31.25,27.6
Rajshahi,2012,7,16,31,32,31.95,27.9
Rajshahi,2012,7,17,31,32.1,31.95,28
Rajshahi,2012,7,18,31.65,31.7,31.95,28.7
Rajshahi,2012,7,19,31.4,31.7,31.7,28.3
Rajshahi,2012,7,20,31.6,31.4,31.6,28.3
Rajshahi,2012,7,21,31.4,31.55,31.35,29.8
Rajshahi,2012,7,22,32.8,32.5,31.8,29.3
Rajshahi,2012,7,23,33.2,32.4,31.9,29.8
Rajshahi,2012,7,24,32.5,33,32.7,30.4
Rajshahi,2012,7,25,32.4,32.8,32.6,29.7
Rajshahi,2012,7,26,32.95,32.5,31.7,29.9
Rajshahi,2012,7,27,33.2,32.8,32.15,29.6
Rajshahi,2012,7,28,33,32.5,32,29.3
Rajshahi,2012,7,29,33,32.3,32.05,29.1
Rajshahi,2012,7,30,32,31.9,31.6,27.7
Rajshahi,2012,7,31,31.9,31.3,31.2,28.8
Rajshahi,2012,8,1,33.6,32.25,30.7,29.2
Rajshahi,2012,8,2,35.2,34,33,29.2
Rajshahi,2012,8,3,32.9,32.4,32,29.8
Rajshahi,2012,8,4,32.9,32.8,32.8,30.4
Rajshahi,2012,8,5,32.7,32.3,32.1,30.6
Rajshahi,2012,8,6,29.9,31.45,31.45,29.4
Rajshahi,2012,8,7,31.4,31.7,31.3,28.9
Rajshahi,2012,8,8,33.2,32,31.35,29
Rajshahi,2012,8,9,33.2,32.3,31.6,29.4
Rajshahi,2012,8,10,33.5,32.3,31.9,27.8
Rajshahi,2012,8,11,32.5,31.8,31.1,29.4
Rajshahi,2012,8,12,32.6,31.5,31.1,28.6
Rajshahi,2012,8,13,30.3,30.2,30,28
Rajshahi,2012,8,14,31.6,31.6,31.1,27.6
Rajshahi,2012,8,15,31.9,31.75,31.7,29.6
Rajshahi,2012,8,16,31.6,32.1,32,30.7
Rajshahi,2012,8,17,33,32.4,32,29.1
Rajshahi,2012,8,18,33.1,32.4,32,30.1
Rajshahi,2012,8,19,32.9,32.25,32,30.2
Rajshahi,2012,8,20,32.8,33,32.2,30.8
Rajshahi,2012,8,21,32.3,33.1,32.05,28.9
Rajshahi,2012,8,22,31.75,31.8,31.9,28.9
Rajshahi,2012,8,23,33,32,31.7,28.9
Rajshahi,2012,8,24,33.1,32,31.8,29.2
Rajshahi,2012,8,25,32,32,31.65,29.3
Rajshahi,2012,8,26,32.9,31.75,31.55,28.6
Rajshahi,2012,8,27,32.4,31.7,31,29.7
Rajshahi,2012,8,28,31.55,31.4,31.1,29.9
Rajshahi,2012,8,29,33.2,32.6,32.3,31.1
Rajshahi,2012,8,30,32.5,32,31.7,31.3
Rajshahi,2012,8,31,33.8,33,32.3,29.8
Rajshahi,2012,9,1,34.4,33.5,32.7,29.9
Rajshahi,2012,9,2,33.8,33.2,32.9,31
Rajshahi,2012,9,3,32.9,33,32.3,30.7
Rajshahi,2012,9,4,31.7,31.55,32.5,29.3
Rajshahi,2012,9,5,30.7,31.1,31,27.6
Rajshahi,2012,9,6,29.8,29.8,30,27
Rajshahi,2012,9,7,31.7,32,31.7,26.9
Rajshahi,2012,9,8,33.5,32.5,31.75,29.4
Rajshahi,2012,9,9,33,32.1,31.35,30.4
Rajshahi,2012,9,10,31.1,31.9,31.4,28.4
Rajshahi,2012,9,11,31.3,31.6,31.15,28.1
Rajshahi,2012,9,12,31.8,32,31.25,28.4
Rajshahi,2012,9,13,31.3,31.5,31.1,29.5
Rajshahi,2012,9,14,31.6,31.1,31.1,28.9
Rajshahi,2012,9,15,30.5,31.3,31,27.2
Rajshahi,2012,9,16,30.4,30.95,31.15,27.9
Rajshahi,2012,9,17,29.2,30.75,30.6,27
Rajshahi,2012,9,18,30.8,30.2,30.1,27.1
Rajshahi,2012,9,19,31.95,30.8,30.2,28.8
Rajshahi,2012,9,20,32.7,31.8,30.8,30
Rajshahi,2012,9,21,33,32,31.5,29.6
Rajshahi,2012,9,22,31.7,32.05,31.9,29.9
Rajshahi,2012,9,23,31,31.65,31.5,29
Rajshahi,2012,9,24,31.3,30.55,31,29.3
Rajshahi,2012,9,25,33.4,31.5,31.1,29.3
Rajshahi,2012,9,26,33,32.1,31.3,29.1
Rajshahi,2012,9,27,32.5,32,32.2,29.6
Rajshahi,2012,9,28,31.9,31.9,31.9,30.2
Rajshahi,2012,9,29,32,32.55,32.5,30.5
Rajshahi,2012,9,30,31.8,31.6,31.5,29
Rajshahi,2012,10,1,31.5,31.7,31.7,27.1
Rajshahi,2012,10,2,31.8,31.65,32,29.8
Rajshahi,2012,10,3,31.8,32,31.9,29.8
Rajshahi,2012,10,4,31,31.45,31.35,29.5
Rajshahi,2012,10,5,30.7,30.9,30.9,26.1
Rajshahi,2012,10,6,30.35,31,30.8,27.3
Rajshahi,2012,10,7,29,29.4,29,28.4
Rajshahi,2012,10,8,31,31.6,31,28.1
Rajshahi,2012,10,9,29.95,30.55,29.9,29.2
Rajshahi,2012,10,10,27.9,30.8,30.8,26.6
Rajshahi,2012,10,11,30,30.1,30.3,25.3
Rajshahi,2012,10,12,30.85,30.4,30.35,27.7
Rajshahi,2012,10,13,30.7,30.4,30.2,28.2
Rajshahi,2012,10,14,30.5,30.65,30.45,28.2
Rajshahi,2012,10,15,28.9,30.1,30.1,25.3
Rajshahi,2012,10,16,29.1,29.3,29.5,26.1
Rajshahi,2012,10,17,28.7,29.35,29.8,26
Rajshahi,2012,10,18,30.1,29.2,29.6,26.3
Rajshahi,2012,10,19,30,28.9,29.25,26.7
Rajshahi,2012,10,20,28.55,29.7,29.3,25.9
Rajshahi,2012,10,21,29.3,29.5,29.7,25.7
Rajshahi,2012,10,22,28.1,28.55,28.55,25.9
Rajshahi,2012,10,23,28,28.9,29.2,24.6
Rajshahi,2012,10,24,26.5,26.3,26,24.9
Rajshahi,2012,10,25,28,29.2,29,23.9
Rajshahi,2012,10,26,27.9,28.5,28.5,24.7
Rajshahi,2012,10,27,27.2,27.8,28.05,24
Rajshahi,2012,10,28,27.45,28.3,28.4,24.2
Rajshahi,2012,10,29,26.15,27.35,27.6,25
Rajshahi,2012,10,30,26.8,28.1,28.2,25
Rajshahi,2012,10,31,27.2,28.2,28.3,25.1
Rajshahi,2012,11,1,26.6,28.1,28.3,24.8
Rajshahi,2012,11,2,26.4,27.8,28.1,24.7
Rajshahi,2012,11,3,25,27.4,27.4,25.1
Rajshahi,2012,11,4,24.4,27.1,27.3,22.4
Rajshahi,2012,11,5,23.5,25.7,26.5,21.5
Rajshahi,2012,11,6,23.6,25.45,25.6,22.7
Rajshahi,2012,11,7,24.9,25.7,26,21.9
Rajshahi,2012,11,8,25.05,25.45,26,23.3
Rajshahi,2012,11,9,24.8,25.05,25.1,22.6
Rajshahi,2012,11,10,24,24.3,24.5,21.6
Rajshahi,2012,11,11,24.4,24.3,24.5,21.2
Rajshahi,2012,11,12,24.3,24.6,25.3,21.5
Rajshahi,2012,11,13,24.9,24.6,25.35,22.2
Rajshahi,2012,11,14,24.4,25.45,25.3,22.2
Rajshahi,2012,11,15,25.3,26.4,26.3,21.9
Rajshahi,2012,11,16,25,25.2,25.8,21.8
Rajshahi,2012,11,17,25.05,23.9,24.85,21.9
Rajshahi,2012,11,18,23.55,24.3,24.3,21.6
Rajshahi,2012,11,19,24.3,25,24.7,23.4
Rajshahi,2012,11,20,24.6,25.4,25.3,23.6
Rajshahi,2012,11,21,24.2,24.5,24.9,23.3
Rajshahi,2012,11,22,22.7,23.7,24.25,21.7
Rajshahi,2012,11,23,22.6,23.6,24.6,19.9
Rajshahi,2012,11,24,21.8,24.1,24.8,19.1
Rajshahi,2012,11,25,22.05,23.2,24.2,18.7
Rajshahi,2012,11,26,20.75,23,24.05,18.9
Rajshahi,2012,11,27,20.8,22.9,23.7,18.8
Rajshahi,2012,11,28,20.3,22.55,23.45,18.2
Rajshahi,2012,11,29,20.55,22.4,22.8,18.1
Rajshahi,2012,11,30,20.35,22.25,23.2,18.5
Rajshahi,2012,12,1,20.3,22.1,23.2,18.2
Rajshahi,2012,12,2,20.05,22,22.8,18.5
Rajshahi,2012,12,3,20.1,22,22.7,19.3
Rajshahi,2012,12,4,19.8,20.9,22.6,18.1
Rajshahi,2012,12,5,20,21.8,22.45,18.2
Rajshahi,2012,12,6,19.8,21.35,21.55,17.7
Rajshahi,2012,12,7,20.2,20.7,21.5,17.5
Rajshahi,2012,12,8,20.2,21,21.35,17.6
Rajshahi,2012,12,9,19.8,20.9,21,17.2
Rajshahi,2012,12,10,19.9,21.35,21.5,18.1
Rajshahi,2012,12,11,20.1,21.1,21.45,18.1
Rajshahi,2012,12,12,20.3,21.55,22.15,18.7
Rajshahi,2012,12,13,20.9,21.2,21.5,17.7
Rajshahi,2012,12,14,21.3,21.6,21.6,20.2
Rajshahi,2012,12,15,19.2,19.5,19.5,20.3
Rajshahi,2012,12,16,19.9,20.4,21.1,18.9
Rajshahi,2012,12,17,19.8,19.65,20.65,18.4
Rajshahi,2012,12,18,19.25,19.85,20.6,17.2
Rajshahi,2012,12,19,19.6,21.2,21.7,16.8
Rajshahi,2012,12,20,18.9,21.05,21.7,17.2
Rajshahi,2012,12,21,18.55,20.8,21.55,15.2
Rajshahi,2012,12,22,17.5,20,21.1,14.3
Rajshahi,2012,12,23,17.05,19.6,20.7,13.4
Rajshahi,2012,12,24,17.2,19.4,20.3,13.3
Rajshahi,2012,12,25,17.3,19.4,20.4,13.9
Rajshahi,2012,12,26,16.6,18.4,19,14.3
Rajshahi,2012,12,27,17.4,19.15,19.8,12.5
Rajshahi,2012,12,28,18,19,18.15,14.1
Rajshahi,2012,12,29,17.5,18.8,18.5,14.9
Rajshahi,2012,12,30,17.6,19.3,19.5,14.4
Rajshahi,2012,12,31,17.7,18.4,18.6,14.4
Rajshahi,2013,1,1,16.9,17.95,18.7,15.4
Rajshahi,2013,1,2,17.8,18.3,18.5,15.7
Rajshahi,2013,1,3,18.5,19.3,19.5,17.4
Rajshahi,2013,1,4,17.4,17.5,17.9,18.2
Rajshahi,2013,1,5,16.8,17,17.15,17.3
Rajshahi,2013,1,6,16.1,17.35,18.2,15.5
Rajshahi,2013,1,7,16.5,18.1,18.55,15.1
Rajshahi,2013,1,8,16.2,19.25,20.2,12.7
Rajshahi,2013,1,9,15.5,16,16,10.7
Rajshahi,2013,1,10,15.55,16.1,16.15,10.5
Rajshahi,2013,1,11,14.9,15.85,17.1,11.1
Rajshahi,2013,1,12,15.1,17.35,17.6,12.5
Rajshahi,2013,1,13,15.9,17.2,18.05,13.6
Rajshahi,2013,1,14,16.3,17.5,18.3,15
Rajshahi,2013,1,15,17,17.9,18.4,15.9
Rajshahi,2013,1,16,16.9,17.85,18.4,16.8
Rajshahi,2013,1,17,17.05,18.3,18.6,17.4
Rajshahi,2013,1,18,18.35,18.4,18.5,18
Rajshahi,2013,1,19,18.7,19.4,19.3,18.7
Rajshahi,2013,1,20,19.1,19.5,19.7,19.3
Rajshahi,2013,1,21,18.6,19.5,19.8,18.6
Rajshahi,2013,1,22,19.1,19.7,19.8,16.2
Rajshahi,2013,1,23,19.2,19.6,19.6,16.2
Rajshahi,2013,1,24,18.8,19.3,19.5,16.4
Rajshahi,2013,1,25,18.3,19,19.3,15
Rajshahi,2013,1,26,16.6,17.5,18.15,13.2
Rajshahi,2013,1,27,17.3,17.7,17.5,13.1
Rajshahi,2013,1,28,17.25,18.3,18.5,14.3
Rajshahi,2013,1,29,19,19.3,19.5,16
Rajshahi,2013,1,30,19.65,19.6,19.5,16.5
Rajshahi,2013,1,31,18.55,18.7,19.05,16.4
Rajshahi,2013,2,1,18.65,19.6,20.2,17.8
Rajshahi,2013,2,2,20,18.8,19,17.2
Rajshahi,2013,2,3,20,22,23,18.8
Rajshahi,2013,2,4,19.7,19.2,19.4,19.4
Rajshahi,2013,2,5,19.8,20,20,20
Rajshahi,2013,2,6,19.8,19.5,19.5,20.3
Rajshahi,2013,2,7,21.4,21,20.2,21.2
Rajshahi,2013,2,8,19.9,19.9,19.5,21.2
Rajshahi,2013,2,9,19.2,19.4,20,19
Rajshahi,2013,2,10,19.8,20.7,21,17.4
Rajshahi,2013,2,11,19.8,20.45,20.8,18.6
Rajshahi,2013,2,12,20.1,20.5,20.6,18.2
Rajshahi,2013,2,13,20.5,21,20.8,19.6
Rajshahi,2013,2,14,20.65,21.1,21,20.5
Rajshahi,2013,2,15,20.4,21.05,21.1,19.8
Rajshahi,2013,2,16,19.5,21.3,21.3,21.4
Rajshahi,2013,2,17,18.4,19.65,19.8,20.2
Rajshahi,2013,2,18,20.65,21.1,21.15,17.3
Rajshahi,2013,2,19,20.5,21.3,21.1,19
Rajshahi,2013,2,20,21.1,21.4,21.15,18.2
Rajshahi,2013,2,21,21.3,21.7,21.4,19.7
Rajshahi,2013,2,22,21.8,22,21.5,20.7
Rajshahi,2013,2,23,22.15,22.2,21.5,21.4
Rajshahi,2013,2,24,22.8,22.85,22.3,22.7
Rajshahi,2013,2,25,23.3,23.25,22.5,23
Rajshahi,2013,2,26,23.45,23.5,22.4,22.5
Rajshahi,2013,2,27,23.95,23.8,22.7,22.3
Rajshahi,2013,2,28,23.6,24,23.3,22.2
Rajshahi,2013,3,1,23.55,24,23.4,23.5
Rajshahi,2013,3,2,23.4,23.5,23.2,21.3
Rajshahi,2013,3,3,23.95,24.15,23.8,21.2
Rajshahi,2013,3,4,23.9,24.3,23.8,22.2
Rajshahi,2013,3,5,24.5,24.5,24,22.7
Rajshahi,2013,3,6,25.05,24.8,24.1,23.9
Rajshahi,2013,3,7,25.4,25.15,24.6,24.3
Rajshahi,2013,3,8,25.3,24.95,24.3,24.2
Rajshahi,2013,3,9,25.7,24.95,25.3,24.2
Rajshahi,2013,3,10,25.65,26.1,26.1,24.4
Rajshahi,2013,3,11,25.85,26.25,26.1,25.1
Rajshahi,2013,3,12,26,26.2,26.45,25
Rajshahi,2013,3,13,25.8,25.75,25.75,27
Rajshahi,2013,3,14,27.6,26.8,26,26.3
Rajshahi,2013,3,15,27.3,27,26.7,27.5
Rajshahi,2013,3,16,26.5,26.7,26.7,26.8
Rajshahi,2013,3,17,24.1,25,25.5,26.9
Rajshahi,2013,3,18,23.95,24,24.5,22.7
Rajshahi,2013,3,19,25.5,26,26.1,23.9
Rajshahi,2013,3,20,26.1,25.7,25.5,25.3
Rajshahi,2013,3,21,26.5,26.5,26.5,26.7
Rajshahi,2013,3,22,27.7,24.6,24.75,26.4
Rajshahi,2013,3,23,25.9,25.75,25.95,26.8
Rajshahi,2013,3,24,28.6,28.4,27.9,26.2
Rajshahi,2013,3,25,28.5,28.4,28.5,27.8
Rajshahi,2013,3,26,28.2,27.8,28,28.6
Rajshahi,2013,3,27,28.4,26.75,26.6,27.1
Rajshahi,2013,3,28,27.5,28,27.35,26.2
Rajshahi,2013,3,29,28.1,28.1,27.4,27.5
Rajshahi,2013,3,30,28,28.6,27.5,27.7
Rajshahi,2013,3,31,27.4,28.2,27.55,27
Rajshahi,2013,4,1,28.9,28.3,27.6,28.1
Rajshahi,2013,4,2,29.75,28.45,27.8,28.1
Rajshahi,2013,4,3,30.1,29.2,29.2,29.2
Rajshahi,2013,4,4,30.4,29.25,29.2,29.9
Rajshahi,2013,4,5,29.6,28.8,28.15,30.3
Rajshahi,2013,4,6,29.6,29.4,28.7,28.1
Rajshahi,2013,4,7,31.05,29.6,28.9,27.7
Rajshahi,2013,4,8,31.4,30.25,29,28.7
Rajshahi,2013,4,9,31.5,31.5,30.5,29.3
Rajshahi,2013,4,10,32.1,31.75,31.5,29.6
Rajshahi,2013,4,11,31.1,30.8,30.6,32.1
Rajshahi,2013,4,12,31,31.5,31.5,29.8
Rajshahi,2013,4,13,32.9,32.6,31.5,31.1
Rajshahi,2013,4,14,29.4,29.2,29,32.6
Rajshahi,2013,4,15,30.9,30,30.2,30.1
Rajshahi,2013,4,16,30.6,30,29.6,27.7
Rajshahi,2013,4,17,28.7,28.5,28.75,27.1
Rajshahi,2013,4,18,30.2,30.7,31,25.4
Rajshahi,2013,4,19,31.55,30.25,30.1,28.3
Rajshahi,2013,4,20,28.3,29.3,28.7,27.2
Rajshahi,2013,4,21,26.7,28.6,29.5,27.1
Rajshahi,2013,4,22,27.45,28.2,28.35,24.1
Rajshahi,2013,4,23,28.1,28.55,28.2,25.7
Rajshahi,2013,4,24,29,28.8,28.4,25.8
Rajshahi,2013,4,25,30.2,29.5,28.6,28.5
Rajshahi,2013,4,26,31.45,30.15,29.1,28.6
Rajshahi,2013,4,27,30.7,29.1,27.9,30.3
Rajshahi,2013,4,28,31.5,30.9,30,30
Rajshahi,2013,4,29,31.5,31.2,30.2,29.5
Rajshahi,2013,4,30,34.05,32.05,30.7,31.7
Rajshahi,2013,5,1,33,32.8,31.1,33.2
Rajshahi,2013,5,2,33.6,33.1,31.3,33.7
Rajshahi,2013,5,3,35,34.1,33,33
Rajshahi,2013,5,4,34.6,34.2,34,32.2
Rajshahi,2013,5,5,30.7,30,30.1,30
Rajshahi,2013,5,6,29.5,30.2,30.5,25.7
Rajshahi,2013,5,7,29,28.7,29,25.5
Rajshahi,2013,5,8,29.7,30.1,29.5,26.7
Rajshahi,2013,5,9,30.25,30.2,30.25,27.9
Rajshahi,2013,5,10,31.2,30.6,30.5,27.8
Rajshahi,2013,5,11,30.8,31,30.7,31
Rajshahi,2013,5,12,30.7,30.6,30.45,29.4
Rajshahi,2013,5,13,30.7,31,31,28.1
Rajshahi,2013,5,14,30.95,31.4,30.6,28.9
Rajshahi,2013,5,15,30.7,30.35,30.5,28.7
Rajshahi,2013,5,16,31.1,30.7,30.7,29.4
Rajshahi,2013,5,17,31.15,31,30.4,27.9
Rajshahi,2013,5,18,31.5,31.3,30.6,29
Rajshahi,2013,5,19,31.3,31.2,30.6,29.5
Rajshahi,2013,5,20,30.8,31.05,30.3,29.1
Rajshahi,2013,5,21,30.8,30.7,30.3,28.4
Rajshahi,2013,5,22,30.5,30.7,30.3,28.8
Rajshahi,2013,5,23,29.3,30.4,30,28.6
Rajshahi,2013,5,24,27.5,28.8,29,27.7
Rajshahi,2013,5,25,27.85,29.25,28.9,25.6
Rajshahi,2013,5,26,31.1,30.1,29.5,27.9
Rajshahi,2013,5,27,32.15,30.6,29.3,30.6
Rajshahi,2013,5,28,31.5,31.2,30,30.4
Rajshahi,2013,5,29,31.1,31.1,30.4,29.6
Rajshahi,2013,5,30,27.5,29.2,29.2,28.4
Rajshahi,2013,5,31,27.3,28.8,29.2,26.3
Rajshahi,2013,6,1,27,21,25.85,23.9
Rajshahi,2013,6,2,27.5,27,27,28.2
Rajshahi,2013,6,3,28,28,28,30.3
Rajshahi,2013,6,4,28.1,27.7,27.6,31.4
Rajshahi,2013,6,5,28.6,27.65,27.4,31.5
Rajshahi,2013,6,6,28.2,27.5,27.3,31.7
Rajshahi,2013,6,7,27,27.1,27,30
Rajshahi,2013,6,8,27,26.5,26.5,27.8
Rajshahi,2013,6,9,32.8,31.5,30.5,30.1
Rajshahi,2013,6,10,33.4,32,31.2,30.4
Rajshahi,2013,6,11,29,28.75,28.65,30
Rajshahi,2013,6,12,32,32,32,31.9
Rajshahi,2013,6,13,31.9,31.4,31.1,31.7
Rajshahi,2013,6,14,32,32.5,31.9,30.3
Rajshahi,2013,6,15,32.05,32.35,31.9,28.2
Rajshahi,2013,6,16,34.4,32.6,31.65,30.1
Rajshahi,2013,6,17,34.4,33,32,31.5
Rajshahi,2013,6,18,34.5,33.3,32.4,31.8
Rajshahi,2013,6,19,32.6,32.1,31.7,29.4
Rajshahi,2013,6,20,31.4,31.9,31.3,27.5
Rajshahi,2013,6,21,32,31.9,31.65,29.6
Rajshahi,2013,6,22,31.7,31.3,30.9,29.6
Rajshahi,2013,6,23,32,31,30.8,31.3
Rajshahi,2013,6,24,32.05,31.5,31.1,31.6
Rajshahi,2013,6,25,31.9,32.6,31.9,30.7
Rajshahi,2013,6,26,31.3,31.8,31.6,28.6
Rajshahi,2013,6,27,30.9,31.6,31.1,28.6
Rajshahi,2013,6,28,30.6,30.8,29.4,28.9
Rajshahi,2013,6,29,31.4,31.3,30.5,29.3
Rajshahi,2013,6,30,31.1,30.6,31,27.8
Rajshahi,2013,7,1,30.5,30.6,30.3,28.2
Rajshahi,2013,7,2,30.85,30.85,31.3,28.9
Rajshahi,2013,7,3,31.4,31.5,31,29.2
Rajshahi,2013,7,4,31.8,31.1,29.8,28.4
Rajshahi,2013,7,5,31.85,31.5,30.4,30.3
Rajshahi,2013,7,6,33.1,31.9,31.3,30.6
Rajshahi,2013,7,7,33.7,32.2,31.4,30.1
Rajshahi,2013,7,8,34.25,32.7,31.7,31.2
Rajshahi,2013,7,9,34.1,32.8,31.9,30.5
Rajshahi,2013,7,10,34.5,32.7,31.8,30.8
Rajshahi,2013,7,11,32.7,33.1,32.15,31.3
Rajshahi,2013,7,12,32.6,32.8,32,29.4
Rajshahi,2013,7,13,33.2,32.6,31.9,29
Rajshahi,2013,7,14,33.4,32.25,32.1,29.7
Rajshahi,2013,7,15,33.9,32.55,32,30.1
Rajshahi,2013,7,16,33.5,32.8,32.1,30
Rajshahi,2013,7,17,33.7,32.7,32,30.6
Rajshahi,2013,7,18,34,33,32.4,30.9
Rajshahi,2013,7,19,33.1,32.9,32.3,30.3
Rajshahi,2013,7,20,33.9,32.6,32.2,29
Rajshahi,2013,7,21,33.7,32.4,32,30.2
Rajshahi,2013,7,22,32.7,32.6,32,30.4
Rajshahi,2013,7,23,32.55,31.5,31.05,30.2
Rajshahi,2013,7,24,32.6,32.35,31.9,31
Rajshahi,2013,7,25,32.9,32.2,31.8,29.4
Rajshahi,2013,7,26,32.1,31.9,32,30.4
Rajshahi,2013,7,27,31.9,31.8,31.8,28.9
Rajshahi,2013,7,28,30.95,31.05,31.5,27.4
Rajshahi,2013,7,29,31,30.6,31,28.4
Rajshahi,2013,7,30,30.8,31.2,31,29.2
Rajshahi,2013,7,31,31,31.5,31.1,29.9
Rajshahi,2013,8,1,30.95,31.2,30.9,28.6
Rajshahi,2013,8,2,32.4,31.5,30.9,28.9
Rajshahi,2013,8,3,33.95,32.2,31.15,30.9
Rajshahi,2013,8,4,33.8,32.45,31.65,30.5
Rajshahi,2013,8,5,33.6,32.25,31.75,31.3
Rajshahi,2013,8,6,31.9,30.7,30.5,29.9
Rajshahi,2013,8,7,31.1,30.4,30.25,28.5
Rajshahi,2013,8,8,30.3,31.3,31.6,27.7
Rajshahi,2013,8,9,30.5,31.4,31.6,27.5
Rajshahi,2013,8,10,29.6,31.1,31.35,28.7
Rajshahi,2013,8,11,30.1,31,30.85,27.9
Rajshahi,2013,8,12,30.9,31.1,30.6,28
Rajshahi,2013,8,13,31.6,31.4,30.9,28.4
Rajshahi,2013,8,14,32.4,31.9,31.1,30.2
Rajshahi,2013,8,15,32.9,31.85,31.2,30.1
Rajshahi,2013,8,16,30.1,29.6,29.25,27.8
Rajshahi,2013,8,17,31.5,29.6,29.2,27.9
Rajshahi,2013,8,18,31.6,29.5,29.4,29.3
Rajshahi,2013,8,19,31.25,29.6,29.5,29.3
Rajshahi,2013,8,20,29.7,30.8,30.7,28.3
Rajshahi,2013,8,21,29.2,30.5,30.6,27.7
Rajshahi,2013,8,22,31.1,30.3,30.3,27.1
Rajshahi,2013,8,23,30.9,30.75,30.2,29.5
Rajshahi,2013,8,24,31.4,31.3,30.5,29.9
Rajshahi,2013,8,25,33.6,32.1,31.1,31
Rajshahi,2013,8,26,33.2,31.9,31.3,31.1
Rajshahi,2013,8,27,31,31.3,31.25,29.1
Rajshahi,2013,8,28,28.5,30.45,31.05,28
Rajshahi,2013,8,29,30.1,31.5,31.3,26.7
Rajshahi,2013,8,30,31.7,31.4,31.4,29.3
Rajshahi,2013,8,31,32.9,31.05,30.35,29.6
Rajshahi,2013,9,1,31.5,31.5,31,29.3
Rajshahi,2013,9,2,29.15,29.55,29.9,27.6
Rajshahi,2013,9,3,30.95,30.9,30.75,27.8
Rajshahi,2013,9,4,30.8,30.8,30.4,28
Rajshahi,2013,9,5,30.9,31,30.6,28
Rajshahi,2013,9,6,31.3,31.2,30.7,30.5
Rajshahi,2013,9,7,31.5,31.7,31,30.3
Rajshahi,2013,9,8,29.7,30.7,31.1,29.7
Rajshahi,2013,9,9,31.05,31.3,31,28
Rajshahi,2013,9,10,30.75,29.1,29.3,28.7
Rajshahi,2013,9,11,30.9,29.45,29.3,28.8
Rajshahi,2013,9,12,31.4,31.45,31.45,29.2
Rajshahi,2013,9,13,32.7,32.4,31.6,30.4
Rajshahi,2013,9,14,31.55,31.6,31.1,31.4
Rajshahi,2013,9,15,31.1,31.7,31.3,27.9
Rajshahi,2013,9,16,33.4,32.1,31.6,30
Rajshahi,2013,9,17,31.6,31.85,31.8,30.5
Rajshahi,2013,9,18,31.25,32.3,31.7,30.1
Rajshahi,2013,9,19,31.7,32.1,31.8,29.6
Rajshahi,2013,9,20,31.2,31.8,31.5,29.5
Rajshahi,2013,9,21,31.4,31.6,31.2,29.6
Rajshahi,2013,9,22,31.2,31.3,31.1,30.3
Rajshahi,2013,9,23,32.4,31,30.55,30.5
Rajshahi,2013,9,24,32.9,31.7,31.15,31
Rajshahi,2013,9,25,32.3,33.2,32.5,31
Rajshahi,2013,9,26,31.3,31.6,31.4,28.7
Rajshahi,2013,9,27,31.4,31.35,31.3,30
Rajshahi,2013,9,28,31.3,32.1,31.9,27.7
Rajshahi,2013,9,29,27.5,31.65,31.8,28.8
Rajshahi,2013,9,30,27.65,30.25,30.55,26.5
Rajshahi,2013,10,1,27.5,29.8,29.95,25.3
Rajshahi,2013,10,2,29.55,30.1,30.2,28.7
Rajshahi,2013,10,3,28.65,30.2,30.1,26.7
Rajshahi,2013,10,4,30.4,29.5,30,27.2
Rajshahi,2013,10,5,29.4,30.1,30,27.1
Rajshahi,2013,10,6,28.2,28.55,28.4,26.5
Rajshahi,2013,10,7,28.55,28.6,28.55,26.8
Rajshahi,2013,10,8,28.95,29.05,28.8,27.2
Rajshahi,2013,10,9,30,29.8,29.5,27.3
Rajshahi,2013,10,10,29,28.9,29.2,28
Rajshahi,2013,10,11,30.5,30.1,29.75,28.6
Rajshahi,2013,10,12,30.75,29.15,28.65,28.6
Rajshahi,2013,10,13,30.45,28.8,29.05,28.3
Rajshahi,2013,10,14,29.1,30.1,30,27.2
Rajshahi,2013,10,15,26.4,29.7,29.4,25.6
Rajshahi,2013,10,16,29.6,29.4,29.4,27
Rajshahi,2013,10,17,29.9,29.5,29.4,27.3
Rajshahi,2013,10,18,30.1,29.5,29.35,28.1
Rajshahi,2013,10,19,30.5,29.6,29.75,28.1
Rajshahi,2013,10,20,30.1,30,29.3,27
Rajshahi,2013,10,21,30,29.9,29.5,26.9
Rajshahi,2013,10,22,28.5,30,29.7,25.7
Rajshahi,2013,10,23,27.9,28.8,28.1,25.6
Rajshahi,2013,10,24,28.05,28.25,27.5,26.7
Rajshahi,2013,10,25,26.4,26.9,27.1,23.6
Rajshahi,2013,10,26,25.3,26.9,27,23.5
Rajshahi,2013,10,27,26.5,27.6,27.35,24.5
Rajshahi,2013,10,28,28.1,27.5,27.15,25.6
Rajshahi,2013,10,29,27.75,27.65,28.15,24.9
Rajshahi,2013,10,30,26.15,27.55,27.1,23.9
Rajshahi,2013,10,31,26.3,27.65,27.25,23.9
Rajshahi,2013,11,1,26.3,27.5,27.15,23.8
Rajshahi,2013,11,2,26.3,26.7,26.5,24.6
Rajshahi,2013,11,3,26.75,27.7,27.7,25.4
Rajshahi,2013,11,4,26.8,27.6,27.75,24.2
Rajshahi,2013,11,5,25.55,27.45,27.2,23.3
Rajshahi,2013,11,6,25.85,27.15,26.95,23.7
Rajshahi,2013,11,7,26.2,27,26.85,23.4
Rajshahi,2013,11,8,26.3,26.35,26.25,23.2
Rajshahi,2013,11,9,26,26.3,25.6,23.2
Rajshahi,2013,11,10,25.45,26.4,25.6,23.1
Rajshahi,2013,11,11,25.95,25.1,25.5,21.7
Rajshahi,2013,11,12,24.5,25.65,25.65,20.3
Rajshahi,2013,11,13,24.8,24.75,24.35,20.4
Rajshahi,2013,11,14,25.3,24.7,24.5,20.4
Rajshahi,2013,11,15,25.4,24.7,24.3,22.1
Rajshahi,2013,11,16,23.6,25,25.6,21.7
Rajshahi,2013,11,17,23,24.8,25,22.2
Rajshahi,2013,11,18,23.3,24.9,24.85,21.1
Rajshahi,2013,11,19,23.3,24.1,24.55,20.4
Rajshahi,2013,11,20,23.2,24.6,25.55,19.6
Rajshahi,2013,11,21,21.5,21.85,23,19.4
Rajshahi,2013,11,22,21.1,20.9,21.4,20.9
Rajshahi,2013,11,23,21.1,20.9,21.15,19.7
Rajshahi,2013,11,24,20.25,20.75,21,19.7
Rajshahi,2013,11,25,20.5,20.7,20.9,19.9
Rajshahi,2013,11,26,20.7,20.9,20.8,20.5
Rajshahi,2013,11,27,20.75,21,20.95,21.1
Rajshahi,2013,11,28,20.3,20.9,20.65,21.2
Rajshahi,2013,11,29,22.1,24,23.75,21.9
Rajshahi,2013,11,30,22.3,23.9,23.75,20.9
Rajshahi,2013,12,1,22.2,23.7,24.1,20.5
Rajshahi,2013,12,2,21.9,23.5,24,20.7
Rajshahi,2013,12,3,21.8,23.3,23.8,21.8
Rajshahi,2013,12,4,22.3,23.6,23.9,21.5
Rajshahi,2013,12,5,22.4,23.6,23.9,21.1
Rajshahi,2013,12,6,22,23.4,23.9,20.4
Rajshahi,2013,12,7,21.9,23.1,23.8,20.5
Rajshahi,2013,12,8,20.8,23.15,23.15,20.9
Rajshahi,2013,12,9,21.95,22.05,22.15,20.4
Rajshahi,2013,12,10,19.25,21.25,21.25,20.2
Rajshahi,2013,12,11,20.35,20.5,20.95,18.5
Rajshahi,2013,12,12,19.8,19.6,19.85,17.2
Rajshahi,2013,12,13,20.3,22.15,22.3,17.6
Rajshahi,2013,12,14,20,20,19.8,17.7
Rajshahi,2013,12,15,19.55,20,20.1,17.4
Rajshahi,2013,12,16,19.1,19.9,19.3,17.1
Rajshahi,2013,12,17,18.6,17.85,18.1,17.7
Rajshahi,2013,12,18,19.45,21.6,21.7,17.8
Rajshahi,2013,12,19,19.05,18.15,18.25,17.7
Rajshahi,2013,12,20,17.5,18.5,17.65,17.4
Rajshahi,2013,12,21,19.5,21,21.5,18.6
Rajshahi,2013,12,22,19.7,21.25,21.3,19
Rajshahi,2013,12,23,20.6,21.4,21.8,19.7
Rajshahi,2013,12,24,20.6,21.7,21.9,18.1
Rajshahi,2013,12,25,17.9,20.4,20.1,15.3
Rajshahi,2013,12,26,16.9,19,18.85,14.8
Rajshahi,2013,12,27,16.6,15.6,15.55,14
Rajshahi,2013,12,28,16.55,17,17.25,13
Rajshahi,2013,12,29,16.85,16.25,17.2,13.2
Rajshahi,2013,12,30,17.5,19.45,20.1,14.3
Rajshahi,2013,12,31,17.1,18.75,18.8,16.1
Rajshahi,2014,1,1,17.9,19.4,20.2,16.7
Rajshahi,2014,1,2,17.8,16.45,17.25,17.9
Rajshahi,2014,1,3,17.95,19.2,20.1,15.9
Rajshahi,2014,1,4,17.8,18.85,19.5,15
Rajshahi,2014,1,5,17.3,18.6,19.35,15.9
Rajshahi,2014,1,6,17.7,19.6,19.75,15.4
Rajshahi,2014,1,7,16.9,17.7,19.9,15.3
Rajshahi,2014,1,8,17.2,19.1,19,13
Rajshahi,2014,1,9,15.85,17.25,19.4,13.2
Rajshahi,2014,1,10,17.5,18.7,19,15.4
Rajshahi,2014,1,11,17.45,19,19,17
Rajshahi,2014,1,12,17.8,19.1,19.1,17.5
Rajshahi,2014,1,13,18.2,19.6,19.55,17.3
Rajshahi,2014,1,14,18.2,20,19.85,14.8
Rajshahi,2014,1,15,17.5,19.5,20.1,13.9
Rajshahi,2014,1,16,17.2,19.1,19.8,14.5
Rajshahi,2014,1,17,18.35,18.15,19,16.6
Rajshahi,2014,1,18,18.3,19.4,20.05,19.5
Rajshahi,2014,1,19,19.5,20.25,19.85,19.7
Rajshahi,2014,1,20,19.7,19.8,19.5,15.2
Rajshahi,2014,1,21,18.2,20.15,19.95,14.6
Rajshahi,2014,1,22,18.7,19.3,19.95,17.2
Rajshahi,2014,1,23,19.2,19.9,20.4,19.1
Rajshahi,2014,1,24,19.05,20.15,19.9,18.6
Rajshahi,2014,1,25,20.25,20.3,20.45,18.2
Rajshahi,2014,1,26,19.4,20.7,20.4,17.3
Rajshahi,2014,1,27,19.1,18.7,19.2,14.9
Rajshahi,2014,1,28,18.5,18.4,19,15.3
Rajshahi,2014,1,29,18.75,20.1,20.3,15.7
Rajshahi,2014,1,30,19.3,20.1,20.5,16.9
Rajshahi,2014,1,31,18.7,20.15,20.2,14.7
Rajshahi,2014,2,1,18.75,19,20.25,16.2
Rajshahi,2014,2,2,18.3,18.9,20.1,15.4
Rajshahi,2014,2,3,18.4,19.7,20.3,14.8
Rajshahi,2014,2,4,16.15,19.6,20.2,15.6
Rajshahi,2014,2,5,19.65,20,20.25,18.5
Rajshahi,2014,2,6,20.5,20.45,20.1,18.9
Rajshahi,2014,2,7,20.3,20.7,20.7,19.5
Rajshahi,2014,2,8,21.9,20.8,20.7,21.1
Rajshahi,2014,2,9,21.55,21.7,20.7,20.5
Rajshahi,2014,2,10,21.15,22,21.75,18.8
Rajshahi,2014,2,11,21.45,20.9,19.9,18.9
Rajshahi,2014,2,12,20.85,21.7,21.55,17.7
Rajshahi,2014,2,13,20.35,21.55,21.4,17.2
Rajshahi,2014,2,14,19.7,21.4,21.6,17.7
Rajshahi,2014,2,15,18.95,20.5,20.65,16.8
Rajshahi,2014,2,16,18.15,19.05,19.4,18.2
Rajshahi,2014,2,17,20.3,21.3,21.7,17.5
Rajshahi,2014,2,18,19.4,19,19.4,16.5
Rajshahi,2014,2,19,20,20.55,21,18.2
Rajshahi,2014,2,20,20.5,20.95,21.1,18.3
Rajshahi,2014,2,21,20.8,21.2,21.15,18.8
Rajshahi,2014,2,22,21.3,21.4,21.35,21
Rajshahi,2014,2,23,21.4,21.35,21.5,20.7
Rajshahi,2014,2,24,22.65,22.25,21.95,21.5
Rajshahi,2014,2,25,23.55,23.05,22.35,20.9
Rajshahi,2014,2,26,23.2,23.2,22.6,20.9
Rajshahi,2014,2,27,22.5,23.05,22.8,21.2
Rajshahi,2014,2,28,22.1,23,22.9,20.1
Rajshahi,2014,3,1,21.95,22.65,22.55,20.5
Rajshahi,2014,3,2,22,22.9,22.8,19.8
Rajshahi,2014,3,3,22.45,22.5,22.2,21.2
Rajshahi,2014,3,4,22.95,22.65,22,21.4
Rajshahi,2014,3,5,23.85,23.1,22.5,21.7
Rajshahi,2014,3,6,23.8,23.9,22.6,20.4
Rajshahi,2014,3,7,24.4,24.15,23.45,21.3
Rajshahi,2014,3,8,23.9,24.1,23.55,21.3
Rajshahi,2014,3,9,23.8,24.05,23.6,21.3
Rajshahi,2014,3,10,24.15,24.35,23.8,21.9
Rajshahi,2014,3,11,26.05,24.75,24,22.8
Rajshahi,2014,3,12,23.6,24.95,24.3,24.6
Rajshahi,2014,3,13,26.55,25,24.4,25
Rajshahi,2014,3,14,26.4,26,25.1,24.3
Rajshahi,2014,3,15,26.6,25.85,25.15,23.3
Rajshahi,2014,3,16,26.4,26.15,25.2,23.5
Rajshahi,2014,3,17,26.8,26.45,25.7,24.8
Rajshahi,2014,3,18,28.6,26.4,25.6,26.4
Rajshahi,2014,3,19,29,26.7,25.85,27.3
Rajshahi,2014,3,20,28.75,26.9,26.35,24.9
Rajshahi,2014,3,21,27.35,27.35,26.55,24.3
Rajshahi,2014,3,22,27.8,27.2,26.6,25.8
Rajshahi,2014,3,23,27.1,27.4,26.8,24.6
Rajshahi,2014,3,24,27,27.1,26.6,24.8
Rajshahi,2014,3,25,28.65,27.25,26.8,26.2
Rajshahi,2014,3,26,29.4,27.85,27,27.9
Rajshahi,2014,3,27,30,28.65,27.35,29.2
Rajshahi,2014,3,28,30.15,28.7,27.9,28.7
Rajshahi,2014,3,29,29.9,28.7,27.85,29.7
Rajshahi,2014,3,30,29.95,29.15,28.25,29.8
Rajshahi,2014,3,31,30.2,29.1,28.3,28.8
Rajshahi,2014,4,1,30.4,29.55,28.6,28
Rajshahi,2014,4,2,29.95,29.55,28.7,28
Rajshahi,2014,4,3,29.9,29.5,28.9,30.3
Rajshahi,2014,4,4,28.35,29.75,28.9,25.3
Rajshahi,2014,4,5,28.9,28.8,28.45,26.7
Rajshahi,2014,4,6,29.75,29,28.6,28
Rajshahi,2014,4,7,30.2,29.3,28.65,28.8
Rajshahi,2014,4,8,30.2,29.5,28.8,29.3
Rajshahi,2014,4,9,30.9,30.25,29.25,28.9
Rajshahi,2014,4,10,30.6,30.25,29.2,27.4
Rajshahi,2014,4,11,30.1,30,29.35,27.6
Rajshahi,2014,4,12,30.1,29.6,29.35,29.2
Rajshahi,2014,4,13,30,29.8,29.3,28.5
Rajshahi,2014,4,14,31,30.45,29.7,28.8
Rajshahi,2014,4,15,31.75,30.3,29.3,29.7
Rajshahi,2014,4,16,32.1,31.2,30,30.7
Rajshahi,2014,4,17,31.85,31.5,30.2,31.2
Rajshahi,2014,4,18,32.3,31.9,30.7,31.9
Rajshahi,2014,4,19,33.75,32.6,31.25,29.5
Rajshahi,2014,4,20,33.35,32.4,31.15,30.7
Rajshahi,2014,4,21,35.25,32.75,31.45,30.3
Rajshahi,2014,4,22,35.05,32.75,31.3,30.6
Rajshahi,2014,4,23,34.6,32.5,31.3,31.3
Rajshahi,2014,4,24,33.25,32.95,31.8,31.7
Rajshahi,2014,4,25,34.4,33.25,32,32.1
Rajshahi,2014,4,26,35,33.55,32.25,32.8
Rajshahi,2014,4,27,33.8,33.45,32.15,32.4
Rajshahi,2014,4,28,34.4,33.6,32.4,32.1
Rajshahi,2014,4,29,33.15,34,32.75,31.1
Rajshahi,2014,4,30,34.7,33.65,32.65,29.9
Rajshahi,2014,5,1,34.25,33.65,32.1,29.9
Rajshahi,2014,5,2,31.05,31.85,32.3,28.1
Rajshahi,2014,5,3,29.85,31,31.7,29
Rajshahi,2014,5,4,30.95,31.7,31.25,30
Rajshahi,2014,5,5,32.8,32,31.3,26.9
Rajshahi,2014,5,6,31,31.5,31.05,28.5
Rajshahi,2014,5,7,31.45,32,31.2,29.1
Rajshahi,2014,5,8,32.9,31.9,31.2,32
Rajshahi,2014,5,9,35.3,33.3,32.05,33.8
Rajshahi,2014,5,10,33.9,33.6,32.4,31.6
Rajshahi,2014,5,11,34.6,33.65,32.5,30.9
Rajshahi,2014,5,12,34.3,33.15,32.4,32
Rajshahi,2014,5,13,35.65,33.95,32.3,33.2
Rajshahi,2014,5,14,35,34.5,33,32.9
Rajshahi,2014,5,15,36.05,34.7,31.6,31.5
Rajshahi,2014,5,16,35.5,34.75,33.6,31.9
Rajshahi,2014,5,17,35.5,35.1,33.4,32.8
Rajshahi,2014,5,18,35.8,34.65,33.2,33.2
Rajshahi,2014,5,19,34.85,35.15,33.9,32.6
Rajshahi,2014,5,20,36.4,35.35,34.25,33
Rajshahi,2014,5,21,37.05,35.95,34.35,33.7
Rajshahi,2014,5,22,36.35,35.95,34.5,33.3
Rajshahi,2014,5,23,36.55,35.95,34.5,33.7
Rajshahi,2014,5,24,36.85,36.1,34.8,31.5
Rajshahi,2014,5,25,35.6,35.2,34.6,29.6
Rajshahi,2014,5,26,33.25,35.1,34.35,28
Rajshahi,2014,5,27,30.3,31.75,32.2,26.9
Rajshahi,2014,5,28,29.75,30.3,31.5,26.6
Rajshahi,2014,5,29,30.7,31.15,31.35,28.7
Rajshahi,2014,5,30,31.55,31.8,31.45,27.5
Rajshahi,2014,5,31,28.6,30.85,31.15,25.2
Rajshahi,2014,6,1,30.25,32.65,32.7,28.8
Rajshahi,2014,6,2,30.2,30.9,30.9,29.2
Rajshahi,2014,6,3,31.6,31.35,30.8,30.5
Rajshahi,2014,6,4,33.85,31.95,31.05,31.8
Rajshahi,2014,6,5,34.25,32.65,31.5,32.4
Rajshahi,2014,6,6,34,32.1,31.1,31.9
Rajshahi,2014,6,7,33.6,32.15,31.55,31.1
Rajshahi,2014,6,8,33.25,33.1,32.35,31.2
Rajshahi,2014,6,9,34.7,33.2,32.55,30.2
Rajshahi,2014,6,10,31.7,32.6,32.15,29.7
Rajshahi,2014,6,11,32.3,31.65,31.2,28
Rajshahi,2014,6,12,31.3,32.2,31.6,32.1
Rajshahi,2014,6,13,33.5,32.6,31.8,30.5
Rajshahi,2014,6,14,31.3,32.1,32,29.6
Rajshahi,2014,6,15,31.6,32.7,32,31
Rajshahi,2014,6,16,33.55,32.8,32.15,32.3
Rajshahi,2014,6,17,34.5,33.6,32.5,30.7
Rajshahi,2014,6,18,34.25,33.7,32.9,30.1
Rajshahi,2014,6,19,31.65,33.2,32.3,29.6
Rajshahi,2014,6,20,31.5,32.5,32.25,27.8
Rajshahi,2014,6,21,28.55,29.85,29.7,27.2
Rajshahi,2014,6,22,28.3,30.3,30.7,27
Rajshahi,2014,6,23,30.4,30.1,30.2,29
Rajshahi,2014,6,24,31.4,31.4,30.5,28.9
Rajshahi,2014,6,25,31.3,31.1,30.6,29.8
Rajshahi,2014,6,26,31.4,31.15,30.65,30.9
Rajshahi,2014,6,27,31.3,31.2,30.9,29.3
Rajshahi,2014,6,28,31.7,31.5,30.95,30.7
Rajshahi,2014,6,29,32.8,31.7,31.1,29.3
Rajshahi,2014,6,30,31.6,31.6,31.1,28.2
Rajshahi,2014,7,1,30.5,31.2,31,27.8
Rajshahi,2014,7,2,30.9,31.05,30.7,28.7
Rajshahi,2014,7,3,30.9,31.1,30.7,28.8
Rajshahi,2014,7,4,30.8,31,30.65,28.3
Rajshahi,2014,7,5,31.3,31.05,30.9,29.2
Rajshahi,2014,7,6,31.6,31.15,30.9,29.1
Rajshahi,2014,7,7,31.15,31,30.6,30.3
Rajshahi,2014,7,8,31.4,31.3,30.8,29.7
Rajshahi,2014,7,9,31.4,31.35,30.65,30.9
Rajshahi,2014,7,10,33.75,32.1,31,31.6
Rajshahi,2014,7,11,33.4,32,31.1,30.6
Rajshahi,2014,7,12,33.2,32.4,31.4,30.8
Rajshahi,2014,7,13,33.25,32.55,31.9,30.9
Rajshahi,2014,7,14,32.8,32.4,31.7,29.5
Rajshahi,2014,7,15,33.15,31.85,31.5,28.9
Rajshahi,2014,7,16,32.9,32.1,31.6,28.7
Rajshahi,2014,7,17,30,31.2,30.9,28.1
Rajshahi,2014,7,18,31.35,31.15,30.8,30.1
Rajshahi,2014,7,19,32.6,31.7,31,30.7
Rajshahi,2014,7,20,33.45,32.15,31.3,30.1
Rajshahi,2014,7,21,30.15,31.45,29.4,28.4
Rajshahi,2014,7,22,30.75,30.9,30.75,28.2
Rajshahi,2014,7,23,30.8,31.1,30.7,29.5
Rajshahi,2014,7,24,31.2,31.25,30.7,29.6
Rajshahi,2014,7,25,33,31.65,31,30.3
Rajshahi,2014,7,26,33.25,31.3,30.7,31.8
Rajshahi,2014,7,27,33.1,32.6,31.8,29
Rajshahi,2014,7,28,32.5,31.75,31.25,29.5
Rajshahi,2014,7,29,32.5,31.8,31.4,29.8
Rajshahi,2014,7,30,32.3,31.1,31.25,30.3
Rajshahi,2014,7,31,31.5,31.9,31.6,30.3
Rajshahi,2014,8,1,32.75,32.25,31.5,31.6
Rajshahi,2014,8,2,33.3,33.05,32.1,31.5
Rajshahi,2014,8,3,33.4,33,32.2,29.9
Rajshahi,2014,8,4,32.5,32.5,32.15,29.4
Rajshahi,2014,8,5,29.8,31.9,31.8,27.3
Rajshahi,2014,8,6,31,31.2,31.2,30.2
Rajshahi,2014,8,7,31.7,32,31.3,29.5
Rajshahi,2014,8,8,31.55,31.7,31.2,30.4
Rajshahi,2014,8,9,31.8,31.55,31.25,29.4
Rajshahi,2014,8,10,31.2,31.5,31.05,29.3
Rajshahi,2014,8,11,32.05,32.4,31.05,29.4
Rajshahi,2014,8,12,31.4,32.35,31.4,30.1
Rajshahi,2014,8,13,30.8,31.55,31.1,28
Rajshahi,2014,8,14,30.05,31.25,31.2,26.9
Rajshahi,2014,8,15,29.6,30,30.45,27.6
Rajshahi,2014,8,16,30.55,30.3,30.3,28.3
Rajshahi,2014,8,17,30.9,30.7,30.45,28
Rajshahi,2014,8,18,29.05,30.3,30.35,27.1
Rajshahi,2014,8,19,31.05,30.2,30,28.7
Rajshahi,2014,8,20,30.85,30.4,30.4,29.3
Rajshahi,2014,8,21,31.3,31.3,30.95,30.2
Rajshahi,2014,8,22,31.95,31.75,30.95,29.3
Rajshahi,2014,8,23,31.7,31.7,31,29.8
Rajshahi,2014,8,24,32.55,31.8,31,29.2
Rajshahi,2014,8,25,32.05,31.6,30.9,28.4
Rajshahi,2014,8,26,30.8,31.2,31,28.9
Rajshahi,2014,8,27,31.85,31.7,31,28.9
Rajshahi,2014,8,28,31.25,31.1,31,28.3
Rajshahi,2014,8,29,32.95,31.35,31,30.3
Rajshahi,2014,8,30,32.5,31.4,31,31
Rajshahi,2014,8,31,30.6,31.2,31.05,27.7
Rajshahi,2014,9,1,31.15,31.15,30.9,28.7
Rajshahi,2014,9,2,31,31.35,30.8,29.4
Rajshahi,2014,9,3,32.35,31.9,31,30.2
Rajshahi,2014,9,4,32.75,31.85,31.15,29.8
Rajshahi,2014,9,5,32.9,32,31.4,29.4
Rajshahi,2014,9,6,31.9,32.05,31.35,29.7
Rajshahi,2014,9,7,31.2,33,31.4,28.7
Rajshahi,2014,9,8,31.95,31.7,31.4,29.4
Rajshahi,2014,9,9,31.85,31.6,31.25,29.9
Rajshahi,2014,9,10,30.9,30.9,30.5,28.5
Rajshahi,2014,9,11,32.1,32,31.5,29.9
Rajshahi,2014,9,12,32.05,32.25,31.35,30.7
Rajshahi,2014,9,13,33.65,32.45,31.65,30.4
Rajshahi,2014,9,14,33,32.55,32.1,30.6
Rajshahi,2014,9,15,32.8,32.8,32.2,28.4
Rajshahi,2014,9,16,31.95,32.35,32,30
Rajshahi,2014,9,17,31.95,32.5,32,30.5
Rajshahi,2014,9,18,33.25,33,32,30.1
Rajshahi,2014,9,19,31.5,32,31.75,27.7
Rajshahi,2014,9,20,31.6,31.4,31.8,27.9
Rajshahi,2014,9,21,28.15,28.7,29.05,27.5
Rajshahi,2014,9,22,30,30.3,30.65,26.7
Rajshahi,2014,9,23,29.65,30.1,30.25,26.6
Rajshahi,2014,9,24,30.1,29.9,30.05,27.4
Rajshahi,2014,9,25,30,29.7,29.7,28
Rajshahi,2014,9,26,30.8,30.2,30.15,28.6
Rajshahi,2014,9,27,30.8,30.7,30.35,29.3
Rajshahi,2014,9,28,31.75,31.15,30.75,29.1
Rajshahi,2014,9,29,31,31.15,30.75,28.7
Rajshahi,2014,9,30,30.4,30.15,30.05,28.3
Rajshahi,2014,10,1,31.75,31.35,31,29
Rajshahi,2014,10,2,31,31.4,30.9,28.9
Rajshahi,2014,10,3,31.25,31.55,31,27.7
Rajshahi,2014,10,4,30,31.1,30.95,28.2
Rajshahi,2014,10,5,30.4,31.2,30.9,28.7
Rajshahi,2014,10,6,30.6,31.2,30.9,28.9
Rajshahi,2014,10,7,30.7,31.1,30.7,29.1
Rajshahi,2014,10,8,30.7,31.3,31,29.1
Rajshahi,2014,10,9,30.8,31.5,31.2,29.2
Rajshahi,2014,10,10,31,31.6,31.2,29.1
Rajshahi,2014,10,11,30.75,31.65,31.2,26.8
Rajshahi,2014,10,12,29,30.4,31,26.5
Rajshahi,2014,10,13,31.1,30.65,30.7,27.9
Rajshahi,2014,10,14,30.25,30.25,30.3,27.5
Rajshahi,2014,10,15,30.5,30.8,30.55,27.4
Rajshahi,2014,10,16,30.85,30.7,30.45,27
Rajshahi,2014,10,17,29.8,30.35,30.25,25.4
Rajshahi,2014,10,18,30.25,30.2,30.35,25.2
Rajshahi,2014,10,19,28.1,29.9,29.95,24.4
Rajshahi,2014,10,20,27.4,34.4,29.3,24.4
Rajshahi,2014,10,21,28.1,29.3,29.7,25.6
Rajshahi,2014,10,22,29.7,29.45,29.45,25.6
Rajshahi,2014,10,23,29.9,29.65,29.7,25.5
Rajshahi,2014,10,24,29.9,29.6,29.7,25.6
Rajshahi,2014,10,25,27.5,28.8,29.2,26.2
Rajshahi,2014,10,26,28.15,29.25,29.45,25.2
Rajshahi,2014,10,27,27.6,28.9,29,25.1
Rajshahi,2014,10,28,28.2,29.1,29.15,25
Rajshahi,2014,10,29,27.6,28.65,28.55,24.2
Rajshahi,2014,10,30,26.9,28.3,28.6,24.2
Rajshahi,2014,10,31,27.2,28.3,28.55,24.5
Rajshahi,2014,11,1,26.95,28.35,28.35,24.5
Rajshahi,2014,11,2,27.25,27.85,28.4,24.6
Rajshahi,2014,11,3,27.3,28.2,28.3,24.9
Rajshahi,2014,11,4,27.1,28.1,28.25,24.5
Rajshahi,2014,11,5,27.6,28.5,28.35,25
Rajshahi,2014,11,6,27.1,28.2,28.25,24.9
Rajshahi,2014,11,7,27.55,28.4,28.3,24.5
Rajshahi,2014,11,8,27.25,28,28.25,25.9
Rajshahi,2014,11,9,28.9,28.2,28.2,25.2
Rajshahi,2014,11,10,27.45,28.1,28.25,23.7
Rajshahi,2014,11,11,26.6,27.8,28,23.3
Rajshahi,2014,11,12,26.9,28,28.1,23.3
Rajshahi,2014,11,13,26.5,27.8,28.1,21.5
Rajshahi,2014,11,14,25.8,26.8,27.35,20.3
Rajshahi,2014,11,15,24.2,26,26.3,20.4
Rajshahi,2014,11,16,23.4,25.3,26.3,21.4
Rajshahi,2014,11,17,24,25.4,26.1,22
Rajshahi,2014,11,18,23.7,25.45,26,21.2
Rajshahi,2014,11,19,23.9,25.25,25.8,20.6
Rajshahi,2014,11,20,23.3,25.05,25.85,20.7
Rajshahi,2014,11,21,23.3,24.9,25.4,19.8
Rajshahi,2014,11,22,22.8,24.6,25.25,19.4
Rajshahi,2014,11,23,22.05,24,24.9,19.1
Rajshahi,2014,11,24,21.7,23.8,24.6,18.7
Rajshahi,2014,11,25,21.5,24.45,24.75,18.9
Rajshahi,2014,11,26,21.1,23.25,24.1,18.2
Rajshahi,2014,11,27,21.35,23.35,24,18.1
Rajshahi,2014,11,28,21.35,23,24,18.2
Rajshahi,2014,11,29,20.8,22.7,23.5,18.9
Rajshahi,2014,11,30,20.9,22.6,23.4,19.4
Rajshahi,2014,12,1,21.4,22.8,23.3,19.6
Rajshahi,2014,12,2,21.45,22.9,23.35,19.9
Rajshahi,2014,12,3,21.05,22.65,23.1,19.7
Rajshahi,2014,12,4,22.25,22.6,23.35,20.5
Rajshahi,2014,12,5,22.45,23.35,23.6,21
Rajshahi,2014,12,6,19.9,22.5,23.25,19
Rajshahi,2014,12,7,21.5,23.25,23.85,15.6
Rajshahi,2014,12,8,20.1,22.3,22.9,16.9
Rajshahi,2014,12,9,20.1,22.1,22.65,17.5
Rajshahi,2014,12,10,19.3,21.8,22.7,15.3
Rajshahi,2014,12,11,18.3,21.25,22.3,13.7
Rajshahi,2014,12,12,18.2,20.4,21.6,15.5
Rajshahi,2014,12,13,19.25,20.8,21.8,18.9
Rajshahi,2014,12,14,20.7,21.55,22,19
Rajshahi,2014,12,15,21.3,21.75,22.15,20
Rajshahi,2014,12,16,20.7,21.9,22.2,19.3
Rajshahi,2014,12,17,20.75,22.05,22.2,16.3
Rajshahi,2014,12,18,19.7,21.95,22.4,16.7
Rajshahi,2014,12,19,19.85,21.3,22.05,18
Rajshahi,2014,12,20,19,20,20.6,17.4
Rajshahi,2014,12,21,19.4,20.9,21.7,17.3
Rajshahi,2014,12,22,19.3,20.7,21.35,16.7
Rajshahi,2014,12,23,19,20.25,21.15,16.6
Rajshahi,2014,12,24,19.2,20.3,21,16
Rajshahi,2014,12,25,22.7,20.2,21,14
Rajshahi,2014,12,26,17.9,19.85,20.85,12.2
Rajshahi,2014,12,27,17,19.4,20.4,13.6
Rajshahi,2014,12,28,17.5,19.2,20.2,15.3
Rajshahi,2014,12,29,18.05,19.65,20,15.8
Rajshahi,2014,12,30,18,18.2,18.9,16.7
Rajshahi,2014,12,31,18.7,18.55,19.05,18.7
Rajshahi,2015,1,1,18.9,18.8,19,21.2
Rajshahi,2015,1,2,19.85,19.75,19.4,23.2
Rajshahi,2015,1,3,22.1,22.2,21.6,20.5
Rajshahi,2015,1,4,21.6,22.2,21.9,19.6
Rajshahi,2015,1,5,20.4,21.65,21.9,16.7
Rajshahi,2015,1,6,19.25,21.15,21.5,16.1
Rajshahi,2015,1,7,18.6,19.1,20.75,15.2
Rajshahi,2015,1,8,18.05,20.15,21,15.2
Rajshahi,2015,1,9,18.55,20,20.6,16.6
Rajshahi,2015,1,10,18.45,19.8,20.4,14.3
Rajshahi,2015,1,11,17.65,18.8,19.6,13.4
Rajshahi,2015,1,12,17.85,19.6,20.3,15.2
Rajshahi,2015,1,13,17.7,19.1,20,16.3
Rajshahi,2015,1,14,18.2,19.45,20,15.4
Rajshahi,2015,1,15,18.6,19.15,19.5,17.7
Rajshahi,2015,1,16,19.15,19,19.7,18.6
Rajshahi,2015,1,17,18.5,20,20.2,14.3
Rajshahi,2015,1,18,18.35,19.8,20.05,12.5
Rajshahi,2015,1,19,16.8,19.2,19.7,11.5
Rajshahi,2015,1,20,17.1,18.6,19.4,13.4
Rajshahi,2015,1,21,17.2,18.4,19.1,15.8
Rajshahi,2015,1,22,18.5,19.4,19.6,17.1
Rajshahi,2015,1,23,18.1,18.9,19.2,17.1
Rajshahi,2015,1,24,19.5,19.85,20.05,17.8
Rajshahi,2015,1,25,19.3,19.9,20,17.7
Rajshahi,2015,1,26,19.5,20.1,20.25,16.9
Rajshahi,2015,1,27,19.95,20.15,20.2,17.7
Rajshahi,2015,1,28,20.15,23.4,20.45,18.8
Rajshahi,2015,1,29,19.2,20.55,20.4,17.5
Rajshahi,2015,1,30,20.35,20.75,20.75,16.8
Rajshahi,2015,1,31,17.75,19,19.75,14.3
Rajshahi,2015,2,1,17.2,17.1,18.65,14.3
Rajshahi,2015,2,2,19.2,20.2,20.5,16.4
Rajshahi,2015,2,3,19.7,20.1,20.3,17.9
Rajshahi,2015,2,4,20.15,20.2,20.2,19.7
Rajshahi,2015,2,5,21,19.8,19.1,19.2
Rajshahi,2015,2,6,20.75,21.6,21.4,15.2
Rajshahi,2015,2,7,20.45,21,21.1,17.5
Rajshahi,2015,2,8,20.3,19.6,19.15,18.3
Rajshahi,2015,2,9,20.5,19.8,19.4,18.7
Rajshahi,2015,2,10,20.8,21.4,21.1,19.2
Rajshahi,2015,2,11,21.7,21.9,21.55,18
Rajshahi,2015,2,12,20.4,20.3,17.1,17.5
Rajshahi,2015,2,13,20.8,20.55,21.05,18.5
Rajshahi,2015,2,14,20.95,20.65,20.4,19.3
Rajshahi,2015,2,15,21.8,22.05,21.8,20.9
Rajshahi,2015,2,16,21.7,21.8,21.95,20.7
Rajshahi,2015,2,17,22.25,22.6,22.1,21.6
Rajshahi,2015,2,18,22.7,22.8,22.25,22.7
Rajshahi,2015,2,19,23.05,22.95,22.6,21.1
Rajshahi,2015,2,20,22.4,22.55,22.25,21.8
Rajshahi,2015,2,21,23.1,23,22.7,23
Rajshahi,2015,2,22,23.7,23.3,23.25,24.2
Rajshahi,2015,2,23,25.2,24.5,23.6,25.2
Rajshahi,2015,2,24,24.5,24,23.4,24.3
Rajshahi,2015,2,25,25.5,25.05,24.3,24.5
Rajshahi,2015,2,26,25.8,25.2,25,26.6
Rajshahi,2015,2,27,26.1,25.5,24.55,25.4
Rajshahi,2015,2,28,26.15,25.65,24.9,25.7
Rajshahi,2015,3,1,26.75,26.5,25.5,25.9
Rajshahi,2015,3,2,24.75,25.7,25.2,22.4
Rajshahi,2015,3,3,25.6,25.9,25.35,23.1
Rajshahi,2015,3,4,26.1,25,24.6,23.2
Rajshahi,2015,3,5,28.2,24.9,24.45,20.9
Rajshahi,2015,3,6,24.7,25.2,25.1,20.1
Rajshahi,2015,3,7,24.8,25.3,25,21.4
Rajshahi,2015,3,8,24.6,25.2,24.75,22.4
Rajshahi,2015,3,9,25.2,25.2,24.8,23.1
Rajshahi,2015,3,10,25.9,25.8,25.15,24
Rajshahi,2015,3,11,26,26.3,25.75,22.2
Rajshahi,2015,3,12,25.2,24.8,24.6,22.1
Rajshahi,2015,3,13,26,25.65,25.05,23.7
Rajshahi,2015,3,14,28.1,26.4,25.6,26.2
Rajshahi,2015,3,15,28.9,27.1,26.2,25.4
Rajshahi,2015,3,16,26.7,26.6,25.9,23.7
Rajshahi,2015,3,17,28.75,26.8,26.1,26.1
Rajshahi,2015,3,18,29.4,27.7,26.8,25.6
Rajshahi,2015,3,19,29.5,28.1,27,24
Rajshahi,2015,3,20,28.75,27.7,26.9,23.9
Rajshahi,2015,3,21,29,28.1,27.1,24.9
Rajshahi,2015,3,22,29.2,28.1,27.25,26
Rajshahi,2015,3,23,29.9,28.75,27.85,27.7
Rajshahi,2015,3,24,29.8,29,28,28
Rajshahi,2015,3,25,30.15,29.25,28.15,28.7
Rajshahi,2015,3,26,30.4,29.2,28.2,29.2
Rajshahi,2015,3,27,30.6,29.7,28.6,27.5
Rajshahi,2015,3,28,30.55,29.4,28.25,27.6
Rajshahi,2015,3,29,30.2,28.5,27.8,28.5
Rajshahi,2015,3,30,30.85,30.3,27,26.9
Rajshahi,2015,3,31,30.4,28.9,28.1,24.7
Rajshahi,2015,4,1,29.15,28.65,28.3,27.4
Rajshahi,2015,4,2,29.3,28.2,28.4,28.5
Rajshahi,2015,4,3,30,29.5,28.6,28
Rajshahi,2015,4,4,31,29.9,29.1,26.7
Rajshahi,2015,4,5,27.65,28.5,28.5,25.7
Rajshahi,2015,4,6,30.1,29,28.8,26.1
Rajshahi,2015,4,7,25.7,27.3,27.55,24.6
Rajshahi,2015,4,8,28.9,28.1,28.15,26.5
Rajshahi,2015,4,9,29,28.1,27.8,28.5
Rajshahi,2015,4,10,29.15,28,27.45,28.3
Rajshahi,2015,4,11,30,29.35,28.55,29.3
Rajshahi,2015,4,12,31.25,30.2,28.6,27.9
Rajshahi,2015,4,13,28.3,29.35,29.3,25.3
Rajshahi,2015,4,14,30.25,28.95,29.7,26.8
Rajshahi,2015,4,15,30.05,29.6,28.9,28.1
Rajshahi,2015,4,16,30.25,30,29.1,28.3
Rajshahi,2015,4,17,26.6,27.6,28,26.3
Rajshahi,2015,4,18,30.25,29.4,28.9,26.9
Rajshahi,2015,4,19,27.95,29.2,28.65,26.6
Rajshahi,2015,4,20,30.1,29.45,29,28.8
Rajshahi,2015,4,21,31.1,29.7,29.5,29.4
Rajshahi,2015,4,22,30.25,29.85,29.25,28.4
Rajshahi,2015,4,23,30,30.05,29.15,28.1
Rajshahi,2015,4,24,30,29.9,29.35,25.9
Rajshahi,2015,4,25,27.3,28.65,28.75,24.6
Rajshahi,2015,4,26,27.5,28.5,28.7,25.7
Rajshahi,2015,4,27,27.9,29.1,28.7,24.9
Rajshahi,2015,4,28,28.1,28.65,28.55,26.6
Rajshahi,2015,4,29,29.55,29.15,28.5,27.5
Rajshahi,2015,4,30,29.4,29.1,28.85,28.9
Rajshahi,2015,5,1,30.4,30.1,29.15,28.5
Rajshahi,2015,5,2,31.1,30.25,29.55,29.3
Rajshahi,2015,5,3,30.9,30.6,30,29.1
Rajshahi,2015,5,4,31.6,30.95,30,29.9
Rajshahi,2015,5,5,31.95,31.7,30.3,31.5
Rajshahi,2015,5,6,34.95,32.35,31.1,31.3
Rajshahi,2015,5,7,34.6,32.25,31.2,29.8
Rajshahi,2015,5,8,30.8,30.8,30.05,27.3
Rajshahi,2015,5,9,31.7,31.7,30.9,29.7
Rajshahi,2015,5,10,31.55,31.75,31,28.8
Rajshahi,2015,5,11,29.6,31.1,30.6,28.2
Rajshahi,2015,5,12,29.55,30.95,30.55,27.4
Rajshahi,2015,5,13,30.8,31,30.55,30.2
Rajshahi,2015,5,14,32.35,31.75,31,30.9
Rajshahi,2015,5,15,33.7,32.1,31,30.6
Rajshahi,2015,5,16,31.25,31.15,30.8,28.5
Rajshahi,2015,5,17,31.2,31.5,30.9,28.3
Rajshahi,2015,5,18,31.1,31.25,30.8,30.3
Rajshahi,2015,5,19,31,31.75,31,30.6
Rajshahi,2015,5,20,32.45,31.9,30.95,31.3
Rajshahi,2015,5,21,33.2,32.95,31.6,31.6
Rajshahi,2015,5,22,34.2,33.3,32.2,33.4
Rajshahi,2015,5,23,31.15,33,32,32.9
Rajshahi,2015,5,24,33.7,33.7,32.65,30.1
Rajshahi,2015,5,25,31.1,32.7,32.2,31.1
Rajshahi,2015,5,26,34.4,33.15,32.5,29.5
Rajshahi,2015,5,27,34.7,33.2,32.3,31
Rajshahi,2015,5,28,34.4,33.5,32.5,31.9
Rajshahi,2015,5,29,37.2,33.45,32.6,31.8
Rajshahi,2015,5,30,31.7,32.5,32.4,27.4
Rajshahi,2015,5,31,34.75,33.5,33.5,31.5
Rajshahi,2015,6,1,34.1,32.75,32.1,31
Rajshahi,2015,6,2,32,32.5,32,29.4
Rajshahi,2015,6,3,31.3,32.35,31.85,31.6
Rajshahi,2015,6,4,33.1,32.65,32.2,32.3
Rajshahi,2015,6,5,34.35,33.6,32.45,32.4
Rajshahi,2015,6,6,34,33.8,32.55,32.4
Rajshahi,2015,6,7,34.3,33.85,32.9,32.7
Rajshahi,2015,6,8,34.65,33.9,33.1,32.9
Rajshahi,2015,6,9,34.9,34.3,33.15,31.9
Rajshahi,2015,6,10,33.75,34.15,33.15,30.8
Rajshahi,2015,6,11,32.9,33.55,33,27.6
Rajshahi,2015,6,12,31.3,32.45,32.35,29.8
Rajshahi,2015,6,13,31.1,32.2,32.3,28.4
Rajshahi,2015,6,14,31.5,32.2,32.15,29.4
Rajshahi,2015,6,15,32.9,32.35,32.2,28.3
Rajshahi,2015,6,16,33,32,31.6,29.3
Rajshahi,2015,6,17,31.75,32.05,31.55,28.9
Rajshahi,2015,6,18,31.45,31.9,31.3,31.2
Rajshahi,2015,6,19,34.15,32.65,32,31
Rajshahi,2015,6,20,32.85,32.75,32.1,31.2
Rajshahi,2015,6,21,32.85,32.5,32.05,29.6
Rajshahi,2015,6,22,29.9,31.85,31.85,27.5
Rajshahi,2015,6,23,29.85,31.2,31.55,28.1
Rajshahi,2015,6,24,29.7,30.9,31.2,27.7
Rajshahi,2015,6,25,30.4,30.5,30.8,28.2
Rajshahi,2015,6,26,28.3,29.6,29.8,26.3
Rajshahi,2015,6,27,28.4,29.45,29.8,26.5
Rajshahi,2015,6,28,28.05,29.35,29.5,27.4
Rajshahi,2015,6,29,30.35,29.5,29.45,28.5
Rajshahi,2015,6,30,30.8,30.3,29.85,30
Rajshahi,2015,7,1,31.7,31.1,30.35,29.4
Rajshahi,2015,7,2,31.45,31.2,30.1,28.5
Rajshahi,2015,7,3,31.35,30.65,30.5,28.8
Rajshahi,2015,7,4,31.35,31.45,30.6,30.5
Rajshahi,2015,7,5,33.25,31.9,31,30
Rajshahi,2015,7,6,33.05,31.85,31.3,30.1
Rajshahi,2015,7,7,33.1,32,31.25,29.9
Rajshahi,2015,7,8,31,31.7,31.2,28.4
Rajshahi,2015,7,9,31.7,31.15,31,26.9
Rajshahi,2015,7,10,30.5,30.55,30.65,27
Rajshahi,2015,7,11,31.05,30.25,30.15,29.7
Rajshahi,2015,7,12,31.1,30.7,30.1,29.6
Rajshahi,2015,7,13,31.9,31.2,30.65,30.2
Rajshahi,2015,7,14,33.5,31.55,30.75,31.2
Rajshahi,2015,7,15,31.5,31.9,31.1,28.3
Rajshahi,2015,7,16,31.1,31,30.9,28
Rajshahi,2015,7,17,31.2,31.45,31.1,28.6
Rajshahi,2015,7,18,31,31.4,30.8,28.9
Rajshahi,2015,7,19,31,30.95,30.9,28
Rajshahi,2015,7,20,30.9,30.8,30.55,28.1
Rajshahi,2015,7,21,30.15,30.45,30.25,28.4
Rajshahi,2015,7,22,30.9,30.7,30.25,29.3
Rajshahi,2015,7,23,31.15,30.75,30.35,29.1
Rajshahi,2015,7,24,31.2,30.9,30.5,28.7
Rajshahi,2015,7,25,30.85,30.9,30.65,28.6
Rajshahi,2015,7,26,31.05,31.2,30.6,29.8
Rajshahi,2015,7,27,30.8,30.85,30.45,28.2
Rajshahi,2015,7,28,30.9,30.95,30.45,30.4
Rajshahi,2015,7,29,32.15,32,31,29.8
Rajshahi,2015,7,30,30.6,31.7,30.4,29
Rajshahi,2015,7,31,29.3,30.9,31,26.2
Rajshahi,2015,8,1,27.7,29.4,30.3,25.8
Rajshahi,2015,8,2,29.65,30.1,30.1,27.5
Rajshahi,2015,8,3,30.1,29.9,29.95,28.5
Rajshahi,2015,8,4,30.9,30.4,29.9,30.3
Rajshahi,2015,8,5,31.35,31,30.3,30.3
Rajshahi,2015,8,6,32.2,31.65,30.75,30.2
Rajshahi,2015,8,7,33.3,31.75,31,30
Rajshahi,2015,8,8,33.25,31.7,31,29.4
Rajshahi,2015,8,9,31.8,31.85,31,31.4
Rajshahi,2015,8,10,33.05,32.65,31.65,30
Rajshahi,2015,8,11,33.4,32.5,31.8,30.4
Rajshahi,2015,8,12,33.1,32.5,31.8,30.5
Rajshahi,2015,8,13,32.8,32.7,31.9,30.9
Rajshahi,2015,8,14,32.75,32.8,32,29.7
Rajshahi,2015,8,15,32.9,32.35,32,29.8
Rajshahi,2015,8,16,33.25,32.45,32.05,30.4
Rajshahi,2015,8,17,31.6,32.5,31.95,29.3
Rajshahi,2015,8,18,31.75,32.35,31.9,28.9
Rajshahi,2015,8,19,31.25,32.1,31.8,28.6
Rajshahi,2015,8,20,31.35,30.05,30.1,27.6
Rajshahi,2015,8,21,31.2,31,30.9,27.2
Rajshahi,2015,8,22,30.65,31.2,31,27.9
Rajshahi,2015,8,23,31.2,31.4,30.7,30.5
Rajshahi,2015,8,24,33.1,32.1,31.6,30
Rajshahi,2015,8,25,32,32.1,31.35,30
Rajshahi,2015,8,26,32.25,32.25,31.55,30.6
Rajshahi,2015,8,27,32.15,32.1,31.4,30.5
Rajshahi,2015,8,28,32,31.65,31.35,29.5
Rajshahi,2015,8,29,31.7,32,31.45,29.8
Rajshahi,2015,8,30,32.05,32.1,31.65,30.1
Rajshahi,2015,8,31,30.9,31.4,31.15,27.7
Rajshahi,2015,9,1,30.7,31.25,31.1,28.5
Rajshahi,2015,9,2,30.9,31,30.85,28.1
Rajshahi,2015,9,3,31.15,31.3,31,28.7
Rajshahi,2015,9,4,30.8,30.9,30.85,27.6
Rajshahi,2015,9,5,30.85,31.1,30.75,29.5
Rajshahi,2015,9,6,32.2,31.7,30.9,30.7
Rajshahi,2015,9,7,32.55,32.2,31.2,31.1
Rajshahi,2015,9,8,32.35,32.1,31.2,30.9
Rajshahi,2015,9,9,32.85,32.6,31.8,31
Rajshahi,2015,9,10,30.1,31.6,31.5,29.3
Rajshahi,2015,9,11,24.2,31.9,31,28.7
Rajshahi,2015,9,12,32.15,32,31.55,30.5
Rajshahi,2015,9,13,33,32.75,31.9,30.5
Rajshahi,2015,9,14,31.8,32.45,32,29.9
Rajshahi,2015,9,15,32.6,32.45,32,28.7
Rajshahi,2015,9,16,31.65,32.2,31.9,29.3
Rajshahi,2015,9,17,31.5,32.1,31.8,30.8
Rajshahi,2015,9,18,33.05,32.85,31.75,31.9
Rajshahi,2015,9,19,33.75,33,32,30.6
Rajshahi,2015,9,20,31.5,32.4,32.1,26.9
Rajshahi,2015,9,21,31.6,31.7,33.7,28.3
Rajshahi,2015,9,22,29.6,30.95,30.8,27
Rajshahi,2015,9,23,30.25,30.9,30.9,27.2
Rajshahi,2015,9,24,30.05,30.85,31.1,28.8
Rajshahi,2015,9,25,30.4,31.15,31.05,28.7
Rajshahi,2015,9,26,30.35,30.9,30.9,28.7
Rajshahi,2015,9,27,30.85,30.8,30.9,28.3
Rajshahi,2015,9,28,30.7,31.25,31.1,28.4
Rajshahi,2015,9,29,31.35,31.45,31.1,29
Rajshahi,2015,9,30,31.55,31.75,31.25,29.7
Rajshahi,2015,10,1,31.9,32,31.3,30.2
Rajshahi,2015,10,2,33.1,32.05,31.55,30
Rajshahi,2015,10,3,32.2,32.15,31.6,29.8
Rajshahi,2015,10,4,31.8,32.2,31.8,29.5
Rajshahi,2015,10,5,32.05,32.35,32,29.4
Rajshahi,2015,10,6,31.8,32.2,31.9,29.5
Rajshahi,2015,10,7,31.85,32.15,32.3,29.1
Rajshahi,2015,10,8,31.7,32.1,31.75,28.1
Rajshahi,2015,10,9,31.5,32.1,31.7,28.7
Rajshahi,2015,10,10,31.1,31.95,31.55,28.5
Rajshahi,2015,10,11,31.1,31.8,31.45,27.9
Rajshahi,2015,10,12,30.9,31.5,31.1,27.1
Rajshahi,2015,10,13,31.25,31.5,31,26.7
Rajshahi,2015,10,14,29.2,31,30.9,25.8
Rajshahi,2015,10,15,29.2,31,30.65,25
Rajshahi,2015,10,16,28.55,29.9,30.25,25.5
Rajshahi,2015,10,17,28.75,30,30.1,26.6
Rajshahi,2015,10,18,29.8,29.9,30,26.8
Rajshahi,2015,10,19,30.45,30.25,30.1,27.1
Rajshahi,2015,10,20,30.3,30.35,30.1,27.3
Rajshahi,2015,10,21,30.1,30.45,30.1,27.5
Rajshahi,2015,10,22,29.1,30.15,30.1,27
Rajshahi,2015,10,23,30.5,30.25,30,26.1
Rajshahi,2015,10,24,29.55,29.85,30,24.9
Rajshahi,2015,10,25,29.2,29.7,29.9,25.5
Rajshahi,2015,10,26,29.5,29.8,29.85,24.8
Rajshahi,2015,10,27,28.4,29.2,29.25,24.5
Rajshahi,2015,10,28,29.3,28.65,29.2,24.3
Rajshahi,2015,10,29,28,29.1,29.1,24.8
Rajshahi,2015,10,30,27.65,28.75,29,24.7
Rajshahi,2015,10,31,27.4,28.65,28.75,25
Rajshahi,2015,11,1,26.9,28.55,28.75,24.8
Rajshahi,2015,11,2,27.3,28.45,28.7,24.5
Rajshahi,2015,11,3,26.7,28.3,28.5,25.1
Rajshahi,2015,11,4,27.4,28.5,28.55,25.7
Rajshahi,2015,11,5,28.7,28.7,28.05,25.8
Rajshahi,2015,11,6,28.6,28.8,28.1,25
Rajshahi,2015,11,7,27.6,28.2,28.1,24
Rajshahi,2015,11,8,26.6,28.1,28.25,23.2
Rajshahi,2015,11,9,26.2,27.65,28,22.9
Rajshahi,2015,11,10,26.25,27.75,28.1,23
Rajshahi,2015,11,11,27.1,27.3,27.75,23
Rajshahi,2015,11,12,25.8,26.95,27.35,23.1
Rajshahi,2015,11,13,26.15,27,27.2,23.2
Rajshahi,2015,11,14,25.85,27.1,27.35,22.8
Rajshahi,2015,11,15,25.6,26.9,26.85,23.4
Rajshahi,2015,11,16,25.6,26.8,26.5,23.3
Rajshahi,2015,11,17,26.3,26.9,27.1,23.6
Rajshahi,2015,11,18,25.65,26.9,27,23.4
Rajshahi,2015,11,19,25.45,26.55,26.9,23.5
Rajshahi,2015,11,20,25,26.5,26.7,23
Rajshahi,2015,11,21,24.85,26.1,26.4,22.2
Rajshahi,2015,11,22,24.4,26.1,26.55,21.7
Rajshahi,2015,11,23,24.5,25.75,26.15,21.9
Rajshahi,2015,11,24,24.4,25.9,26.15,21.5
Rajshahi,2015,11,25,23.9,25.45,26,21.3
Rajshahi,2015,11,26,23.5,25.35,25.8,21.1
Rajshahi,2015,11,27,23.25,25.05,25.6,21.1
Rajshahi,2015,11,28,23.6,25.45,25.7,21.4
Rajshahi,2015,11,29,23.7,25.1,25.4,21.8
Rajshahi,2015,11,30,23.95,25.15,25.45,22.2
Rajshahi,2015,12,1,24.4,25.65,26.05,22.5
Rajshahi,2015,12,2,24.2,25.3,25.6,22.6
Rajshahi,2015,12,3,24.55,25.35,25.3,22.2
Rajshahi,2015,12,4,24.3,25.35,25.6,21.1
Rajshahi,2015,12,5,23.65,25.1,25.3,22.4
Rajshahi,2015,12,6,23.55,25.25,25.25,21.2
Rajshahi,2015,12,7,23.6,24.9,25.2,20.8
Rajshahi,2015,12,8,23.3,24.7,24.85,20.9
Rajshahi,2015,12,9,22.7,24.5,24.6,20.6
Rajshahi,2015,12,10,22.1,22.8,23.7,19
Rajshahi,2015,12,11,22.6,24.1,24.5,18.7
Rajshahi,2015,12,12,22.7,24.25,24.75,20.4
Rajshahi,2015,12,13,22.5,23.95,24.6,20.1
Rajshahi,2015,12,14,22.4,23.9,24.2,18.5
Rajshahi,2015,12,15,21.4,23.2,24,16.4
Rajshahi,2015,12,16,20.2,22.6,23.5,14.9
Rajshahi,2015,12,17,19.55,21.85,22.95,16.7
Rajshahi,2015,12,18,20,21.8,22.65,17.1
Rajshahi,2015,12,19,19.7,21.6,22.4,15.4
Rajshahi,2015,12,20,19.45,21.55,22.4,15.1
Rajshahi,2015,12,21,19.65,21.4,22,15.4
Rajshahi,2015,12,22,19.8,21.7,22.6,16.1
Rajshahi,2015,12,23,18.7,20.55,21.4,16.3
Rajshahi,2015,12,24,20,21.3,22,17.4
Rajshahi,2015,12,25,21,22.2,23.25,14.9
Rajshahi,2015,12,26,18.15,20.35,21.2,16.2
Rajshahi,2015,12,27,17.7,20.1,21,16.1
Rajshahi,2015,12,28,17.8,20,20.7,15.3
Rajshahi,2015,12,29,17.4,20.4,20.95,15.3
Rajshahi,2015,12,30,18.6,20,20.6,16.1
Rajshahi,2015,12,31,18.6,19.9,20.45,17.3
Rajshahi,2016,1,1,18.95,20.1,20.9,17.7
Rajshahi,2016,1,2,18.9,19.9,20.35,17.9
Rajshahi,2016,1,3,18.9,20.55,20.75,16.9
Rajshahi,2016,1,4,19,20.3,20.8,16.4
Rajshahi,2016,1,5,18.6,20.65,21.4,15.9
Rajshahi,2016,1,6,18.6,19.65,20.7,16.5
Rajshahi,2016,1,7,18.95,20.2,20.8,17
Rajshahi,2016,1,8,20.85,22.25,22.75,19.2
Rajshahi,2016,1,9,19.45,20.3,20.8,18.8
Rajshahi,2016,1,10,19.6,20.9,21,17
Rajshahi,2016,1,11,19.1,20.15,20.5,15.8
Rajshahi,2016,1,12,18.55,20,20.55,16.1
Rajshahi,2016,1,13,18.95,20.1,20.6,16.4
Rajshahi,2016,1,14,18.85,20.15,21.1,17.2
Rajshahi,2016,1,15,19.2,20.2,20.6,17.7
Rajshahi,2016,1,16,19.3,19.9,20.7,17.4
Rajshahi,2016,1,17,19.4,20.45,20.8,16.9
Rajshahi,2016,1,18,18.6,20.1,20.35,16.8
Rajshahi,2016,1,19,18.6,20.1,20.7,16.5
Rajshahi,2016,1,20,17.35,19.65,20.2,16.2
Rajshahi,2016,1,21,18.6,19.75,20.15,15.8
Rajshahi,2016,1,22,17.25,18.95,20,13.5
Rajshahi,2016,1,23,17.85,19.5,20.25,13.8
Rajshahi,2016,1,24,16.6,18.4,19.25,12.4
Rajshahi,2016,1,25,16.7,18.35,19,13
Rajshahi,2016,1,26,16.7,18.2,18.9,13.9
Rajshahi,2016,1,27,17,18.2,18.9,15.6
Rajshahi,2016,1,28,18,18.8,19.1,17
Rajshahi,2016,1,29,18.3,18.8,19.4,17
Rajshahi,2016,1,30,17.9,18.8,19.2,16.9
Rajshahi,2016,1,31,18.75,18.9,19.65,19
Rajshahi,2016,2,1,20.1,19.95,20,19.4
Rajshahi,2016,2,2,21.15,20.75,20.55,20.2
Rajshahi,2016,2,3,21,20.7,20.75,18.6
Rajshahi,2016,2,4,19.5,20.5,20.7,16.9
Rajshahi,2016,2,5,19.35,20.35,20.7,17
Rajshahi,2016,2,6,19.3,20.35,20.8,16.9
Rajshahi,2016,2,7,19.45,20,21.15,18.1
Rajshahi,2016,2,8,19.8,20.1,20.3,20.3
Rajshahi,2016,2,9,21.8,21.5,21,20.9
Rajshahi,2016,2,10,21.95,21.95,21.45,20.3
Rajshahi,2016,2,11,21.2,21.8,21.4,21
Rajshahi,2016,2,12,24.15,22.2,21.85,20.6
Rajshahi,2016,2,13,23.2,23.1,22.1,20.1
Rajshahi,2016,2,14,22.25,22.45,22.1,22.4
Rajshahi,2016,2,15,23.5,22.55,22.2,23.3
Rajshahi,2016,2,16,23.3,22.55,22.35,22.6
Rajshahi,2016,2,17,23.85,23.05,22.4,23.6
Rajshahi,2016,2,18,24.5,24.2,23.35,23.8
Rajshahi,2016,2,19,24.8,24.3,23.9,24.7
Rajshahi,2016,2,20,25.05,24.75,24,24.9
Rajshahi,2016,2,21,25.8,25.4,24.3,25.4
Rajshahi,2016,2,22,25.75,25.45,24.7,22.5
Rajshahi,2016,2,23,24.6,24.7,24.8,21.7
Rajshahi,2016,2,24,25.2,25.15,24.65,23.3
Rajshahi,2016,2,25,25.7,25.3,24.6,24.4
Rajshahi,2016,2,26,26.3,25.9,25.1,24
Rajshahi,2016,2,27,26.3,25.55,25,24
Rajshahi,2016,2,28,26.2,25.4,24.9,24.6
Rajshahi,2016,2,29,26.1,26.1,25.4,24.3
Rajshahi,2016,3,1,26.2,26.3,25.65,24.4
Rajshahi,2016,3,2,26.9,26.35,25.75,26.1
Rajshahi,2016,3,3,27.4,26.4,26.15,25.1
Rajshahi,2016,3,4,26.8,26.9,26.1,25.1
Rajshahi,2016,3,5,26.95,27.05,26.3,26.6
Rajshahi,2016,3,6,27.1,27.2,26.1,24.6
Rajshahi,2016,3,7,26.35,26.75,26.05,25
Rajshahi,2016,3,8,26.5,26.7,26.2,25.8
Rajshahi,2016,3,9,27.05,26.95,26.45,27.3
Rajshahi,2016,3,10,27.5,27.35,26.75,27
Rajshahi,2016,3,11,27.55,27.35,26.8,26.4
Rajshahi,2016,3,12,28.05,27.9,27,27.6
Rajshahi,2016,3,13,26.75,27.85,27.25,23.9
Rajshahi,2016,3,14,25.3,26.9,27,23
Rajshahi,2016,3,15,27.3,27.2,26.7,25.4
Rajshahi,2016,3,16,27.7,27.3,26.6,24.8
Rajshahi,2016,3,17,27.45,27.75,27,24.3
Rajshahi,2016,3,18,27.1,27.5,26.9,26.2
Rajshahi,2016,3,19,28.15,27.8,27.2,27.6
Rajshahi,2016,3,20,29.75,28.15,27.2,27.7
Rajshahi,2016,3,21,29.55,28.75,28,27.4
Rajshahi,2016,3,22,29.7,28.65,27.9,26
Rajshahi,2016,3,23,28.75,27.85,27.8,24.9
Rajshahi,2016,3,24,29,28.25,27.9,25.7
Rajshahi,2016,3,25,29.4,28.35,27.9,26.9
Rajshahi,2016,3,26,29.7,28.3,27.85,28.8
Rajshahi,2016,3,27,29.2,28.8,28.5,29.1
Rajshahi,2016,3,28,30.8,29.3,28.4,26.9
Rajshahi,2016,3,29,30.05,29.2,28.25,27.8
Rajshahi,2016,3,30,30.3,29.1,28.6,26.2
Rajshahi,2016,3,31,29.9,29.1,28.65,25.1
Rajshahi,2016,4,1,26.3,27.65,27.75,23.5
Rajshahi,2016,4,2,26.95,27.8,27.9,25.3
Rajshahi,2016,4,3,25.9,26.35,25.2,25.7
Rajshahi,2016,4,4,26.75,26.4,25.5,27.4
Rajshahi,2016,4,5,28.1,27.6,27.45,27.4
Rajshahi,2016,4,6,29.05,28.45,28,29.8
Rajshahi,2016,4,7,30.1,29.35,28.3,30.6
Rajshahi,2016,4,8,30.15,28.8,28.2,31
Rajshahi,2016,4,9,31.2,30.4,29.2,31.4
Rajshahi,2016,4,10,31.5,30.7,29.6,31.1
Rajshahi,2016,4,11,30.5,30.2,29.7,30.7
Rajshahi,2016,4,12,31.15,30.3,30,30.5
Rajshahi,2016,4,13,31.05,31.05,30.1,29.6
Rajshahi,2016,4,14,31.3,31.3,30.55,31.1
Rajshahi,2016,4,15,31.95,30.1,29.7,31.1
Rajshahi,2016,4,16,32.8,30.6,30.05,31.1
Rajshahi,2016,4,17,32.5,32.2,31,29.7
Rajshahi,2016,4,18,32.55,32,31,30.3
Rajshahi,2016,4,19,33.05,31.5,30.6,32.5
Rajshahi,2016,4,20,34.1,32.3,31.3,32
Rajshahi,2016,4,21,32.4,32.7,31.6,32.3
Rajshahi,2016,4,22,33.85,33.1,31.9,32.3
Rajshahi,2016,4,23,34.55,32.15,31.5,32.8
Rajshahi,2016,4,24,33.9,33.35,32.2,31.4
Rajshahi,2016,4,25,32.6,33.2,32.15,31.7
Rajshahi,2016,4,26,33.8,33.3,32.3,32.4
Rajshahi,2016,4,27,34.5,33.75,32.7,32.7
Rajshahi,2016,4,28,34,33.8,32.4,32.3
Rajshahi,2016,4,29,34.6,33.95,32.65,33.1
Rajshahi,2016,4,30,34.2,32.9,32.05,32.5
Rajshahi,2016,5,1,33.8,33.7,32.5,29.4
Rajshahi,2016,5,2,33.25,32.7,32.9,27.1
Rajshahi,2016,5,3,32.4,32.6,32.2,29
Rajshahi,2016,5,4,32,32.5,32.4,27.9
Rajshahi,2016,5,5,32,32.1,31.6,29.3
Rajshahi,2016,5,6,33,32.6,31.8,30.5
Rajshahi,2016,5,7,32.9,32.65,32,27
Rajshahi,2016,5,8,30.6,31.45,31.35,28.6
Rajshahi,2016,5,9,32.85,32.85,32.25,30.1
Rajshahi,2016,5,10,31.5,32.2,31.8,30.5
Rajshahi,2016,5,11,30.9,32,31.2,28.8
Rajshahi,2016,5,12,30.25,31.7,30.25,26.9
Rajshahi,2016,5,13,29.75,30.5,31,25.8
Rajshahi,2016,5,14,29.9,30.65,30.8,28.5
Rajshahi,2016,5,15,31.6,31.1,30.9,30.5
Rajshahi,2016,5,16,31.5,31.8,31,30.7
Rajshahi,2016,5,17,31.5,31.9,31.05,30.5
Rajshahi,2016,5,18,31,31.2,30.9,29.4
Rajshahi,2016,5,19,30.7,31.5,31.1,27.6
Rajshahi,2016,5,20,30.8,31.2,31,28.3
Rajshahi,2016,5,21,30.05,30.85,30.6,26.8
Rajshahi,2016,5,22,31.35,30.95,30.9,29.9
Rajshahi,2016,5,23,31.75,31.65,31.45,30.8
Rajshahi,2016,5,24,31.85,31.5,31.05,28.3
Rajshahi,2016,5,25,30.7,31.1,31,26.2
Rajshahi,2016,5,26,30.5,31.1,31.1,27.7
Rajshahi,2016,5,27,31.2,31.1,30.7,27
Rajshahi,2016,5,28,31.2,30.55,30.9,28.4
Rajshahi,2016,5,29,30.5,30.7,30.5,27.6
Rajshahi,2016,5,30,31.65,31.1,31,28.8
Rajshahi,2016,5,31,31.2,31.4,30.45,28.5
Rajshahi,2016,6,1,31.15,31.45,31,28.2
Rajshahi,2016,6,2,31.55,31.4,30.95,30.8
Rajshahi,2016,6,3,32.15,32,31.3,31.4
Rajshahi,2016,6,4,33.35,32.55,31.15,31
Rajshahi,2016,6,5,32.85,32.9,32,31
Rajshahi,2016,6,6,32,32.8,32,30.8
Rajshahi,2016,6,7,33.4,33.25,32.1,29.9
Rajshahi,2016,6,8,34.3,33.6,32.6,30.5
Rajshahi,2016,6,9,35.4,34.05,32.55,30.8
Rajshahi,2016,6,10,35.35,34.3,33,31.7
Rajshahi,2016,6,11,35.05,34.05,33.2,30.2
Rajshahi,2016,6,12,32.55,33.95,33.1,27.7
Rajshahi,2016,6,13,29.9,31.8,32,27.1
Rajshahi,2016,6,14,31.9,31.75,31.65,29.5
Rajshahi,2016,6,15,33,32.75,32.15,29.9
Rajshahi,2016,6,16,29.8,32.05,31.55,26.5
Rajshahi,2016,6,17,31,31.35,31.25,29.5
Rajshahi,2016,6,18,31.3,31.6,31.05,30.1
Rajshahi,2016,6,19,31,31.7,31.3,29.3
Rajshahi,2016,6,20,32,32.1,31.7,30.3
Rajshahi,2016,6,21,32.6,32.45,31.8,30.2
Rajshahi,2016,6,22,33.25,31.95,31.5,29.2
Rajshahi,2016,6,23,33.55,32.45,31.9,29.6
Rajshahi,2016,6,24,31.45,32.05,31.3,30.6
Rajshahi,2016,6,25,33.9,32.4,31.75,31.2
Rajshahi,2016,6,26,35,33.05,32.1,31.7
Rajshahi,2016,6,27,33.25,33.45,32.5,30.9
Rajshahi,2016,6,28,33.25,33.25,32.3,30.7
Rajshahi,2016,6,29,32.7,33.45,32.3,30.8
Rajshahi,2016,6,30,33.25,32.7,32.05,30.7
Rajshahi,2016,7,1,31.7,32.6,32.2,28.9
Rajshahi,2016,7,2,33,32.6,32.4,29.5
Rajshahi,2016,7,3,33.75,32.55,32.2,27.7
Rajshahi,2016,7,4,30.9,31.8,31.6,28.3
Rajshahi,2016,7,5,31,31.75,31.4,28
Rajshahi,2016,7,6,30.9,31.55,31.3,29.3
Rajshahi,2016,7,7,31,31.6,31.3,29.2
Rajshahi,2016,7,8,32.3,31.8,31.3,30
Rajshahi,2016,7,9,31.65,31.45,31.1,29.5
Rajshahi,2016,7,10,31.7,31.45,31,29.7
Rajshahi,2016,7,11,32.05,32,31.3,30.2
Rajshahi,2016,7,12,31.95,31.95,31.4,29.7
Rajshahi,2016,7,13,32.3,32.1,32,30.1
Rajshahi,2016,7,14,32.8,32.1,31.6,30.6
Rajshahi,2016,7,15,33.75,32.35,31.6,30.3
Rajshahi,2016,7,16,31.8,31.9,31.7,27.7
Rajshahi,2016,7,17,30.75,31.25,31.1,27.7
Rajshahi,2016,7,18,28.9,30.25,30.3,27
Rajshahi,2016,7,19,30.4,30.5,30.45,28
Rajshahi,2016,7,20,31.2,30.65,30.5,29.2
Rajshahi,2016,7,21,33.15,31.8,31.45,29.1
Rajshahi,2016,7,22,31,31,30.65,28.6
Rajshahi,2016,7,23,29.5,30.9,30.7,27.4
Rajshahi,2016,7,24,30,30.2,30.15,27.9
Rajshahi,2016,7,25,29.8,30.5,30.6,27.7
Rajshahi,2016,7,26,30.9,30.7,30.5,28.4
Rajshahi,2016,7,27,31.2,31.1,30.8,29.2
Rajshahi,2016,7,28,31,31.1,30.55,29.3
Rajshahi,2016,7,29,31.4,31.45,31.3,28.9
Rajshahi,2016,7,30,31.2,31.2,30.8,29
Rajshahi,2016,7,31,31.7,31.55,31,30.7
Rajshahi,2016,8,1,32.9,31.7,31,30.8
Rajshahi,2016,8,2,32.35,31.6,31.15,29.1
Rajshahi,2016,8,3,31.2,31.6,31,30
Rajshahi,2016,8,4,32.2,32,31.5,30.7
Rajshahi,2016,8,5,31.7,31.75,31.25,30.1
Rajshahi,2016,8,6,31.2,31.9,31.4,28.6
Rajshahi,2016,8,7,31.5,31.4,31.1,27.7
Rajshahi,2016,8,8,31.3,31.3,31,30.1
Rajshahi,2016,8,9,32.6,31.45,31.05,29.6
Rajshahi,2016,8,10,30.75,31.1,31,26.7
Rajshahi,2016,8,11,28.6,30.35,30.3,27.3
Rajshahi,2016,8,12,31.1,30.4,30.4,29.8
Rajshahi,2016,8,13,32,31.2,30.65,31.1
Rajshahi,2016,8,14,31.8,31.9,30.95,30.2
Rajshahi,2016,8,15,32.6,31.6,31,30.2
Rajshahi,2016,8,16,32.5,32.1,31.35,29.8
Rajshahi,2016,8,17,31.6,31.6,31.6,28.6
Rajshahi,2016,8,18,31.1,31.4,31.1,29
Rajshahi,2016,8,19,32,31.5,31.1,30.6
Rajshahi,2016,8,20,32.75,32.2,31.2,31
Rajshahi,2016,8,21,31.5,32.25,31.45,28.2
Rajshahi,2016,8,22,31.55,31.05,31.05,26.9
Rajshahi,2016,8,23,30.5,30.75,30,29.7
Rajshahi,2016,8,24,31.7,31.65,31.1,30.6
Rajshahi,2016,8,25,32.1,31.9,31.2,30.4
Rajshahi,2016,8,26,31.25,31.9,31.3,28.4
Rajshahi,2016,8,27,31.35,31.7,31.15,31.4
Rajshahi,2016,8,28,33.25,32.5,31.5,31.1
Rajshahi,2016,8,29,33.3,32.4,31.75,30.8
Rajshahi,2016,8,30,33.15,32.5,31.9,30.8
Rajshahi,2016,8,31,32.1,33,32.3,30.3
Rajshahi,2016,9,1,32.2,32.7,32.2,29.8
Rajshahi,2016,9,2,31.8,32.25,32,29.2
Rajshahi,2016,9,3,31.95,32.25,32,29.3
Rajshahi,2016,9,4,31.5,32,31.8,28.8
Rajshahi,2016,9,5,31.65,32,31.6,29.8
Rajshahi,2016,9,6,31.2,31.8,31.6,28.6
Rajshahi,2016,9,7,31.5,31.6,31.4,29.3
Rajshahi,2016,9,8,31.9,31.25,31,30.4
Rajshahi,2016,9,9,31.85,32.2,31.45,30.2
Rajshahi,2016,9,10,32.5,32.25,31.55,30.9
Rajshahi,2016,9,11,33.35,33.1,32.1,30
Rajshahi,2016,9,12,32,32.6,31.9,27.9
Rajshahi,2016,9,13,31.8,32.5,31.9,28
Rajshahi,2016,9,14,31.85,32.6,31.5,29.8
Rajshahi,2016,9,15,33,32.7,32.1,30.3
Rajshahi,2016,9,16,32.9,32.9,32.15,30
Rajshahi,2016,9,17,33.15,32.8,32.1,28.9
Rajshahi,2016,9,18,31.9,32.3,31.9,29.7
Rajshahi,2016,9,19,32.35,32.65,32,28.8
Rajshahi,2016,9,20,31.6,32.6,31.9,29.1
Rajshahi,2016,9,21,30.75,32.15,32,27.1
Rajshahi,2016,9,22,30.9,31.2,31.15,29.4
Rajshahi,2016,9,23,31.1,31.6,31.4,28.9
Rajshahi,2016,9,24,31.7,32.1,31.7,28.9
Rajshahi,2016,9,25,30.5,31.9,31.6,27.4
Rajshahi,2016,9,26,30.1,30.25,30.6,27.2
Rajshahi,2016,9,27,30.95,31.1,31,28.6
Rajshahi,2016,9,28,30.9,31.25,31.05,29.3
Rajshahi,2016,9,29,31.1,31.3,31,29
Rajshahi,2016,9,30,31.5,31.5,31.3,29.8
Rajshahi,2016,10,1,32,31.5,31.4,30.1
Rajshahi,2016,10,2,32.9,31.65,31.5,30.6
Rajshahi,2016,10,3,33,32.65,32,30.5
Rajshahi,2016,10,4,32.95,32.3,32,29.8
Rajshahi,2016,10,5,31.9,32.25,32.1,29.4
Rajshahi,2016,10,6,32.1,32.3,32.1,29.4
Rajshahi,2016,10,7,32.2,32.35,32,29.5
Rajshahi,2016,10,8,31.65,32.25,31.6,28.5
Rajshahi,2016,10,9,31.25,32.1,31.75,27.5
Rajshahi,2016,10,10,30.2,31.5,31.4,27.2
Rajshahi,2016,10,11,29.85,30.9,31.15,27
Rajshahi,2016,10,12,31,30.9,30.9,27.9
Rajshahi,2016,10,13,30.9,31.1,30.9,27.3
Rajshahi,2016,10,14,30.1,30.9,30.8,26
Rajshahi,2016,10,15,29,30.45,30.7,25.9
Rajshahi,2016,10,16,29.2,30.2,30.2,26.8
Rajshahi,2016,10,17,30.05,30.55,30.75,27.8
Rajshahi,2016,10,18,30.6,30.6,30.3,27.7
Rajshahi,2016,10,19,30.15,30.6,30.35,27.7
Rajshahi,2016,10,20,30.3,30.8,30.5,27.3
Rajshahi,2016,10,21,29.6,30.45,30.5,26.1
Rajshahi,2016,10,22,28.5,30.1,30.3,26
Rajshahi,2016,10,23,29.1,30.1,30.15,25.9
Rajshahi,2016,10,24,28.9,29.8,30,26.2
Rajshahi,2016,10,25,28.8,29.9,30.1,26.5
Rajshahi,2016,10,26,29,29.35,29.7,27.2
Rajshahi,2016,10,27,28.75,30,30,25.1
Rajshahi,2016,10,28,28.9,29.75,29.95,26
Rajshahi,2016,10,29,28.55,29.65,29.85,26.2
Rajshahi,2016,10,30,27.8,29.55,29.2,25.8
Rajshahi,2016,10,31,30.15,29.55,29.25,27.2
Rajshahi,2016,11,1,29.15,29.85,29.6,27
Rajshahi,2016,11,2,28.9,29.35,29.35,27.2
Rajshahi,2016,11,3,30.2,29.3,29.3,27.1
Rajshahi,2016,11,4,28.5,29.35,29.35,25.7
Rajshahi,2016,11,5,27.25,28.9,29.15,23.6
Rajshahi,2016,11,6,26.5,28.5,29,24.2
Rajshahi,2016,11,7,26.3,27.5,28.05,23.5
Rajshahi,2016,11,8,26,27.8,28.2,22.5
Rajshahi,2016,11,9,25.4,27.6,28.05,23.2
Rajshahi,2016,11,10,25.7,27.25,27.9,23.6
Rajshahi,2016,11,11,25.9,27.3,27.65,23.3
Rajshahi,2016,11,12,26.05,27.35,27.7,23.5
Rajshahi,2016,11,13,25.8,27.05,27.2,23.8
Rajshahi,2016,11,14,26.05,27.05,27.75,22.4
Rajshahi,2016,11,15,24.65,26.55,27.1,22.1
Rajshahi,2016,11,16,24.7,26.35,27,21
Rajshahi,2016,11,17,23.9,25.7,26.6,20.8
Rajshahi,2016,11,18,23.65,25.4,26,20.9
Rajshahi,2016,11,19,23.3,25.3,26,20.8
Rajshahi,2016,11,20,23.8,25.35,26,21.1
Rajshahi,2016,11,21,23.75,25.3,25.8,21.6
Rajshahi,2016,11,22,23.6,25.15,25.9,21
Rajshahi,2016,11,23,23.65,25.15,25.8,20.6
Rajshahi,2016,11,24,23.4,24.9,25.45,21
Rajshahi,2016,11,25,23.2,22.35,24.4,20.9
Rajshahi,2016,11,26,23.5,22.8,24.6,20.8
Rajshahi,2016,11,27,23.55,25.2,25.25,21.2
Rajshahi,2016,11,28,23.7,25.3,25.2,21.3
Rajshahi,2016,11,29,23.55,24.8,25.2,21.7
Rajshahi,2016,11,30,23.55,24.4,25.05,21.9
Rajshahi,2016,12,1,24,24.65,25,21.9
Rajshahi,2016,12,2,23.3,24.5,25,21.6
Rajshahi,2016,12,3,22.8,24.55,24.9,21.9
Rajshahi,2016,12,4,23.25,24.6,25,21.1
Rajshahi,2016,12,5,22.55,24.1,24.5,20.2
Rajshahi,2016,12,6,22,23.9,24.5,18.3
Rajshahi,2016,12,7,23.45,23.9,24,20.9
Rajshahi,2016,12,8,22.75,24.1,24.5,19.1
Rajshahi,2016,12,9,20.75,22.7,23.5,17
Rajshahi,2016,12,10,20.7,22.3,23.15,17.5
Rajshahi,2016,12,11,20.3,21.7,23.35,17.4
Rajshahi,2016,12,12,19.4,21.1,22.55,15.8
Rajshahi,2016,12,13,19.4,21.85,22.5,15.3
Rajshahi,2016,12,14,19.05,21.4,22.35,15.9
Rajshahi,2016,12,15,19.4,21.65,22.45,17.6
Rajshahi,2016,12,16,19.05,20.6,21.9,18.7
Rajshahi,2016,12,17,20.5,21.2,22.35,18.9
Rajshahi,2016,12,18,20.5,21.25,21.65,18.2
Rajshahi,2016,12,19,21.9,22.25,22.85,18.9
Rajshahi,2016,12,20,20.25,21.05,21.15,17.7
Rajshahi,2016,12,21,19.6,21.6,22.1,17.2
Rajshahi,2016,12,22,19.9,21.05,22.05,19.1
Rajshahi,2016,12,23,20.55,21.6,22,19.9
Rajshahi,2016,12,24,20.1,21.2,21.6,19.8
Rajshahi,2016,12,25,21.15,22,22.1,19.8
Rajshahi,2016,12,26,20.6,21.35,22.05,19.8
Rajshahi,2016,12,27,20.85,22.05,22.25,19.3
Rajshahi,2016,12,28,20.85,22.35,22.55,17.7
Rajshahi,2016,12,29,19.7,21,22.1,16.2
Rajshahi,2016,12,30,19.75,21.25,21.9,18.8
Rajshahi,2016,12,31,20.4,21.5,21.9,17.2
Rajshahi,2017,1,1,20.1,21.55,22,18.2
Rajshahi,2017,1,2,19.7,21,21.55,18.8
Rajshahi,2017,1,3,20.15,21.3,21.7,19
Rajshahi,2017,1,4,20.1,20.5,21.25,18.2
Rajshahi,2017,1,5,19.65,21.4,21.6,16.9
Rajshahi,2017,1,6,19.85,20.25,21.5,16.1
Rajshahi,2017,1,7,19.85,20.4,21.6,15
Rajshahi,2017,1,8,19.6,20.55,21,17
Rajshahi,2017,1,9,19.35,20.15,20.9,17.7
Rajshahi,2017,1,10,18.25,20.35,21,14.9
Rajshahi,2017,1,11,18.9,20.05,20.8,17.1
Rajshahi,2017,1,12,18.6,19.25,19.95,16.2
Rajshahi,2017,1,13,17.85,19.05,20.2,14.2
Rajshahi,2017,1,14,16.6,19.2,20.2,13.9
Rajshahi,2017,1,15,17.05,19,19.95,15.3
Rajshahi,2017,1,16,16.4,19.1,19.15,15.1
Rajshahi,2017,1,17,16.9,18,18.8,15.6
Rajshahi,2017,1,18,17.65,19,19.7,16.2
Rajshahi,2017,1,19,18.35,19.25,19.9,16.8
Rajshahi,2017,1,20,18.1,19.3,19.8,17.1
Rajshahi,2017,1,21,17.6,18.05,18.95,17.2
Rajshahi,2017,1,22,18.35,19.35,20,17.2
Rajshahi,2017,1,23,18.65,19.65,20.05,17.4
Rajshahi,2017,1,24,18.9,19.75,20.1,18.6
Rajshahi,2017,1,25,19.5,20.1,20.5,19.7
Rajshahi,2017,1,26,20.3,20.65,20.7,20.6
Rajshahi,2017,1,27,21.15,21.15,21,20.6
Rajshahi,2017,1,28,20.55,21,20.7,19.2
Rajshahi,2017,1,29,20.05,20.6,20.7,17.6
Rajshahi,2017,1,30,19.9,21.05,21,17.4
Rajshahi,2017,1,31,20.55,21.1,21.25,17.1
Rajshahi,2017,2,1,19,20.1,20.5,16.9
Rajshahi,2017,2,2,19.9,20.95,21.1,15.9
Rajshahi,2017,2,3,19.45,20.85,21.1,17.3
Rajshahi,2017,2,4,20.55,21,21.1,19.3
Rajshahi,2017,2,5,20.5,21,21.3,20.1
Rajshahi,2017,2,6,21.4,21.5,21.45,20.3
Rajshahi,2017,2,7,21.7,21.75,21.55,20
Rajshahi,2017,2,8,21.55,22.05,21.95,18.5
Rajshahi,2017,2,9,21.1,21.5,21.95,18.7
Rajshahi,2017,2,10,21.6,22.05,22,20.1
Rajshahi,2017,2,11,21.35,22.1,22,19.3
Rajshahi,2017,2,12,21.15,22.05,21.9,20.8
Rajshahi,2017,2,13,22.1,22.2,22,21.1
Rajshahi,2017,2,14,22.15,22.45,22.3,21.2
Rajshahi,2017,2,15,22.2,22.6,22.3,20
Rajshahi,2017,2,16,22.2,22.9,22.6,19.8
Rajshahi,2017,2,17,22.3,22.65,22.2,20.5
Rajshahi,2017,2,18,22.3,22.6,22.4,21.4
Rajshahi,2017,2,19,22.7,23.1,22.8,22.4
Rajshahi,2017,2,20,23.9,23.5,23,23.5
Rajshahi,2017,2,21,24,23.8,23.05,25.4
Rajshahi,2017,2,22,24.15,23.75,23.5,25.7
Rajshahi,2017,2,23,25.25,25.1,24.2,21.4
Rajshahi,2017,2,24,23.9,24.8,24.3,19.9
Rajshahi,2017,2,25,22.8,23.95,23.9,19.4
Rajshahi,2017,2,26,22.65,23,22.65,19.8
Rajshahi,2017,2,27,23.55,24,23.9,21.2
Rajshahi,2017,2,28,23.95,24.25,23.9,21.2
Rajshahi,2017,3,1,23.4,23.35,23.5,21.8
Rajshahi,2017,3,2,28.9,23.75,23.6,24.9
Rajshahi,2017,3,3,25.9,25.1,24.45,25.5
Rajshahi,2017,3,4,24.8,25.45,24.9,23.3
Rajshahi,2017,3,5,25.25,24.95,24.75,24.8
Rajshahi,2017,3,6,25.8,25.5,25,22.8
Rajshahi,2017,3,7,24.9,25.35,25,22.9
Rajshahi,2017,3,8,24.9,25.1,24.55,22.2
Rajshahi,2017,3,9,24.9,25.1,24.7,22.6
Rajshahi,2017,3,10,25.8,25.15,24.9,23.7
Rajshahi,2017,3,11,24.1,25,25,21.8
Rajshahi,2017,3,12,24.3,24.9,24.9,21.9
Rajshahi,2017,3,13,24.95,24.55,23.65,21.2
Rajshahi,2017,3,14,24.55,24,23.45,20.6
Rajshahi,2017,3,15,23.5,25.05,24.4,20.8
Rajshahi,2017,3,16,24.4,24.9,24.75,21.3
Rajshahi,2017,3,17,24.15,24.75,24.55,23.9
Rajshahi,2017,3,18,25.7,25.35,24.95,24.1
Rajshahi,2017,3,19,25,25.65,24.85,22.6
Rajshahi,2017,3,20,25.7,25.8,25.4,21.7
Rajshahi,2017,3,21,24.5,25.55,25.2,22.3
Rajshahi,2017,3,22,25.45,25.65,25.3,25.2
Rajshahi,2017,3,23,25.15,25.6,24.95,26.4
Rajshahi,2017,3,24,27.55,26.95,26.1,27.1
Rajshahi,2017,3,25,27.6,27.3,26.4,26.1
Rajshahi,2017,3,26,27.55,27.15,26.6,26.3
Rajshahi,2017,3,27,27.6,27.4,26.55,28
Rajshahi,2017,3,28,28.3,27.4,26.85,28.3
Rajshahi,2017,3,29,28.7,27.6,27.05,27.9
Rajshahi,2017,3,30,30.45,28.85,27.85,29.8
Rajshahi,2017,3,31,30.7,29.4,28.65,29.5
Rajshahi,2017,4,1,31.25,29.9,28.8,29.8
Rajshahi,2017,4,2,30.9,30.1,28.9,30.5
Rajshahi,2017,4,3,31.1,29.6,29.1,29.1
Rajshahi,2017,4,4,29.1,29.95,29.2,25.1
Rajshahi,2017,4,5,28.65,29.25,28.95,25.7
Rajshahi,2017,4,6,30.7,29.8,29.1,28.4
Rajshahi,2017,4,7,32.2,30.1,28.95,30.7
Rajshahi,2017,4,8,31.8,30.7,29.2,30.4
Rajshahi,2017,4,9,33,31.45,30,30.1
Rajshahi,2017,4,10,32.4,31.65,30.8,28.5
Rajshahi,2017,4,11,31.5,30.65,29.65,27
Rajshahi,2017,4,12,31.5,30.85,30,28.8
Rajshahi,2017,4,13,31.75,30.6,30,29.6
Rajshahi,2017,4,14,31.3,31.05,30.6,29.5
Rajshahi,2017,4,15,32.5,31.2,30.25,26.7
Rajshahi,2017,4,16,30.15,30.5,30.2,25.9
Rajshahi,2017,4,17,30.75,30.65,29.9,28
Rajshahi,2017,4,18,31.25,31.3,30.1,30.4
Rajshahi,2017,4,19,29.3,30.6,29.75,25.6
Rajshahi,2017,4,20,27.6,29.35,29.6,26.3
Rajshahi,2017,4,21,29,29.55,29.3,27.6
Rajshahi,2017,4,22,27.4,28.95,29.1,24.5
Rajshahi,2017,4,23,27.8,28.35,28.85,25.4
Rajshahi,2017,4,24,26.9,28.1,27.95,26
Rajshahi,2017,4,25,30.2,28.95,29,30.9
Rajshahi,2017,4,26,31.1,28.7,28.85,31.6
Rajshahi,2017,4,27,31.5,29.25,29,30.7
Rajshahi,2017,4,28,32.4,31.4,30.3,31.2
Rajshahi,2017,4,29,32.9,31.55,30.5,28.4
Rajshahi,2017,4,30,31.25,31.45,30.7,27
Rajshahi,2017,5,1,29.95,29.15,29.65,25.9
Rajshahi,2017,5,2,29.55,28.85,29.2,27.1
Rajshahi,2017,5,3,31.25,30.6,30,30.4
Rajshahi,2017,5,4,31.85,31.05,30.3,29.5
Rajshahi,2017,5,5,31.65,31.35,30.45,28.5
Rajshahi,2017,5,6,30.65,30.8,30.4,29.8
Rajshahi,2017,5,7,31,31.1,30.5,29.6
Rajshahi,2017,5,8,31.45,31.2,30.5,31.1
Rajshahi,2017,5,9,30.2,31.35,30.8,25.1
Rajshahi,2017,5,10,29.8,29.9,30.1,28.2
Rajshahi,2017,5,11,31,30.55,30,29
Rajshahi,2017,5,12,31,30.9,30.25,29.9
Rajshahi,2017,5,13,31.55,31.4,30.65,28.9
Rajshahi,2017,5,14,30.95,31.2,30.45,29
Rajshahi,2017,5,15,31.55,31.35,30.9,27.6
Rajshahi,2017,5,16,30.6,30.85,30.4,28.3
Rajshahi,2017,5,17,31.85,31.65,31.3,27.6
Rajshahi,2017,5,18,30.65,30.9,30.5,29.7
Rajshahi,2017,5,19,31.85,32,30.9,30
Rajshahi,2017,5,20,33,32.1,31.2,31.9
Rajshahi,2017,5,21,33,32.75,31.55,31.9
Rajshahi,2017,5,22,34.3,33.05,31.9,32.4
Rajshahi,2017,5,23,34.1,33.3,32.25,30.8
Rajshahi,2017,5,24,33.2,32.15,31.35,31.5
Rajshahi,2017,5,25,34.9,31.05,32.25,30.5
Rajshahi,2017,5,26,32.5,33,32.2,27.8
Rajshahi,2017,5,27,32.65,32.45,32.05,30.4
Rajshahi,2017,5,28,31.8,33.05,32,29
Rajshahi,2017,5,29,32.8,32.5,31.9,30.2
Rajshahi,2017,5,30,32.8,32.75,32.1,28
Rajshahi,2017,5,31,32.6,32.35,31.9,30.1
Rajshahi,2017,6,1,32.5,32.8,32,29.7
Rajshahi,2017,6,2,32.55,31.6,31.5,28.1
Rajshahi,2017,6,3,32,31.8,31.4,31
Rajshahi,2017,6,4,33.3,32.65,32,32.1
Rajshahi,2017,6,5,33.9,32.6,32.05,27.2
Rajshahi,2017,6,6,31.05,31.5,31.3,30.2
Rajshahi,2017,6,7,33.25,32.5,32.2,31.9
Rajshahi,2017,6,8,34.15,33.25,30.55,31.6
Rajshahi,2017,6,9,34.45,33.05,32.15,30.6
Rajshahi,2017,6,10,34.5,33.15,32.35,31.3
Rajshahi,2017,6,11,32.5,33.4,32.4,29.6
Rajshahi,2017,6,12,32,32.7,32.4,28.3
Rajshahi,2017,6,13,32.35,32.2,32,31.1
Rajshahi,2017,6,14,33,33,32.05,29.7
Rajshahi,2017,6,15,32,32.5,32.1,30.8
Rajshahi,2017,6,16,31.8,32.05,32.1,27.8
Rajshahi,2017,6,17,31.1,31.9,31.75,30.9
Rajshahi,2017,6,18,32.25,32.35,31.9,31.5
Rajshahi,2017,6,19,32.2,32.9,32.4,27.7
Rajshahi,2017,6,20,31.3,32,32,27.9
Rajshahi,2017,6,21,31.55,31.75,31.35,28.5
Rajshahi,2017,6,22,32.25,32.1,31.5,30.2
Rajshahi,2017,6,23,31.6,32.05,31.35,29.5
Rajshahi,2017,6,24,32.4,32.35,31.9,30.5
Rajshahi,2017,6,25,33.45,32.55,31.9,30
Rajshahi,2017,6,26,32.8,32.4,31.6,29.9
Rajshahi,2017,6,27,33.2,32.5,31.7,30.6
Rajshahi,2017,6,28,33.3,32.55,31.8,30.1
Rajshahi,2017,6,29,32.85,31.9,31.9,30.4
Rajshahi,2017,6,30,32.7,32.9,32.1,30.5
Rajshahi,2017,7,1,31.9,32.45,32,29.9
Rajshahi,2017,7,2,31.75,32.15,31.9,29.1
Rajshahi,2017,7,3,32.65,31.5,31.25,28
Rajshahi,2017,7,4,32.05,31.15,30.9,28.1
Rajshahi,2017,7,5,31.3,31.25,27.1,28.2
Rajshahi,2017,7,6,30.85,31.2,28.05,28.2
Rajshahi,2017,7,7,31.15,31.3,29,29.7
Rajshahi,2017,7,8,31.6,32.15,31.9,29.6
Rajshahi,2017,7,9,31.5,31.45,31,29.2
Rajshahi,2017,7,10,30.5,31.7,31.1,29
Rajshahi,2017,7,11,28.9,31,30.8,27.6
Rajshahi,2017,7,12,28.6,29.75,30.5,26.4
Rajshahi,2017,7,13,30,30.05,29.35,29.4
Rajshahi,2017,7,14,31.3,30.5,30,29.7
Rajshahi,2017,7,15,31.5,31,30.35,30.5
Rajshahi,2017,7,16,31.85,31.7,31.3,31.1
Rajshahi,2017,7,17,32.5,31.9,30.85,31
Rajshahi,2017,7,18,32.7,32.5,31.45,31.5
Rajshahi,2017,7,19,33,31.95,31.1,29
Rajshahi,2017,7,20,32.6,31.65,31.4,27.3
Rajshahi,2017,7,21,29.5,30.5,30.95,27.1
Rajshahi,2017,7,22,29.5,30.35,30.7,28.3
Rajshahi,2017,7,23,29.75,29.85,30.45,28.4
Rajshahi,2017,7,24,28.5,29.75,30.1,26.4
Rajshahi,2017,7,25,27.75,29.2,29.5,26.1
Rajshahi,2017,7,26,28.25,29.25,29.25,26.5
Rajshahi,2017,7,27,30.15,29.4,29.1,29
Rajshahi,2017,7,28,31.25,30.4,29.7,29.8
Rajshahi,2017,7,29,30.75,30.75,30.05,28.7
Rajshahi,2017,7,30,30.15,30.6,30.15,27.9
Rajshahi,2017,7,31,31.5,31,30.3,30.3
Rajshahi,2017,8,1,31.4,31.25,30.55,29.6
Rajshahi,2017,8,2,32.05,31.6,30.95,30
Rajshahi,2017,8,3,32.05,32.05,31.05,29.1
Rajshahi,2017,8,4,32,31.85,31.05,29.9
Rajshahi,2017,8,5,32.6,32.1,31.15,31.1
Rajshahi,2017,8,6,31.95,32.2,31.35,30.4
Rajshahi,2017,8,7,32.45,32.1,31.5,30.1
Rajshahi,2017,8,8,33.5,32.45,31.25,31.2
Rajshahi,2017,8,9,33.55,32.5,31.5,30.9
Rajshahi,2017,8,10,32.4,32.45,32,29.3
Rajshahi,2017,8,11,30.9,32,31.9,27.9
Rajshahi,2017,8,12,28.6,30.35,30.8,27.3
Rajshahi,2017,8,13,29.2,30.6,30.95,27.5
Rajshahi,2017,8,14,30.9,30.55,30.4,28.8
Rajshahi,2017,8,15,31.4,31.8,31.4,30.2
Rajshahi,2017,8,16,31.8,31.5,31,29.1
Rajshahi,2017,8,17,32.4,31.85,31.1,30.1
Rajshahi,2017,8,18,31.7,31.2,31,29.5
Rajshahi,2017,8,19,31.35,31.75,31.2,29.1
Rajshahi,2017,8,20,32.55,31.9,31.15,30.5
Rajshahi,2017,8,21,32.85,32.75,31.75,31
Rajshahi,2017,8,22,32.6,32.4,31.75,29
Rajshahi,2017,8,23,32.5,32.15,31.7,29.7
Rajshahi,2017,8,24,33.35,32.25,31.75,30.3
Rajshahi,2017,8,25,33.35,32.25,31.7,30.9
Rajshahi,2017,8,26,33.1,33,32.15,30.8
Rajshahi,2017,8,27,31.95,32.8,32.25,28.1
Rajshahi,2017,8,28,31.2,32.2,32.05,29
Rajshahi,2017,8,29,31.25,32.1,31.9,28.9
Rajshahi,2017,8,30,31.5,31.9,31.3,29.9
Rajshahi,2017,8,31,32.5,32.35,31.7,29.8
Rajshahi,2017,9,1,31.6,32.5,32,28.6
Rajshahi,2017,9,2,31.8,32.4,32.05,28
Rajshahi,2017,9,3,31.9,32.1,31.95,29.9
Rajshahi,2017,9,4,33.65,32.8,32.2,30.6
Rajshahi,2017,9,5,32.8,32.5,31.9,31.1
Rajshahi,2017,9,6,32.95,33.25,32.4,29
Rajshahi,2017,9,7,32.9,32.7,32.1,30.6
Rajshahi,2017,9,8,31.95,32.65,32.2,29.4
Rajshahi,2017,9,9,32.1,32.7,32.1,29.5
Rajshahi,2017,9,10,32.25,32.45,32,29.1
Rajshahi,2017,9,11,30.9,31.85,31.6,27.8
Rajshahi,2017,9,12,31.5,31.9,31.55,29.3
Rajshahi,2017,9,13,31.55,31.9,31.45,29.3
Rajshahi,2017,9,14,30.9,31.75,31.55,28
Rajshahi,2017,9,15,31.4,31.45,31.15,29.2
Rajshahi,2017,9,16,31.75,31.9,31.45,30.9
Rajshahi,2017,9,17,32,31.85,31.3,29.3
Rajshahi,2017,9,18,31.05,31.5,31.5,28.8
Rajshahi,2017,9,19,31.5,31.6,31.45,27.9
Rajshahi,2017,9,20,30.7,31.45,31.15,27.5
Rajshahi,2017,9,21,30.2,30.9,30.65,28.5
Rajshahi,2017,9,22,31,31.4,30.6,29.1
Rajshahi,2017,9,23,31,31.15,30.7,30.6
Rajshahi,2017,9,24,31.3,31.95,31.15,29.3
Rajshahi,2017,9,25,31,31.4,31.05,30
Rajshahi,2017,9,26,31.65,31.85,31.25,30.6
Rajshahi,2017,9,27,31.5,31.8,31.2,29.1
Rajshahi,2017,9,28,31.75,32,31.45,29
Rajshahi,2017,9,29,30,31.25,31.05,26.9
Rajshahi,2017,9,30,29.15,30.7,30.6,26.7
Rajshahi,2017,10,1,30.15,30.7,30.65,28.8
Rajshahi,2017,10,2,29.2,31,30.8,26.5
Rajshahi,2017,10,3,29.8,30.1,30.1,29
Rajshahi,2017,10,4,31.25,31.1,30.8,30
Rajshahi,2017,10,5,31.4,31.45,30.6,29.9
Rajshahi,2017,10,6,30.7,31.75,31.2,28.5
Rajshahi,2017,10,7,30.35,30.9,30.85,28.4
Rajshahi,2017,10,8,30.1,29.95,30.95,27.9
Rajshahi,2017,10,9,29.1,28.5,29.55,26.8
Rajshahi,2017,10,10,28.05,28,29.6,26.2
Rajshahi,2017,10,11,29.5,30.1,30.1,29.1
Rajshahi,2017,10,12,29.85,30.15,30.15,29.7
Rajshahi,2017,10,13,30.8,30.65,30.1,29.8
Rajshahi,2017,10,14,31.15,31.1,30.5,29.3
Rajshahi,2017,10,15,30.3,30.1,30.3,29.1
Rajshahi,2017,10,16,30.4,30.9,30.6,28.4
Rajshahi,2017,10,17,30.7,30.65,30.55,28.6
Rajshahi,2017,10,18,30.6,31,30.75,29.6
Rajshahi,2017,10,19,30.2,31.3,31.1,28.4
Rajshahi,2017,10,20,27.7,30.6,30.8,24.7
Rajshahi,2017,10,21,25,27.8,29,22.6
Rajshahi,2017,10,22,26.3,27.3,28.1,25.4
Rajshahi,2017,10,23,28.1,28.3,28.35,26.7
Rajshahi,2017,10,24,28.15,28.5,28.6,27.3
Rajshahi,2017,10,25,27.55,29.1,28.95,26.1
Rajshahi,2017,10,26,27.9,29,28.8,25.3
Rajshahi,2017,10,27,26.35,28.05,28.45,25
Rajshahi,2017,10,28,26.7,27.85,28.65,24.5
Rajshahi,2017,10,29,26.8,28.15,28.3,24
Rajshahi,2017,10,30,26.8,28.2,28.5,23.7
Rajshahi,2017,10,31,26.3,27.6,28.1,22.7
Rajshahi,2017,11,1,25.95,27.3,28,23
Rajshahi,2017,11,2,25.9,27.35,27.05,23.6
Rajshahi,2017,11,3,26.9,27.75,27.7,24
Rajshahi,2017,11,4,26.4,27.3,27.5,25.1
Rajshahi,2017,11,5,26.65,27.6,27.45,25.3
Rajshahi,2017,11,6,26.95,27.3,27.85,24.6
Rajshahi,2017,11,7,26.3,27.4,27.45,23.8
Rajshahi,2017,11,8,26.3,27.35,27.6,24.3
Rajshahi,2017,11,9,26.2,27.05,27.3,23.8
Rajshahi,2017,11,10,25.6,27,27.2,23.3
Rajshahi,2017,11,11,25.95,27,26.8,23.3
Rajshahi,2017,11,12,25.3,26.8,27,22.9
Rajshahi,2017,11,13,25.5,26.75,27,22.6
Rajshahi,2017,11,14,25.45,26.7,27.05,23.3
Rajshahi,2017,11,15,24.4,25.8,26.3,22.4
Rajshahi,2017,11,16,25,26.25,26.75,22.8
Rajshahi,2017,11,17,25.25,25.7,26.25,24.5
Rajshahi,2017,11,18,26.3,26.8,26.85,25.5
Rajshahi,2017,11,19,26.7,26.6,26.75,24.5
Rajshahi,2017,11,20,26.5,26.3,26.8,23.1
Rajshahi,2017,11,21,24.6,26.4,26.8,20.8
Rajshahi,2017,11,22,22.6,25.25,26.15,18.6
Rajshahi,2017,11,23,22.1,24.75,25.6,19
Rajshahi,2017,11,24,21.8,24.15,25.1,18.8
Rajshahi,2017,11,25,21.9,24.1,24.85,18.6
Rajshahi,2017,11,26,21.65,23.55,24.5,19.8
Rajshahi,2017,11,27,22.35,23.25,23.1,19.1
Rajshahi,2017,11,28,21.7,23.45,24.25,18.8
Rajshahi,2017,11,29,21.2,23.15,24.2,19.1
Rajshahi,2017,11,30,21,23,23.5,19.4
Rajshahi,2017,12,1,21.75,23.3,24,20.5
Rajshahi,2017,12,2,21.85,23,23.65,20
Rajshahi,2017,12,3,21.6,23.15,23.6,19.5
Rajshahi,2017,12,4,21,22.9,23.25,19.5
Rajshahi,2017,12,5,21.2,22.95,23,19.6
Rajshahi,2017,12,6,21,22.9,23.45,19.6
Rajshahi,2017,12,7,21.25,22.8,23,20.3
Rajshahi,2017,12,8,21.7,22.95,23.25,21.3
Rajshahi,2017,12,9,22.25,22.85,23.2,21.1
Rajshahi,2017,12,10,22.6,23.5,23.55,22.1
Rajshahi,2017,12,11,24.15,23.85,23.85,22.9
Rajshahi,2017,12,12,23.3,24,24,21.8
Rajshahi,2017,12,13,23.2,24,24.05,21
Rajshahi,2017,12,14,23,23.9,24.05,20.8
Rajshahi,2017,12,15,21.9,23.1,23.45,18.3
Rajshahi,2017,12,16,20.2,22.7,23.35,18.1
Rajshahi,2017,12,17,20.2,22.1,22.75,18.3
Rajshahi,2017,12,18,20.4,22.15,22.5,17.8
Rajshahi,2017,12,19,20.3,20.9,21,17.1
Rajshahi,2017,12,20,20.1,21.6,21.6,17.1
Rajshahi,2017,12,21,20.4,21.3,20,17.4
Rajshahi,2017,12,22,20.25,21.6,22.25,19.1
Rajshahi,2017,12,23,21.05,22,22.2,18.4
Rajshahi,2017,12,24,20.45,21.55,21.4,18.8
Rajshahi,2017,12,25,21.3,21.8,22.4,19
Rajshahi,2017,12,26,20.25,21.8,22.1,18.4
Rajshahi,2017,12,27,20.05,22.05,22,16.7
Rajshahi,2017,12,28,19.8,20.9,21.5,17.7
Rajshahi,2017,12,29,19.6,20.5,21.35,17.2
Rajshahi,2017,12,30,20.05,21.3,21.5,18.7
Rajshahi,2017,12,31,20.15,20.85,21.95,19
Rajshahi,2018,1,1,19.95,21.15,21.85,17.6
Rajshahi,2018,1,2,19.15,21.15,21.6,16
Rajshahi,2018,1,3,19.25,20.8,21.1,14.9
Rajshahi,2018,1,4,17.4,19.5,20.7,12.2
Rajshahi,2018,1,5,16.95,19.25,20.5,13.5
Rajshahi,2018,1,6,16.75,19.1,20.1,12.5
Rajshahi,2018,1,7,15.45,18.3,19,10.2
Rajshahi,2018,1,8,15.8,18,18.5,10.6
Rajshahi,2018,1,9,15.7,15.75,16.85,13.2
Rajshahi,2018,1,10,16,17.9,19,12.7
Rajshahi,2018,1,11,16,17.9,19,12
Rajshahi,2018,1,12,15.75,18.05,18.95,12.5
Rajshahi,2018,1,13,15.85,17.8,18.9,12.8
Rajshahi,2018,1,14,16.1,17.8,18.2,12.2
Rajshahi,2018,1,15,16.5,17.9,18.95,13.9
Rajshahi,2018,1,16,16.8,17.6,18.8,14.2
Rajshahi,2018,1,17,16.9,17.65,18.6,14
Rajshahi,2018,1,18,16.6,17,17.6,15.3
Rajshahi,2018,1,19,16.85,17.8,18.7,14.2
Rajshahi,2018,1,20,17.2,18.3,18.8,14.9
Rajshahi,2018,1,21,17.05,17.9,18.05,13.3
Rajshahi,2018,1,22,17.3,18.35,19,15.2
Rajshahi,2018,1,23,17.2,18.5,18.75,15.8
Rajshahi,2018,1,24,17.7,18.25,18.55,18
Rajshahi,2018,1,25,18.8,19.25,19.35,17.1
Rajshahi,2018,1,26,18.2,19.15,19.3,16
Rajshahi,2018,1,27,18.1,19.2,19.2,14.7
Rajshahi,2018,1,28,18.05,18.9,19.3,15.3
Rajshahi,2018,1,29,17.8,19,19.1,15.2
Rajshahi,2018,1,30,17.8,19.05,19.5,15.6
Rajshahi,2018,1,31,17.7,19,19.2,16.5
Rajshahi,2018,2,1,18.5,19.3,19.7,17.1
Rajshahi,2018,2,2,18.65,19.4,19.9,17.1
Rajshahi,2018,2,3,18.8,19.05,19.5,18
Rajshahi,2018,2,4,19.85,19.95,20,19.7
Rajshahi,2018,2,5,20.5,20.35,20.05,20.2
Rajshahi,2018,2,6,20.65,20.4,20.6,18.4
Rajshahi,2018,2,7,20.9,20.55,20.5,20.3
Rajshahi,2018,2,8,20.75,20.85,20.4,20
Rajshahi,2018,2,9,20.3,21.35,21.2,19.1
Rajshahi,2018,2,10,20.55,21.15,21.4,18.7
Rajshahi,2018,2,11,21,21.35,21.6,18.1
Rajshahi,2018,2,12,21,21.2,21.1,20.2
Rajshahi,2018,2,13,21.6,21.3,21.25,20.6
Rajshahi,2018,2,14,21.95,21.7,21.85,20.7
Rajshahi,2018,2,15,21.9,22.1,21.55,19.6
Rajshahi,2018,2,16,21.9,22.15,22,19.4
Rajshahi,2018,2,17,21.85,22.1,22.5,19.7
Rajshahi,2018,2,18,21.55,22.1,22.55,20.3
Rajshahi,2018,2,19,22.7,22.8,22.4,22.3
Rajshahi,2018,2,20,22.95,23.2,22.6,22.3
Rajshahi,2018,2,21,22.9,22.9,22.4,21.8
Rajshahi,2018,2,22,22.1,22.2,25.05,21.1
Rajshahi,2018,2,23,23.2,23.3,22.85,23.3
Rajshahi,2018,2,24,24.5,24.1,23.1,24.8
Rajshahi,2018,2,25,25.35,24.6,23.5,25.4
Rajshahi,2018,2,26,24.8,24.1,23.75,23.8
Rajshahi,2018,2,27,23.7,23.55,23.4,23.6
Rajshahi,2018,2,28,25.05,24.3,24.3,23.3
Rajshahi,2018,3,1,25.35,25.15,24.75,23.9
Rajshahi,2018,3,2,25.8,25.3,24.75,24.7
Rajshahi,2018,3,3,26.2,25.8,25,25.3
Rajshahi,2018,3,4,25.95,25.1,25,25.6
Rajshahi,2018,3,5,26.1,26,25.15,26
Rajshahi,2018,3,6,26.25,26.1,25.55,24.9
Rajshahi,2018,3,7,25.65,25.95,25.35,22.6
Rajshahi,2018,3,8,25.8,25.85,25.45,22.8
Rajshahi,2018,3,9,25.75,25.75,25.2,23.4
Rajshahi,2018,3,10,25.8,26,25.4,23.6
Rajshahi,2018,3,11,26.25,26.1,25.65,23.8
Rajshahi,2018,3,12,25.9,26.05,25.45,24.4
Rajshahi,2018,3,13,26.85,26.3,25.9,25.4
Rajshahi,2018,3,14,26.55,26.25,25.5,24.6
Rajshahi,2018,3,15,26.6,26.4,25.6,27.4
Rajshahi,2018,3,16,27.75,27.05,26.35,27.1
Rajshahi,2018,3,17,27.45,27.25,26.4,25.6
Rajshahi,2018,3,18,27.4,27.55,27,26.6
Rajshahi,2018,3,19,27.75,27.6,26.9,25
Rajshahi,2018,3,20,26.65,27.15,26.9,24.8
Rajshahi,2018,3,21,27.55,27.45,27,26.1
Rajshahi,2018,3,22,27.95,27.45,26.9,28
Rajshahi,2018,3,23,28.8,28,27.1,28.5
Rajshahi,2018,3,24,29.65,28.6,27.75,27.6
Rajshahi,2018,3,25,29.3,28.2,27.4,28
Rajshahi,2018,3,26,29.65,28.95,28,27.5
Rajshahi,2018,3,27,29.35,28.9,28,27.5
Rajshahi,2018,3,28,29.6,29.2,28.4,27.8
Rajshahi,2018,3,29,30.3,28.9,28.35,28.9
Rajshahi,2018,3,30,29.5,29.85,28.85,24.6
Rajshahi,2018,3,31,27,28.35,28.2,24.8
Rajshahi,2018,4,1,27.4,27.8,27.8,26.2
Rajshahi,2018,4,2,28,28.6,28,26
Rajshahi,2018,4,3,27.7,28.35,28.1,27.2
Rajshahi,2018,4,4,29.1,28.5,28.1,27.7
Rajshahi,2018,4,5,27.7,29.15,28.45,25
Rajshahi,2018,4,6,27.3,28.2,28,25.5
Rajshahi,2018,4,7,28.8,28.65,28,26.3
Rajshahi,2018,4,8,29.55,28.4,28.15,27.3
Rajshahi,2018,4,9,29.85,28.7,28.55,26.8
Rajshahi,2018,4,10,29.4,29.35,28.8,27.5
Rajshahi,2018,4,11,30.7,29.8,29.05,27.1
Rajshahi,2018,4,12,30.5,30.1,29.05,26.1
Rajshahi,2018,4,13,29.75,29.5,28.95,27.6
Rajshahi,2018,4,14,30.95,29.55,29,29.3
Rajshahi,2018,4,15,31.4,30.55,29.7,28.6
Rajshahi,2018,4,16,31.6,30.75,29.9,30.2
Rajshahi,2018,4,17,30.95,31.05,30.1,26.7
Rajshahi,2018,4,18,29.5,30.1,29.8,27
Rajshahi,2018,4,19,30,30.4,29.6,28.1
Rajshahi,2018,4,20,31.45,30.7,30,30.5
Rajshahi,2018,4,21,32.2,31.2,30.2,29.3
Rajshahi,2018,4,22,31.3,31.05,30.2,28.5
Rajshahi,2018,4,23,31.7,31.1,30.45,29.5
Rajshahi,2018,4,24,31.65,31.25,30.25,30.4
Rajshahi,2018,4,25,32.05,31.65,30.85,28.2
Rajshahi,2018,4,26,29.3,30.8,30.3,26.1
Rajshahi,2018,4,27,30.5,30.5,30.2,28.2
Rajshahi,2018,4,28,30.6,30.8,30,28.2
Rajshahi,2018,4,29,29.1,30.5,30,24.9
Rajshahi,2018,4,30,27.2,27.95,28.8,22.8
Rajshahi,2018,5,1,24.39,25.6,25.41,26.5
Rajshahi,2018,5,2,29.13,27.96,26.88,23.3
Rajshahi,2018,5,3,26.02,26.75,27.9,26.6
Rajshahi,2018,5,4,28.81,28.61,28.28,25.5
Rajshahi,2018,5,5,28.66,29.21,28.9,26.6
Rajshahi,2018,5,6,28.31,28.94,28.62,29.7
Rajshahi,2018,5,7,31.26,31.04,30.59,30.1
Rajshahi,2018,5,8,32.06,32.04,31.53,30.2
Rajshahi,2018,5,9,32.08,32.1,31.59,29.1
Rajshahi,2018,5,10,31.5,31.56,30.97,27.7
Rajshahi,2018,5,11,31.1,31.36,30.98,25.9
Rajshahi,2018,5,12,29.76,29.73,29.26,28.2
Rajshahi,2018,5,13,30.17,29.83,29.15,26.2
Rajshahi,2018,5,14,29.69,29.82,29.59,26.9
Rajshahi,2018,5,15,30.22,30.21,30.12,26.9
Rajshahi,2018,5,16,29.8,29.83,29.39,24.4
Rajshahi,2018,5,17,28.32,28.01,27.65,27.9
Rajshahi,2018,5,18,30.47,30.31,29.8,28.3
Rajshahi,2018,5,19,30.92,30.78,30.14,28.3
Rajshahi,2018,5,20,30.65,30.74,30.15,28.5
Rajshahi,2018,5,21,31.05,30.98,30.5,28.9
Rajshahi,2018,5,22,31.67,31.54,30.99,28.8
Rajshahi,2018,5,23,31.47,31.45,31.08,29.1
Rajshahi,2018,5,24,31.78,31.66,31.17,29.9
Rajshahi,2018,5,25,32.02,31.82,31.34,28.9
Rajshahi,2018,5,26,31.4,31.48,31.11,30.8
Rajshahi,2018,5,27,32.13,32.13,31.36,31.3
Rajshahi,2018,5,28,32.5,32.34,31.69,30
Rajshahi,2018,5,29,32.31,32.04,31.54,28.9
Rajshahi,2018,5,30,31.29,31.34,30.66,30.8
Rajshahi,2018,5,31,32.29,32.24,31.5,28.6
Rajshahi,2018,6,1,31.06,30.87,30.26,25.3
Rajshahi,2018,6,2,29.77,29.61,29.77,29.6
Rajshahi,2018,6,3,31.65,31.5,30.84,28
Rajshahi,2018,6,4,30.61,30.62,30,30.7
Rajshahi,2018,6,5,31.98,32.05,31.43,29.8
Rajshahi,2018,6,6,32.15,32,31.62,31.7
Rajshahi,2018,6,7,32.78,32.87,31.99,32.1
Rajshahi,2018,6,8,34.5,34.06,33.17,29.3
Rajshahi,2018,6,9,31.71,31.58,31.28,31.4
Rajshahi,2018,6,10,32.37,32.27,31.53,30.2
Rajshahi,2018,6,11,31.75,31.84,31.04,30.7
Rajshahi,2018,6,12,32.24,32.23,31.72,29.4
Rajshahi,2018,6,13,32.02,31.91,31.53,31.2
Rajshahi,2018,6,14,32.31,32.22,31.5,31.8
Rajshahi,2018,6,15,33.54,32.92,32,32.8
Rajshahi,2018,6,16,34.89,33.8,32.86,31.2
Rajshahi,2018,6,17,33.01,32.5,31.57,31.3
Rajshahi,2018,6,18,33.14,32.53,31.74,33
Rajshahi,2018,6,19,34.39,33.78,32.76,29.4
Rajshahi,2018,6,20,31.9,31.85,31.56,29
Rajshahi,2018,6,21,31.53,31.47,31.05,31.4
Rajshahi,2018,6,22,32.72,32.5,31.41,31.7
Rajshahi,2018,6,23,32.41,32.52,31.75,31.3
Rajshahi,2018,6,24,33.17,32.67,31.93,30
Rajshahi,2018,6,25,32.06,31.98,31.58,28.2
Rajshahi,2018,6,26,31.13,31.19,30.82,29.8
Rajshahi,2018,6,27,31.96,31.83,31.46,28.7
Rajshahi,2018,6,28,31.16,31.32,30.94,29.1
Rajshahi,2018,6,29,31.61,31.54,31.14,30
Rajshahi,2018,6,30,32.12,31.92,31.37,30.9
Rajshahi,2018,7,1,32.17,32.22,31.57,28.4
Rajshahi,2018,7,2,31.18,31.38,31.04,28.8
Rajshahi,2018,7,3,31.26,31.37,31,28.2
Rajshahi,2018,7,4,30.69,31.05,30.64,28.1
Rajshahi,2018,7,5,30.96,31.09,30.69,29.7
Rajshahi,2018,7,6,31.85,31.81,31.35,30.9
Rajshahi,2018,7,7,32.24,32.23,31.64,31.5
Rajshahi,2018,7,8,32.23,32.46,31.78,30.1
Rajshahi,2018,7,9,32.29,32.13,31.56,29.7
Rajshahi,2018,7,10,32.01,31.9,31.46,29.1
Rajshahi,2018,7,11,31.59,31.66,31.34,30.7
Rajshahi,2018,7,12,32.22,32.23,31.59,30.4
Rajshahi,2018,7,13,32.26,32.2,31.63,30.3
Rajshahi,2018,7,14,32.09,32.08,31.56,31.5
Rajshahi,2018,7,15,32.32,32.37,31.69,31.1
Rajshahi,2018,7,16,32.26,32.27,31.6,30
Rajshahi,2018,7,17,31.99,31.99,31.51,29.2
Rajshahi,2018,7,18,31.64,31.68,31.33,30.5
Rajshahi,2018,7,19,32.19,32.13,31.53,32.5
Rajshahi,2018,7,20,33.99,33.54,32.66,32.2
Rajshahi,2018,7,21,33.57,33.4,32.63,29.7
Rajshahi,2018,7,22,31.92,31.86,31.48,27.3
Rajshahi,2018,7,23,30.43,30.79,30.8,27.4
Rajshahi,2018,7,24,30.49,30.76,30.6,27.3
Rajshahi,2018,7,25,30.53,30.92,30.86,28.3
Rajshahi,2018,7,26,30.7,31.06,30.71,28.8
Rajshahi,2018,7,27,31.22,31.36,31.04,27.7
Rajshahi,2018,7,28,30.84,31.02,30.74,28
Rajshahi,2018,7,29,30.83,31.01,30.71,28.9
Rajshahi,2018,7,30,31.3,31.39,31.08,28.5
Rajshahi,2018,7,31,30.87,31.12,30.81,27.7
Rajshahi,2018,8,1,30.79,31.1,30.84,27.7
Rajshahi,2018,8,2,30.75,31.06,30.84,28
Rajshahi,2018,8,3,30.71,31.01,30.66,29.3
Rajshahi,2018,8,4,31.55,31.57,31.26,29.3
Rajshahi,2018,8,5,31.46,31.4,31.09,29.5
Rajshahi,2018,8,6,31.53,31.81,31.42,29.6
Rajshahi,2018,8,7,31.92,31.89,31.48,29.8
Rajshahi,2018,8,8,31.95,31.86,31.45,29.7
Rajshahi,2018,8,9,31.97,31.74,31.3,30.2
Rajshahi,2018,8,10,32.21,32.04,31.46,31.4
Rajshahi,2018,8,11,32.65,32.29,31.7,31.3
Rajshahi,2018,8,12,32.42,32.37,31.7,30.5
Rajshahi,2018,8,13,31.63,32.17,31.58,30.5
Rajshahi,2018,8,14,32.13,32.14,31.59,30.7
Rajshahi,2018,8,15,32.17,32.15,31.57,30.8
Rajshahi,2018,8,16,32.09,32.2,31.6,30.3
Rajshahi,2018,8,17,32.12,32.17,31.58,31
Rajshahi,2018,8,18,32.28,32.28,31.65,32
Rajshahi,2018,8,19,33.75,33.4,32.4,30.7
Rajshahi,2018,8,20,32.96,32.58,32.25,29.9
Rajshahi,2018,8,21,32,31.99,31.52,29.4
Rajshahi,2018,8,22,31.88,31.86,31.46,30.2
Rajshahi,2018,8,23,32.06,32.06,31.54,30.4
Rajshahi,2018,8,24,32.1,32.11,31.56,29.4
Rajshahi,2018,8,25,31.55,31.75,31.43,28.3
Rajshahi,2018,8,26,31.21,31.33,31.02,29.7
Rajshahi,2018,8,27,31.91,31.84,31.46,29.6
Rajshahi,2018,8,28,32.12,31.83,31.5,29.7
Rajshahi,2018,8,29,32.08,31.95,31.57,30.4
Rajshahi,2018,8,30,32.08,32.09,31.51,30.1
Rajshahi,2018,8,31,32.1,32.04,31.54,29.7
Rajshahi,2018,9,1,31.9,31.89,31.52,29.5
Rajshahi,2018,9,2,31.9,31.82,31.41,26.7
Rajshahi,2018,9,3,29.88,30.15,30.2,28.5
Rajshahi,2018,9,4,31.18,31.16,30.67,29.2
Rajshahi,2018,9,5,31.69,31.68,31.31,29.9
Rajshahi,2018,9,6,31.94,31.97,31.51,28.9
Rajshahi,2018,9,7,31.35,31.48,31.11,29.3
Rajshahi,2018,9,8,31.6,31.6,31.21,30.3
Rajshahi,2018,9,9,32.08,32.06,31.5,29.9
Rajshahi,2018,9,10,31.98,32,31.5,28.6
Rajshahi,2018,9,11,31.09,31.19,30.9,28.4
Rajshahi,2018,9,12,30.99,31.11,30.78,30.1
Rajshahi,2018,9,13,32.26,32.1,31.49,28.9
Rajshahi,2018,9,14,31.39,31.47,30.95,29.4
Rajshahi,2018,9,15,31.49,31.7,31.13,28.8
Rajshahi,2018,9,16,31.07,31.2,30.75,29.8
Rajshahi,2018,9,17,31.94,31.85,31.39,30.4
Rajshahi,2018,9,18,32.04,32.01,31.44,30.3
Rajshahi,2018,9,19,32.08,32.02,31.42,30.9
Rajshahi,2018,9,20,32.21,32.14,31.53,28.2
Rajshahi,2018,9,21,30.93,31.09,30.71,27.1
Rajshahi,2018,9,22,30.38,30.64,30.4,28.7
Rajshahi,2018,9,23,30.94,31.17,30.68,29.4
Rajshahi,2018,9,24,31.76,31.72,31.28,29.8
Rajshahi,2018,9,25,31.84,31.78,31.34,29.8
Rajshahi,2018,9,26,31.79,31.86,31.48,29.4
Rajshahi,2018,9,27,31.95,31.85,31.44,30.4
Rajshahi,2018,9,28,32.06,32.04,31.4,29.9
Rajshahi,2018,9,29,31.99,31.96,31.49,29.9
Rajshahi,2018,9,30,31.97,31.91,31.43,29.9
Rajshahi,2018,10,1,31.9,31.83,31.3,28.5
Rajshahi,2018,10,2,30.8,30.79,30.15,28.9
Rajshahi,2018,10,3,30.86,30.68,30.2,29.2
Rajshahi,2018,10,4,31.34,31.37,30.85,28.3
Rajshahi,2018,10,5,30.73,30.97,30.49,27.3
Rajshahi,2018,10,6,30.06,30.5,30.25,27.5
Rajshahi,2018,10,7,29.93,30.28,29.9,27.8
Rajshahi,2018,10,8,30.13,30.08,29.79,27.6
Rajshahi,2018,10,9,29.73,29.9,29.63,27.6
Rajshahi,2018,10,10,29.82,29.95,29.51,26.8
Rajshahi,2018,10,11,28.93,29.68,29.47,23.8
Rajshahi,2018,10,12,26.95,28.34,28.25,23.9
Rajshahi,2018,10,13,27.45,28.47,28.17,23.2
Rajshahi,2018,10,14,26.01,26.75,27.09,25.7
Rajshahi,2018,10,15,28.43,29.04,28.63,25.4
Rajshahi,2018,10,16,27.76,28.74,28.73,25
Rajshahi,2018,10,17,27.17,27.47,27.36,25
Rajshahi,2018,10,18,26.91,27.44,27.43,26.1
Rajshahi,2018,10,19,27.94,27.61,27.23,26.8
Rajshahi,2018,10,20,28.31,28.81,28.43,27.3
Rajshahi,2018,10,21,29.66,29.83,29.32,26
Rajshahi,2018,10,22,28.55,29.24,28.92,26.2
Rajshahi,2018,10,23,28.23,28.81,28.45,25.9
Rajshahi,2018,10,24,28.26,28.71,28.48,24.5
Rajshahi,2018,10,25,27.17,28.02,27.98,23
Rajshahi,2018,10,26,24.96,25.48,25.65,23.5
Rajshahi,2018,10,27,24.59,25.09,24.96,24.3
Rajshahi,2018,10,28,26.34,27.03,26.88,23.6
Rajshahi,2018,10,29,25.47,25.74,25.85,24
Rajshahi,2018,10,30,26.27,26.77,26.69,25.2
Rajshahi,2018,10,31,27.11,27.66,27.69,25.6
Rajshahi,2018,11,1,28.19,28.77,28.55,25.5
Rajshahi,2018,11,2,27.91,28.5,28.52,25.2
Rajshahi,2018,11,3,27.38,27.52,27.41,25.1
Rajshahi,2018,11,4,27.27,27.43,27.26,25.3
Rajshahi,2018,11,5,27.51,28.25,28.19,25.5
Rajshahi,2018,11,6,27.78,28.43,28.07,24.4
Rajshahi,2018,11,7,26.75,27.3,27.3,22.6
Rajshahi,2018,11,8,24.34,25.52,25.19,21.8
Rajshahi,2018,11,9,23.39,24.71,25.11,21.3
Rajshahi,2018,11,10,22.6,23.64,23.83,21.8
Rajshahi,2018,11,11,23.35,24.53,24.91,22.2
Rajshahi,2018,11,12,23.65,24.71,24.89,22
Rajshahi,2018,11,13,23.95,24.79,25.06,21.6
Rajshahi,2018,11,14,22.97,24.09,24.23,22
Rajshahi,2018,11,15,23.13,24.3,24.47,22.6
Rajshahi,2018,11,16,24.08,25.04,25.05,22.6
Rajshahi,2018,11,17,24.38,25.13,25.22,20.9
Rajshahi,2018,11,18,22.76,24.11,24.75,19.8
Rajshahi,2018,11,19,21.35,22.17,22.26,20
Rajshahi,2018,11,20,21.32,22.36,22.44,20.2
Rajshahi,2018,11,21,21.83,22.59,22.71,19.8
Rajshahi,2018,11,22,21.22,22.18,22.47,20.3
Rajshahi,2018,11,23,21.79,22.69,22.76,20
Rajshahi,2018,11,24,21.22,22.24,22.55,19.9
Rajshahi,2018,11,25,21.28,22.38,22.78,20.7
Rajshahi,2018,11,26,22.15,23.08,23.32,20.5
Rajshahi,2018,11,27,22.21,23.02,23.26,21.1
Rajshahi,2018,11,28,22.25,23.62,24.01,21.1
Rajshahi,2018,11,29,22.16,23.46,23.68,21.3
Rajshahi,2018,11,30,22.54,23.6,23.65,21
Rajshahi,2018,12,1,22.29,23.77,24.09,19.9
Rajshahi,2018,12,2,20.92,22.25,22.47,19.2
Rajshahi,2018,12,3,20.24,21.49,21.84,18.5
Rajshahi,2018,12,4,20.63,21.61,22.07,19.1
Rajshahi,2018,12,5,20.69,21.83,22.39,19.1
Rajshahi,2018,12,6,20.75,21.65,22.06,18.1
Rajshahi,2018,12,7,19.85,21.26,21.63,17.1
Rajshahi,2018,12,8,18.87,19.85,20.39,17.9
Rajshahi,2018,12,9,19.38,20.19,20.34,17.7
Rajshahi,2018,12,10,19.34,20.35,20.54,17.9
Rajshahi,2018,12,11,19.31,20.28,20.49,18.7
Rajshahi,2018,12,12,20.12,21.31,21.54,18.2
Rajshahi,2018,12,13,20.23,21.23,21.72,18.4
Rajshahi,2018,12,14,20.45,21.25,21.47,18.6
Rajshahi,2018,12,15,20.69,21.51,21.95,19.2
Rajshahi,2018,12,16,20.14,21.08,21.11,20.3
Rajshahi,2018,12,17,21.5,22.31,22.11,19
Rajshahi,2018,12,18,20.75,21.53,21.77,15.6
Rajshahi,2018,12,19,18.74,19.53,20.15,15.7
Rajshahi,2018,12,20,17.9,19.09,19.85,16
Rajshahi,2018,12,21,18.24,19.59,20.14,16
Rajshahi,2018,12,22,18.21,19.53,20.09,16.3
Rajshahi,2018,12,23,18.31,19.49,20.04,17.6
Rajshahi,2018,12,24,19.13,20.24,20.53,17.1
Rajshahi,2018,12,25,18.77,19.75,20.44,15.3
Rajshahi,2018,12,26,17.91,19.48,19.88,13.9
Rajshahi,2018,12,27,16.94,18.34,19,14.2
Rajshahi,2018,12,28,17.06,18.26,19.08,12.6
Rajshahi,2018,12,29,16.13,17.64,18.58,13.6
Rajshahi,2018,12,30,16.61,17.9,18.71,15.5
Rajshahi,2018,12,31,17.79,19.02,19.42,16.2
Rajshahi,2019,1,1,17.5,18.8,19.55,16.5
Rajshahi,2019,1,2,17.9,18.45,19.15,15.5
Rajshahi,2019,1,3,17.85,18.5,18.95,14.6
Rajshahi,2019,1,4,16.9,23.8,19.2,13.7
Rajshahi,2019,1,5,17.35,18.6,19.45,15.5
Rajshahi,2019,1,6,17.3,18.55,19.3,15.4
Rajshahi,2019,1,7,17.3,18.75,19.25,16.2
Rajshahi,2019,1,8,18.1,18.3,18.8,17.1
Rajshahi,2019,1,9,18.05,18.2,18.75,15.8
Rajshahi,2019,1,10,18.5,18.45,18.75,14.5
Rajshahi,2019,1,11,17.7,18.7,19.3,16.9
Rajshahi,2019,1,12,17.85,18.7,19.45,17
Rajshahi,2019,1,13,18.5,19.25,19.75,17
Rajshahi,2019,1,14,18.1,19.1,19.4,15.6
Rajshahi,2019,1,15,17.85,19.1,19.85,14.3
Rajshahi,2019,1,16,17.1,18.55,19.15,15.1
Rajshahi,2019,1,17,17.85,18.8,19.4,16.5
Rajshahi,2019,1,18,17.9,18.15,18.8,16.5
Rajshahi,2019,1,19,18,19.1,19.2,16
Rajshahi,2019,1,20,18.35,19.2,19.8,16.3
Rajshahi,2019,1,21,18.6,18.65,19.3,16.4
Rajshahi,2019,1,22,19.05,19.25,19.55,17.4
Rajshahi,2019,1,23,18.85,19.3,19.6,17.7
Rajshahi,2019,1,24,19.45,19.95,19.7,18.4
Rajshahi,2019,1,25,19.85,20.05,20.15,19.2
Rajshahi,2019,1,26,19.7,20.1,20.05,20.4
Rajshahi,2019,1,27,21,20.55,20.35,20.1
Rajshahi,2019,1,28,20.55,20.9,20.7,18.6
Rajshahi,2019,1,29,20.3,20.45,20.6,16.1
Rajshahi,2019,1,30,18.8,20.1,20.55,15.9
Rajshahi,2019,1,31,18.95,19.7,20.1,16.7
Rajshahi,2019,2,1,19.55,20,20.25,17.5
Rajshahi,2019,2,2,19.15,20.3,20.35,17.4
Rajshahi,2019,2,3,18.8,19.65,20.1,17.1
Rajshahi,2019,2,4,19,19.65,20.2,16.6
Rajshahi,2019,2,5,18.9,19.8,20,16.3
Rajshahi,2019,2,6,19.25,19.9,20.15,16.6
Rajshahi,2019,2,7,19.6,19.7,20.2,19.1
Rajshahi,2019,2,8,19.3,20.35,20.65,19.7
Rajshahi,2019,2,9,20.95,21.05,20.9,18.6
Rajshahi,2019,2,10,20.2,20.9,20.6,16.6
Rajshahi,2019,2,11,19.85,20.7,20.8,17
Rajshahi,2019,2,12,19.75,20.4,20.75,18.2
Rajshahi,2019,2,13,20.2,20.5,20.7,19.2
Rajshahi,2019,2,14,21.45,21.4,21.1,20.2
Rajshahi,2019,2,15,22.4,21.2,21.2,20.9
Rajshahi,2019,2,16,22.9,22.5,22,21.2
Rajshahi,2019,2,17,19.25,21.85,21.5,18.7
Rajshahi,2019,2,18,20.65,20.8,21.1,17.8
Rajshahi,2019,2,19,21.55,21.8,21.85,20.3
Rajshahi,2019,2,20,22.15,22.1,21.6,20.2
Rajshahi,2019,2,21,22.5,22.75,22,21.6
Rajshahi,2019,2,22,22.9,22.7,22.35,22.6
Rajshahi,2019,2,23,22.6,23.2,22.45,23.6
Rajshahi,2019,2,24,23.3,23.6,23.05,20.7
Rajshahi,2019,2,25,23.6,23.55,23,22
Rajshahi,2019,2,26,24.1,24,23.3,22.5
Rajshahi,2019,2,27,23.2,22.8,22.4,19.5
Rajshahi,2019,2,28,22.65,23.5,23.2,18.5
Rajshahi,2019,3,1,21.65,22.7,22,17.7
Rajshahi,2019,3,2,20.55,22.2,22.2,17.8
Rajshahi,2019,3,3,21.75,22.6,22.6,19.8
Rajshahi,2019,3,4,22.5,22.9,22.75,20.7
Rajshahi,2019,3,5,23.15,23.1,22.8,22.4
Rajshahi,2019,3,6,23.8,23.8,23.1,21.5
Rajshahi,2019,3,7,23.3,23.7,23,20.5
Rajshahi,2019,3,8,23,23.3,23.05,20.2
Rajshahi,2019,3,9,22.85,23.65,23.35,21.2
Rajshahi,2019,3,10,24.15,24.05,23.6,24
Rajshahi,2019,3,11,25.5,24.75,24,24.1
Rajshahi,2019,3,12,26,24.2,24.3,24.8
Rajshahi,2019,3,13,26.45,25.4,24.6,25.2
Rajshahi,2019,3,14,26.3,25.2,24.5,26
Rajshahi,2019,3,15,26.5,25.65,25.25,26.9
Rajshahi,2019,3,16,27.1,26.65,25.9,25.8
Rajshahi,2019,3,17,26.45,26.2,26.15,25.7
Rajshahi,2019,3,18,27.15,26.95,26.05,25.1
Rajshahi,2019,3,19,27.05,26.85,26.5,25
Rajshahi,2019,3,20,25.3,26.6,26.65,24.5
Rajshahi,2019,3,21,27,26.95,26.4,25.8
Rajshahi,2019,3,22,27.9,27.35,26.45,27.3
Rajshahi,2019,3,23,27.4,26.9,26.1,25.3
Rajshahi,2019,3,24,27.15,27.5,26.95,24.1
Rajshahi,2019,3,25,27.3,27.45,26.7,26.1
Rajshahi,2019,3,26,27.4,27.65,27.05,24.4
Rajshahi,2019,3,27,26.75,27.15,26.9,24.8
Rajshahi,2019,3,28,26.95,27.4,27,27.2
Rajshahi,2019,3,29,28.4,27.65,27.15,27.7
Rajshahi,2019,3,30,28.25,27.4,27.15,26.6
Rajshahi,2019,3,31,28.65,28.2,27.3,26.4
Rajshahi,2019,4,1,26.8,27.05,27.2,25.6
Rajshahi,2019,4,2,28.5,27.75,27.5,25.8
Rajshahi,2019,4,3,27,27.45,27.4,25
Rajshahi,2019,4,4,28.6,28,27.65,27
Rajshahi,2019,4,5,28.55,28.3,27.8,27.2
Rajshahi,2019,4,6,28.65,28.2,27.65,25.4
Rajshahi,2019,4,7,27.9,28,27.75,25.6
Rajshahi,2019,4,8,28.25,27.7,27.05,26.3
Rajshahi,2019,4,9,26.3,26.95,26.9,22.7
Rajshahi,2019,4,10,26.15,27.2,27.25,24.3
Rajshahi,2019,4,11,27.4,27.05,27,27.3
Rajshahi,2019,4,12,28.55,28,27.1,28.2
Rajshahi,2019,4,13,28.15,28.7,28.2,26.4
Rajshahi,2019,4,14,27.3,27.5,27.9,27.7
Rajshahi,2019,4,15,29.4,27.05,27.55,29.9
Rajshahi,2019,4,16,31.1,29.7,28.45,29.3
Rajshahi,2019,4,17,29.9,29.9,29,27.6
Rajshahi,2019,4,18,29.3,29.55,29,26.9
Rajshahi,2019,4,19,30.15,29.55,28.95,28.4
Rajshahi,2019,4,20,31.1,29.85,29,28.3
Rajshahi,2019,4,21,31.1,30.3,29.1,27.5
Rajshahi,2019,4,22,29.95,30.1,29.45,27.5
Rajshahi,2019,4,23,29.8,29.85,29.2,28.9
Rajshahi,2019,4,24,31.45,30.4,29.35,29.9
Rajshahi,2019,4,25,33.3,31.5,30,31
Rajshahi,2019,4,26,33.35,31.6,30.6,30.2
Rajshahi,2019,4,27,32.9,31.95,30.8,29.7
Rajshahi,2019,4,28,34.95,31.6,31.45,32.9
Rajshahi,2019,4,29,35.2,31.9,31.5,32.8
Rajshahi,2019,4,30,35.25,33.4,31.8,31.8
Rajshahi,2019,5,1,34.05,33.25,31.95,31.5
Rajshahi,2019,5,2,27.85,31.7,31.35,31
Rajshahi,2019,5,3,26.6,28.95,29.85,26.4
Rajshahi,2019,5,4,30.75,29.85,29.4,24.1
Rajshahi,2019,5,5,31.5,30.75,29.8,29.5
Rajshahi,2019,5,6,32.65,30.15,29.6,30.7
Rajshahi,2019,5,7,33.35,30.7,30.1,31.4
Rajshahi,2019,5,8,34.65,32.95,31.65,32
Rajshahi,2019,5,9,35.35,33.45,32,32.8
Rajshahi,2019,5,10,35.5,34,32.25,33
Rajshahi,2019,5,11,34.85,33.55,32.3,32.5
Rajshahi,2019,5,12,32.95,33.45,32.4,32.3
Rajshahi,2019,5,13,32,32.5,32.1,28.8
Rajshahi,2019,5,14,31.85,32.35,31.8,28.7
Rajshahi,2019,5,15,32.8,32.65,31.6,29.2
Rajshahi,2019,5,16,32.5,32.5,31.9,29.9
Rajshahi,2019,5,17,32.75,32.4,31.6,29.4
Rajshahi,2019,5,18,33.7,33.2,32.3,32.7
Rajshahi,2019,5,19,33,33.15,32.2,32
Rajshahi,2019,5,20,33.5,32.95,32.3,29.6
Rajshahi,2019,5,21,29.4,31.7,31.15,31.5
Rajshahi,2019,5,22,31.7,36.1,32.85,30
Rajshahi,2019,5,23,31.7,32.15,31.95,28.9
Rajshahi,2019,5,24,30.1,31.45,31.4,29.6
Rajshahi,2019,5,25,31.8,30.9,31.65,27.4
Rajshahi,2019,5,26,32,31.55,31.3,30.9
Rajshahi,2019,5,27,32.95,32.9,32.05,32.5
Rajshahi,2019,5,28,33,32.7,32.05,30.6
Rajshahi,2019,5,29,32.2,32.75,32.15,30.9
Rajshahi,2019,5,30,31.5,32.2,32,29.9
Rajshahi,2019,5,31,32.8,31.65,31.1,28.8
Rajshahi,2019,6,1,28.9,30.35,31.05,30.6
Rajshahi,2019,6,2,30.5,31.4,31.3,24.5
Rajshahi,2019,6,3,31.7,31.7,31.15,27.6
Rajshahi,2019,6,4,30.4,31.2,31.2,29.3
Rajshahi,2019,6,5,31.55,31.6,31.35,28
Rajshahi,2019,6,6,32.1,31.5,30.9,29.2
Rajshahi,2019,6,7,33.15,32.15,31.45,30.1
Rajshahi,2019,6,8,33.3,32.3,31.55,30.2
Rajshahi,2019,6,9,34.1,33.2,31.85,31.2
Rajshahi,2019,6,10,34.5,33.4,32.25,31.8
Rajshahi,2019,6,11,34.95,33.95,32.65,31
Rajshahi,2019,6,12,35.45,34,32.85,31.4
Rajshahi,2019,6,13,35.6,34.5,33.05,31.6
Rajshahi,2019,6,14,34.9,34.35,33.15,32.8
Rajshahi,2019,6,15,35.95,34.55,33.15,31.3
Rajshahi,2019,6,16,33.05,33.2,32.8,33.1
Rajshahi,2019,6,17,33.5,33.65,33.05,30.8
Rajshahi,2019,6,18,35.3,34.1,33,30.6
Rajshahi,2019,6,19,34.4,34.15,33.3,32.7
Rajshahi,2019,6,20,31.85,33.5,33.15,31.3
Rajshahi,2019,6,21,32.3,33.2,33.1,30
Rajshahi,2019,6,22,33.7,33.05,32.6,29.3
Rajshahi,2019,6,23,34.7,33.8,32.9,31.3
Rajshahi,2019,6,24,34.9,34.05,32.85,32.1
Rajshahi,2019,6,25,33.5,33,32.6,32.6
Rajshahi,2019,6,26,31.1,32.3,32.4,29.6
Rajshahi,2019,6,27,33.1,32.6,32.15,29.1
Rajshahi,2019,6,28,32.6,32.65,32.1,31
Rajshahi,2019,6,29,29.7,30.55,31,30.7
Rajshahi,2019,6,30,20.5,24.5,27,30.9
Rajshahi,2019,7,1,33,33.1,32.6,30.9
Rajshahi,2019,7,2,31.35,32.4,31.6,29.2
Rajshahi,2019,7,3,31.9,32.45,32.2,29.8
Rajshahi,2019,7,4,32.35,32.7,32.25,30.1
Rajshahi,2019,7,5,32.7,32.35,32,30.7
Rajshahi,2019,7,6,31.35,32,32.15,28.5
Rajshahi,2019,7,7,31.6,31.95,31.6,29.1
Rajshahi,2019,7,8,30.8,31.7,31.5,28.3
Rajshahi,2019,7,9,31,31.75,31.55,28.4
Rajshahi,2019,7,10,30.9,31.35,31,28.5
Rajshahi,2019,7,11,30.15,31.05,31.1,27.7
Rajshahi,2019,7,12,30.6,31.1,30.75,29
Rajshahi,2019,7,13,30.95,31.3,31.1,27.7
Rajshahi,2019,7,14,31.45,31.25,31.1,30.1
Rajshahi,2019,7,15,31.7,31.6,31,29
Rajshahi,2019,7,16,31.55,31.8,31.1,29.7
Rajshahi,2019,7,17,32.2,31.4,31.35,31.2
Rajshahi,2019,7,18,33.15,32.4,31.25,31.7
Rajshahi,2019,7,19,33.85,33.1,32.2,31.7
Rajshahi,2019,7,20,34.6,33.25,32.2,31.6
Rajshahi,2019,7,21,35.1,33.8,32.65,31.9
Rajshahi,2019,7,22,35.55,34.15,33.1,31.4
Rajshahi,2019,7,23,34.7,34.05,33,29.6
Rajshahi,2019,7,24,29.65,33.35,32.95,27.8
Rajshahi,2019,7,25,30.9,31.6,31.95,29.3
Rajshahi,2019,7,26,30.9,32.05,32,28.3
Rajshahi,2019,7,27,29.5,31.3,31.55,28.3
Rajshahi,2019,7,28,29.5,30.8,31,28.7
Rajshahi,2019,7,29,31.6,31,31.05,28.2
Rajshahi,2019,7,30,31.05,31.05,30.9,29.9
Rajshahi,2019,7,31,31.4,31.1,31,29.9
Rajshahi,2019,8,1,31.2,31.75,31.25,30.1
Rajshahi,2019,8,2,32.25,32.1,31.45,30.7
Rajshahi,2019,8,3,32.25,32.2,31.8,30.5
Rajshahi,2019,8,4,31.75,32.1,31.55,30.5
Rajshahi,2019,8,5,32.2,32.25,32,32
Rajshahi,2019,8,6,32.45,32.7,32.05,30.7
Rajshahi,2019,8,7,30.55,31.8,31.9,29.4
Rajshahi,2019,8,8,29.8,31.4,31.6,27.7
Rajshahi,2019,8,9,31.5,31.1,31.1,30.7
Rajshahi,2019,8,10,33,32.1,31.45,30.8
Rajshahi,2019,8,11,32.6,31.95,31.4,30.9
Rajshahi,2019,8,12,32.6,32.1,31.45,30.4
Rajshahi,2019,8,13,29.75,30.8,31.2,28.4
Rajshahi,2019,8,14,29.4,30.6,31,26.8
Rajshahi,2019,8,15,30.45,31,31.25,29.1
Rajshahi,2019,8,16,30.6,31.1,30.9,29.3
Rajshahi,2019,8,17,30.55,31.25,31,28.4
Rajshahi,2019,8,18,30.75,31.25,31,29.2
Rajshahi,2019,8,19,30.85,31.15,31.05,30
Rajshahi,2019,8,20,31.85,31.7,31.25,30.1
Rajshahi,2019,8,21,32.8,32.1,31.4,30.8
Rajshahi,2019,8,22,32.35,32.6,31.55,30.1
Rajshahi,2019,8,23,31.8,32.3,31.9,29.3
Rajshahi,2019,8,24,31.75,32,31.4,29.5
Rajshahi,2019,8,25,31.5,32.1,31.5,29.8
Rajshahi,2019,8,26,32.2,32,31.9,30.4
Rajshahi,2019,8,27,32.25,32.2,31.65,30.4
Rajshahi,2019,8,28,32.85,32.65,32,30.8
Rajshahi,2019,8,29,33,32.7,32,31
Rajshahi,2019,8,30,33.25,33.05,32.15,31.6
Rajshahi,2019,8,31,32.35,33.05,32.55,29.8
Rajshahi,2019,9,1,32.75,32.3,32,31.4
Rajshahi,2019,9,2,32.65,32.35,32.25,30.5
Rajshahi,2019,9,3,31.65,32.1,32,30.4
Rajshahi,2019,9,4,31.95,32.3,32.15,29.4
Rajshahi,2019,9,5,31.65,32.2,31.9,30
Rajshahi,2019,9,6,30.15,31.75,31.5,29.6
Rajshahi,2019,9,7,31.35,31.6,31.25,28.8
Rajshahi,2019,9,8,32.1,32.1,31.3,29.2
Rajshahi,2019,9,9,32.3,32.1,31.5,30.2
Rajshahi,2019,9,10,32.25,32.55,32,30.2
Rajshahi,2019,9,11,31.2,32,31.9,29.6
Rajshahi,2019,9,12,30.5,31.7,31.6,28.3
Rajshahi,2019,9,13,31.35,31.5,31.2,28.1
Rajshahi,2019,9,14,30.6,31.5,31.2,29.3
Rajshahi,2019,9,15,32.15,32.3,31.9,30.5
Rajshahi,2019,9,16,32.35,32.35,32,30.2
Rajshahi,2019,9,17,32.2,32.75,32.1,30
Rajshahi,2019,9,18,32.45,32.55,32,29.9
Rajshahi,2019,9,19,32.1,32.05,32,30.1
Rajshahi,2019,9,20,32.25,32.8,32.35,30.2
Rajshahi,2019,9,21,30.6,32.1,32.1,29.3
Rajshahi,2019,9,22,31.25,31.65,31.45,26.8
Rajshahi,2019,9,23,30.2,31.7,31.5,27.4
Rajshahi,2019,9,24,29.6,30.45,31.5,27
Rajshahi,2019,9,25,29,30.1,30.3,25.5
Rajshahi,2019,9,26,29.5,30.2,30.65,26.2
Rajshahi,2019,9,27,28.5,29.9,30.05,26.7
Rajshahi,2019,9,28,27.5,28.65,28.95,25.4
Rajshahi,2019,9,29,27.45,28.8,28.85,25.2
Rajshahi,2019,9,30,28.9,29.1,29.25,25.6
Rajshahi,2019,10,1,29.2,29.35,29.15,26.6
Rajshahi,2019,10,2,28.3,29.5,29.5,27.7
Rajshahi,2019,10,3,29.35,29.4,29.35,26.3
Rajshahi,2019,10,4,30.2,30.2,29.85,27.4
Rajshahi,2019,10,5,30.45,30.6,30.15,28.3
Rajshahi,2019,10,6,30.25,30.9,30.5,28.6
Rajshahi,2019,10,7,29.25,30.45,30.4,27.6
Rajshahi,2019,10,8,29.2,29.9,29.9,26.6
Rajshahi,2019,10,9,28.5,29.9,29.9,26.5
Rajshahi,2019,10,10,29.7,30.05,29.9,26.5
Rajshahi,2019,10,11,30.35,30.3,30.05,27.2
Rajshahi,2019,10,12,30,30.2,30,27.6
Rajshahi,2019,10,13,29.2,29.5,29.9,26.6
Rajshahi,2019,10,14,29.9,29.75,30,26.2
Rajshahi,2019,10,15,30,30.3,30.1,27.5
Rajshahi,2019,10,16,30.4,30.45,30.1,28.1
Rajshahi,2019,10,17,30.5,30.6,30.15,28.1
Rajshahi,2019,10,18,30.05,30.3,30,27.9
Rajshahi,2019,10,19,29.8,30.5,30,28.2
Rajshahi,2019,10,20,29.2,29.7,30,27.8
Rajshahi,2019,10,21,29.85,30.15,30.05,26.7
Rajshahi,2019,10,22,28.65,30.05,30,26.6
Rajshahi,2019,10,23,25.1,28.4,29.2,26.5
Rajshahi,2019,10,24,23,25.65,27.25,21.4
Rajshahi,2019,10,25,28.6,25.2,26.3,21
Rajshahi,2019,10,26,26,26.7,27,22.5
Rajshahi,2019,10,27,26.3,27.1,27.1,23.9
Rajshahi,2019,10,28,26.6,27,26.9,23.8
Rajshahi,2019,10,29,26.5,27.05,26.95,24.9
Rajshahi,2019,10,30,27.15,27.7,27.75,24.9
Rajshahi,2019,10,31,27.45,27.95,27.85,24.7
Rajshahi,2019,11,1,27.65,27.9,27.8,25.2
Rajshahi,2019,11,2,27.15,28,27.7,25.4
Rajshahi,2019,11,3,27.1,28.05,27.9,25.6
Rajshahi,2019,11,4,26.9,27.9,27.9,25.5
Rajshahi,2019,11,5,26.05,22.55,27.85,24.8
Rajshahi,2019,11,6,26,27.05,27.35,22.6
Rajshahi,2019,11,7,26,26.95,27.35,22.9
Rajshahi,2019,11,8,25.3,26.75,27,24.7
Rajshahi,2019,11,9,25.95,26.8,27.05,24
Rajshahi,2019,11,10,26.4,27.1,27.05,24.5
Rajshahi,2019,11,11,26.15,26.9,27,24.3
Rajshahi,2019,11,12,26.3,26.95,27.05,23.2
Rajshahi,2019,11,13,26.4,26.75,26.9,23.3
Rajshahi,2019,11,14,25.8,26.7,26.9,24.9
Rajshahi,2019,11,15,25.65,26.6,26.8,24.2
Rajshahi,2019,11,16,25.45,26.65,26.4,23.5
Rajshahi,2019,11,17,24.9,26,26.25,22.2
Rajshahi,2019,11,18,24.6,24.55,24.75,22.2
Rajshahi,2019,11,19,23.35,25.25,25.9,21.1
Rajshahi,2019,11,20,24,25.2,25.85,20.3
Rajshahi,2019,11,21,24,25.05,25.4,21.5
Rajshahi,2019,11,22,26.15,24.65,24.65,21
Rajshahi,2019,11,23,24.3,25.05,25.65,20.8
Rajshahi,2019,11,24,24.3,24.95,25.35,21.5
Rajshahi,2019,11,25,24.25,25.1,25.4,22.3
Rajshahi,2019,11,26,24.4,25,25.2,21.9
Rajshahi,2019,11,27,24.2,25,25.15,22
Rajshahi,2019,11,28,24.3,25,25.25,22.4
Rajshahi,2019,11,29,24.2,24.8,25.1,21.7
Rajshahi,2019,11,30,23.2,24.75,25.05,21
Rajshahi,2019,12,1,22.65,24.15,24.55,20.3
Rajshahi,2019,12,2,21.7,23.35,24.4,18.9
Rajshahi,2019,12,3,21.45,23.05,24.05,18.6
Rajshahi,2019,12,4,22.2,23.1,23.7,19.6
Rajshahi,2019,12,5,22.45,23.35,24,20.3
Rajshahi,2019,12,6,23.25,23.65,23.85,20.9
Rajshahi,2019,12,7,22.45,23.45,23.7,20.9
Rajshahi,2019,12,8,22,23.15,23,20.5
Rajshahi,2019,12,9,21.45,21.5,21.8,19.4
Rajshahi,2019,12,10,21.45,22.8,22.9,18.4
Rajshahi,2019,12,11,21.3,22.9,23.2,18.7
Rajshahi,2019,12,12,21.2,22.35,23,18.5
Rajshahi,2019,12,13,20.7,21.65,22.5,19.3
Rajshahi,2019,12,14,21.7,22.5,22.4,18.3
Rajshahi,2019,12,15,22.15,23.05,23.15,19.9
Rajshahi,2019,12,16,20.9,22.65,22.2,19.8
Rajshahi,2019,12,17,19.55,21.85,22.55,18
Rajshahi,2019,12,18,20.05,22.15,21.6,15.4
Rajshahi,2019,12,19,19.2,21.05,21.75,14.7
Rajshahi,2019,12,20,17.65,20.35,21.75,15
Rajshahi,2019,12,21,17.75,19.9,21.05,13
Rajshahi,2019,12,22,18,20.7,20.85,14.5
Rajshahi,2019,12,23,19.2,21,21.6,15.3
Rajshahi,2019,12,24,18,19.7,20.5,14.4
Rajshahi,2019,12,25,18,19.65,20.55,14.7
Rajshahi,2019,12,26,16.9,19.25,20.2,14.7
Rajshahi,2019,12,27,17.25,18.55,20.05,13.2
Rajshahi,2019,12,28,17.4,16,19.7,14.4
Rajshahi,2019,12,29,14.35,18.65,19.5,15
Rajshahi,2019,12,30,22.65,24.05,24.5,14
Rajshahi,2019,12,31,20.5,24.5,27,16.8
Rajshahi,2020,1,1,18.5,19.4,19.95,17.75
Rajshahi,2020,1,2,20.05,20.1,20,20.1
Rajshahi,2020,1,3,19.35,19.65,20.05,19.8
Rajshahi,2020,1,4,19.1,19.9,19.9,18.1
Rajshahi,2020,1,5,19.9,20.45,20.7,18.4
Rajshahi,2020,1,6,17.95,19.4,20.65,13.95
Rajshahi,2020,1,7,17.05,19.2,20.1,14.55
Rajshahi,2020,1,8,18.45,20,20.3,16.15
Rajshahi,2020,1,9,19.4,19.9,20.25,17.2
Rajshahi,2020,1,10,18.8,19.7,20.1,17.4
Rajshahi,2020,1,11,18.2,18.9,20,16.4
Rajshahi,2020,1,12,18.15,19.45,19.8,16.85
Rajshahi,2020,1,13,18.2,18.75,20,16.5
Rajshahi,2020,1,14,18.1,18.55,19.95,17.15
Rajshahi,2020,1,15,18.4,19.2,19.9,17.55
Rajshahi,2020,1,16,18.85,19.4,19.95,18.55
Rajshahi,2020,1,17,20.25,21.1,20.8,20
Rajshahi,2020,1,18,19.9,20.1,20.1,20.6
Rajshahi,2020,1,19,19.3,20.15,20.35,18.4
Rajshahi,2020,1,20,19.5,19.95,20.25,17.75
Rajshahi,2020,1,21,18.35,19.45,20.05,16.1
Rajshahi,2020,1,22,18.65,19.7,19.7,16.45
Rajshahi,2020,1,23,18.5,19.8,19.65,18.05
Rajshahi,2020,1,24,18.3,19.3,20,16.35
Rajshahi,2020,1,25,18.3,18.8,19.9,15.85
Rajshahi,2020,1,26,17.8,19.4,19.75,15.65
Rajshahi,2020,1,27,18,19.35,19.6,15.5
Rajshahi,2020,1,28,18.15,19.1,19.5,17.2
Rajshahi,2020,1,29,18.3,19.55,19.6,16.65
Rajshahi,2020,1,30,19.6,19.7,19.9,19.4
Rajshahi,2020,1,31,20.2,20.2,20.1,18.7
Rajshahi,2020,2,1,19.2,19.9,20.15,17.7
Rajshahi,2020,2,2,18.8,19.75,20.05,16.55
Rajshahi,2020,2,3,18.3,19.6,20,15.2
Rajshahi,2020,2,4,18.8,19.1,19.8,16.25
Rajshahi,2020,2,5,19.05,19.45,19.5,17.6
Rajshahi,2020,2,6,19.15,19.65,19.9,17.7
Rajshahi,2020,2,7,19.35,19.2,19.8,16.6
Rajshahi,2020,2,8,18.45,19.4,19.85,16.95
Rajshahi,2020,2,9,20.1,19.3,19.8,19.6
Rajshahi,2020,2,10,19.45,20,20.05,17.35
Rajshahi,2020,2,11,20.2,20.1,20.1,18.05
Rajshahi,2020,2,12,19.9,20.1,20.1,18.05
Rajshahi,2020,2,13,19.6,19.95,20.2,17.55
Rajshahi,2020,2,14,20.5,20.25,20.35,19.25
Rajshahi,2020,2,15,21.1,20.8,20.5,20.3
Rajshahi,2020,2,16,21.95,21.35,20.8,21.1
Rajshahi,2020,2,17,22.3,21.3,21.5,21
Rajshahi,2020,2,18,22.35,21.9,21.55,20.8
Rajshahi,2020,2,19,22.7,22.4,21.6,21.4
Rajshahi,2020,2,20,22.5,22.25,21,21.5
Rajshahi,2020,2,21,23.2,22.9,22.2,22.25
Rajshahi,2020,2,22,22.75,22.55,22,22.45
Rajshahi,2020,2,23,24.05,23.3,22.75,24.25
Rajshahi,2020,2,24,23.7,23.35,23.25,23.3
Rajshahi,2020,2,25,22.45,23.1,22.85,21.65
Rajshahi,2020,2,26,22.45,23.1,22.5,20.3
Rajshahi,2020,2,27,22.3,23.05,22.35,20.95
Rajshahi,2020,2,28,22.4,22.2,22.35,21.45
Rajshahi,2020,2,29,23.5,23.1,22.7,22.45
Rajshahi,2020,3,1,24,23.5,23.1,23.85
Rajshahi,2020,3,2,24.3,23.9,23.1,24.05
Rajshahi,2020,3,3,25.05,24.3,23.35,23.8
Rajshahi,2020,3,4,23.05,24.05,23.6,23.65
Rajshahi,2020,3,5,23.6,23.8,23.1,24
Rajshahi,2020,3,6,24.3,24.2,23.65,24.5
Rajshahi,2020,3,7,24.15,24.5,24,21.1
Rajshahi,2020,3,8,24.5,24.25,23.9,22.6
Rajshahi,2020,3,9,24.3,24.45,24.2,22.45
Rajshahi,2020,3,10,24.8,24.7,24.2,23.9
Rajshahi,2020,3,11,24.65,25.05,24.6,25.55
Rajshahi,2020,3,12,25.85,25.2,24.6,26.3
Rajshahi,2020,3,13,26.55,25.7,25,25.7
Rajshahi,2020,3,14,26.1,26.05,25.4,22.75
Rajshahi,2020,3,15,24,25.3,25.05,21.6
Rajshahi,2020,3,16,25.35,25.15,24.85,24.65
Rajshahi,2020,3,17,26.3,25.8,25.2,24.7
Rajshahi,2020,3,18,26.5,25.75,25.1,25.65
Rajshahi,2020,3,19,26.8,26.25,25.7,24.7
Rajshahi,2020,3,20,27.65,26.6,26,26.15
Rajshahi,2020,3,21,23.2,22.9,22.2,26.5
Rajshahi,2020,3,22,26.65,26.9,26.1,24.1
Rajshahi,2020,3,23,26.6,26.75,26.05,24.55
Rajshahi,2020,3,24,26.95,26.6,27.1,26.3
Rajshahi,2020,3,25,27.8,27,26.25,26.5
Rajshahi,2020,3,26,28.35,27.5,26.55,28.2
Rajshahi,2020,3,27,29,28,26.5,27.7
Rajshahi,2020,3,28,29.05,28.55,26.8,27
Rajshahi,2020,3,29,29.1,28.7,27.5,26.2
Rajshahi,2020,3,30,29.2,28.6,27.9,26.05
Rajshahi,2020,3,31,28.8,28.35,27.7,25.5
Rajshahi,2020,4,1,29.4,28.55,27.75,27.65
Rajshahi,2020,4,2,30.4,29,28,29.6
Rajshahi,2020,4,3,31.2,29.7,28.4,29.25
Rajshahi,2020,4,4,30.6,29.7,28.6,27.6
Rajshahi,2020,4,5,30.75,29.9,28.85,27.85
Rajshahi,2020,4,6,30.6,29.9,29,28.05
Rajshahi,2020,4,7,30.5,29.8,28.9,29.75
Rajshahi,2020,4,8,30.3,29.9,29,30.6
Rajshahi,2020,4,9,30.5,30.05,29.3,29.75
Rajshahi,2020,4,10,32.05,31.05,29.7,31.25
Rajshahi,2020,4,11,30.5,29.6,29.55,30.8
Rajshahi,2020,4,12,30.6,29.8,29.6,26.45
Rajshahi,2020,4,13,31.5,30.55,29.9,28.4
Rajshahi,2020,4,14,32.4,31.15,30,30.75
Rajshahi,2020,4,15,30.45,31,30.05,26.9
Rajshahi,2020,4,16,30.75,30.25,29.9,27.45
Rajshahi,2020,4,17,31.15,29.95,29.7,28.45
Rajshahi,2020,4,18,31.85,30.7,30,29.25
Rajshahi,2020,4,19,32.4,31.1,30.05,29.6
Rajshahi,2020,4,20,31.4,31.25,30.1,27.75
Rajshahi,2020,4,21,30.4,31,30.45,26.5
Rajshahi,2020,4,22,29.35,30,29.9,26.3
Rajshahi,2020,4,23,29.95,32.5,29.65,27.8
Rajshahi,2020,4,24,29.2,29.6,29.1,26.3
Rajshahi,2020,4,25,29,29.3,28.7,25.75
Rajshahi,2020,4,26,28.3,29.45,29.1,25.25
Rajshahi,2020,4,27,28.65,28.15,28.4,27.3
Rajshahi,2020,4,28,25.45,27.5,28.6,26.25
Rajshahi,2020,4,29,27.3,28.05,28.2,26.5
Rajshahi,2020,4,30,28.6,28.5,28.1,27.95
Rajshahi,2020,5,1,28.45,28.7,28.4,27.5
Rajshahi,2020,5,2,27.15,28.45,28.35,26.5
Rajshahi,2020,5,3,28.15,28.35,28.2,26.75
Rajshahi,2020,5,4,29.7,29.2,28.6,29.05
Rajshahi,2020,5,5,30.5,30.05,29,30.4
Rajshahi,2020,5,6,28.95,29.6,29.15,26.5
Rajshahi,2020,5,7,28.45,29.3,28.9,28.55
Rajshahi,2020,5,8,28.7,29.25,29.1,26.15
Rajshahi,2020,5,9,30.2,29.2,28.95,29.1
Rajshahi,2020,5,10,31.75,30.55,29.9,31.5
Rajshahi,2020,5,11,30.95,30.7,30.05,29.25
Rajshahi,2020,5,12,30.65,31,30.25,30.1
Rajshahi,2020,5,13,30.7,31.1,30.8,31
Rajshahi,2020,5,14,30.5,30.7,30.4,30.4
Rajshahi,2020,5,15,29.5,29.1,29,29.4
Rajshahi,2020,5,16,32.45,30.95,30.3,31.75
Rajshahi,2020,5,17,34,32.75,30.9,32.15
Rajshahi,2020,5,18,34.3,33.2,32,32.2
Rajshahi,2020,5,19,32.85,32.9,31.9,30.35
Rajshahi,2020,5,20,28.85,31.45,30.95,25.3
Rajshahi,2020,5,21,26.9,28.25,29.6,25.25
Rajshahi,2020,5,22,28.9,28.65,29.1,27.85
Rajshahi,2020,5,23,30.3,29.8,29.25,29.75
Rajshahi,2020,5,24,30.4,30.2,29.55,31.1
Rajshahi,2020,5,25,30.45,30.1,29.55,31.1
Rajshahi,2020,5,26,30.5,29.95,29.55,31.05
Rajshahi,2020,5,27,27.55,29.3,30,30.6
Rajshahi,2020,5,28,27.45,29.3,30.1,26.25
Rajshahi,2020,5,29,30,29.6,29.05,29.35
Rajshahi,2020,5,30,30.35,30.3,29.85,29.8
Rajshahi,2020,5,31,31.1,30.6,30,29.1
Rajshahi,2020,6,1,32.1,31.2,29.85,29.75
Rajshahi,2020,6,2,32.5,31.7,30.6,30.8
Rajshahi,2020,6,3,32.6,32.1,31.3,30.4
Rajshahi,2020,6,4,33,32.25,31.25,31.75
Rajshahi,2020,6,5,30.8,31.75,31,29.1
Rajshahi,2020,6,6,32.35,31.65,31.1,30.45
Rajshahi,2020,6,7,32.4,31.65,30.8,31.8
Rajshahi,2020,6,8,32.75,31.9,31.7,31.15
Rajshahi,2020,6,9,32.9,31.4,32,31.5
Rajshahi,2020,6,10,32.95,32.7,32,31.8
Rajshahi,2020,6,11,32.7,32.9,32.05,30.95
Rajshahi,2020,6,12,32.1,32.6,32,30.8
Rajshahi,2020,6,13,30.5,31.9,31.85,28.45
Rajshahi,2020,6,14,31.6,31.45,31.2,29.95
Rajshahi,2020,6,15,32.05,31.9,31.2,31.1
Rajshahi,2020,6,16,32.4,31.85,31.4,31.8
Rajshahi,2020,6,17,31.35,31.65,31.25,29.6
Rajshahi,2020,6,18,30.65,31.1,31,28.75
Rajshahi,2020,6,19,30.45,30.55,30.6,29.65
Rajshahi,2020,6,20,31.9,31.1,30.6,31.75
Rajshahi,2020,6,21,31,31.45,31,29.25
Rajshahi,2020,6,22,31.2,31.5,31.15,30.5
Rajshahi,2020,6,23,32.45,31.7,31.1,31.8
Rajshahi,2020,6,24,32.95,32.3,31.35,31.5
Rajshahi,2020,6,25,32.6,32.35,31.6,31
Rajshahi,2020,6,26,31.8,31.7,31.4,28.6
Rajshahi,2020,6,27,32.5,31.55,31.2,29.7
Rajshahi,2020,6,28,30.35,31.7,31.05,29.3
Rajshahi,2020,6,29,31.55,31.3,31.15,29.75
Rajshahi,2020,6,30,32.75,31.9,31.15,31.4
Rajshahi,2020,7,1,33,32.5,31.5,31.8
Rajshahi,2020,7,2,33.1,32.5,31.7,31.8
Rajshahi,2020,7,3,33.05,32.4,31.8,31.6
Rajshahi,2020,7,4,32.85,32.9,31.6,31.8
Rajshahi,2020,7,5,32,32.7,32.1,30.55
Rajshahi,2020,7,6,31.35,32.05,31.9,29.95
Rajshahi,2020,7,7,32.6,32,31.6,31.5
Rajshahi,2020,7,8,32,32.15,31.9,30.65
Rajshahi,2020,7,9,30.4,32.15,31.6,30.45
Rajshahi,2020,7,10,31.85,31.95,31.75,30.45
Rajshahi,2020,7,11,30.55,31.35,31.25,29.25
Rajshahi,2020,7,12,29.6,31.2,31.2,29.85
Rajshahi,2020,7,13,30.95,29.9,30.9,29.6
Rajshahi,2020,7,14,31.15,30.7,31.05,29.9
Rajshahi,2020,7,15,31.75,31.35,30.9,30.55
Rajshahi,2020,7,16,31.55,31.8,31.2,30.5
Rajshahi,2020,7,17,32.55,32.2,31.6,31.05
Rajshahi,2020,7,18,32.6,32.1,31.7,30.85
Rajshahi,2020,7,19,30.65,32.25,31.5,30.3
Rajshahi,2020,7,20,30.2,30.4,31.1,29.05
Rajshahi,2020,7,21,30.35,30.7,30.85,29.05
Rajshahi,2020,7,22,30.15,30.75,30.65,28.4
Rajshahi,2020,7,23,31.05,30.75,30.6,29.35
Rajshahi,2020,7,24,30.55,31.1,30.8,29.15
Rajshahi,2020,7,25,31.7,31.2,30.9,30.35
Rajshahi,2020,7,26,32.3,31.65,31,32.05
Rajshahi,2020,7,27,31.95,32.2,31.45,30.25
Rajshahi,2020,7,28,31.2,31.85,31.2,30.7
Rajshahi,2020,7,29,31.15,31.5,31.2,29.4
Rajshahi,2020,7,30,32.15,31.55,31.1,31.25
Rajshahi,2020,7,31,31.5,31.95,31.4,30.95
Rajshahi,2020,8,1,33,32,31.2,31.6
Rajshahi,2020,8,2,32.95,32,31.15,31.6
Rajshahi,2020,8,3,33,32.4,31.75,31.95
Rajshahi,2020,8,4,31.65,32.65,32.05,31.95
Rajshahi,2020,8,5,31.85,32.15,32,30.4
Rajshahi,2020,8,6,32,32.25,32,30.9
Rajshahi,2020,8,7,32.75,32.15,31.6,31.55
Rajshahi,2020,8,8,33.5,32.75,32,32.25
Rajshahi,2020,8,9,33.5,32.75,32.15,31.95
Rajshahi,2020,8,10,33.6,35.55,31.15,31.6
Rajshahi,2020,8,11,33.1,31.8,31.2,30.95
Rajshahi,2020,8,12,33.2,32.8,32.55,31.35
Rajshahi,2020,8,13,33.25,33,32.3,31.2
Rajshahi,2020,8,14,33.05,33,32.45,31.05
Rajshahi,2020,8,15,32.4,31.5,31,29.75
Rajshahi,2020,8,16,31.75,32.05,32.05,30.4
Rajshahi,2020,8,17,32.1,32.15,31.8,30.65
Rajshahi,2020,8,18,32,32.35,31.6,31.25
Rajshahi,2020,8,19,32,32.3,31.8,29.9
Rajshahi,2020,8,20,30.6,31.35,30.7,27.7
Rajshahi,2020,8,21,30.45,31.2,31.25,29.1
Rajshahi,2020,8,22,30.8,31.15,30.95,30
Rajshahi,2020,8,23,31.6,31.5,31.2,30.45
Rajshahi,2020,8,24,31.3,31.5,31.1,30.1
Rajshahi,2020,8,25,31.85,31.75,30.8,31.8
Rajshahi,2020,8,26,30.4,31.4,31.05,29.5
Rajshahi,2020,8,27,31.45,31.85,31.4,30.8
Rajshahi,2020,8,28,31.7,31.65,30.2,30.6
Rajshahi,2020,8,29,32,32.1,31.3,31
Rajshahi,2020,8,30,32.2,32,30.55,31.4
Rajshahi,2020,8,31,32.5,32.25,31.6,31.35
Rajshahi,2020,9,1,31.55,32.35,32,29.55
Rajshahi,2020,9,2,31.1,31.8,31.4,29.5
Rajshahi,2020,9,3,32.25,31.8,31.35,30.85
Rajshahi,2020,9,4,32.65,31.85,31.35,31.3
Rajshahi,2020,9,5,33.05,32.45,31.75,31.9
Rajshahi,2020,9,6,32.6,32.8,32.15,31.1
Rajshahi,2020,9,7,31.3,31.85,31.7,28.95
Rajshahi,2020,9,8,31.3,32.5,32.1,30
Rajshahi,2020,9,9,32,32,31.4,30.6
Rajshahi,2020,9,10,31.7,32.1,31.65,30
Rajshahi,2020,9,11,32.4,32.15,31.8,30.85
Rajshahi,2020,9,12,32.8,32.55,31.9,31.4
Rajshahi,2020,9,13,32.85,32.8,31.9,31.65
Rajshahi,2020,9,14,32.1,32.45,31.8,31.25
Rajshahi,2020,9,15,32.5,32.1,32,31.45
Rajshahi,2020,9,16,32.65,31.05,32.1,31.05
Rajshahi,2020,9,17,30.15,30.2,31.9,30.8
Rajshahi,2020,9,18,30.7,31.45,31.85,28.1
Rajshahi,2020,9,19,32.05,31.8,31.9,30.8
Rajshahi,2020,9,20,32.6,31.8,31.9,32.25
Rajshahi,2020,9,21,32,32.15,31.9,30.05
Rajshahi,2020,9,22,31.4,31.4,31.45,29.15
Rajshahi,2020,9,23,30.8,31.2,31.15,29.45
Rajshahi,2020,9,24,29.9,31.1,30.9,29.5
Rajshahi,2020,9,25,31,31.2,31.2,29.75
Rajshahi,2020,9,26,31.5,31.3,30.9,30.6
Rajshahi,2020,9,27,31.95,31.35,31.1,30.6
Rajshahi,2020,9,28,32.2,32,31.25,31.05
Rajshahi,2020,9,29,32.15,32.15,31.35,29.25
Rajshahi,2020,9,30,31.85,32.2,31.9,30.25
Rajshahi,2020,10,1,30.35,31.15,30.9,30.15
Rajshahi,2020,10,2,30,30.95,31.15,28.2
Rajshahi,2020,10,3,31.05,31,30.75,30.2
Rajshahi,2020,10,4,31.15,31.2,30.85,30.8
Rajshahi,2020,10,5,31.65,31.6,31.35,30.9
Rajshahi,2020,10,6,32.1,32,31.45,30.85
Rajshahi,2020,10,7,30.85,32.1,31.5,29
Rajshahi,2020,10,8,31.6,31.55,31.4,30.3
Rajshahi,2020,10,9,31.9,31.85,31.25,30.85
Rajshahi,2020,10,10,31.9,32,31.2,30.5
Rajshahi,2020,10,11,32,31.8,31.6,30.5
Rajshahi,2020,10,12,31.75,32.05,31.25,30.55
Rajshahi,2020,10,13,31.8,31.4,31.6,30.95
Rajshahi,2020,10,14,31.05,31.7,31.1,31.05
Rajshahi,2020,10,15,31.8,31.9,31.6,31
Rajshahi,2020,10,16,32.05,32.15,31.5,30.7
Rajshahi,2020,10,17,28.9,32,31.35,30.65
Rajshahi,2020,10,18,31.7,32.1,31.7,30.3
Rajshahi,2020,10,19,31.4,32.05,31.6,29.95
Rajshahi,2020,10,20,31.2,31.7,31.75,29.75
Rajshahi,2020,10,21,30.8,31.6,31.25,29.05
Rajshahi,2020,10,22,30.3,31.35,31.2,27.7
Rajshahi,2020,10,23,29.1,30.85,31,24.9
Rajshahi,2020,10,24,28.4,29.9,30,25.75
Rajshahi,2020,10,25,29.25,29.9,30.1,27.9
Rajshahi,2020,10,26,29.35,29.6,30,28.1
Rajshahi,2020,10,27,28.75,29.9,30,26.55
Rajshahi,2020,10,28,28.55,29.7,29.95,27.1
Rajshahi,2020,10,29,28.9,29.5,29.5,27.65
Rajshahi,2020,10,30,29.95,29.85,29.7,28.45
Rajshahi,2020,10,31,29.4,29.9,29.6,28.5
Rajshahi,2020,11,1,29.95,30.15,30,29.15
Rajshahi,2020,11,2,29.5,30,29.6,28.35
Rajshahi,2020,11,3,28.8,29.95,29.85,26.85
Rajshahi,2020,11,4,27.9,29.05,29.6,24
Rajshahi,2020,11,5,26.9,28.55,29,23.6
Rajshahi,2020,11,6,25.95,27.7,28.35,22.85
Rajshahi,2020,11,7,25.9,27.3,28,23.05
Rajshahi,2020,11,8,26.05,27.3,28.45,24.95
Rajshahi,2020,11,9,26.35,26.55,27.1,24.95
Rajshahi,2020,11,10,26.25,26.7,27.3,24.9
Rajshahi,2020,11,11,26.25,27.05,27.3,25.15
Rajshahi,2020,11,12,26.3,27,27.4,25.15
Rajshahi,2020,11,13,26.45,27.2,27.65,25.35
Rajshahi,2020,11,14,26.2,26.85,27.3,24.15
Rajshahi,2020,11,15,25.5,26.7,26.55,24.8
Rajshahi,2020,11,16,25.7,26.45,26.9,24.4
Rajshahi,2020,11,17,25.8,26.45,26.65,24.6
Rajshahi,2020,11,18,25.6,26.1,26.45,22.9
Rajshahi,2020,11,19,25.5,26.15,26.4,24.45
Rajshahi,2020,11,20,25.3,26,26.4,24.15
Rajshahi,2020,11,21,25.6,26.3,26.85,24.15
Rajshahi,2020,11,22,24.8,26.15,26.85,21.25
Rajshahi,2020,11,23,23.2,24.8,25.7,19.2
Rajshahi,2020,11,24,23.3,24.6,25.5,20.5
Rajshahi,2020,11,25,22.9,24.3,25,22
Rajshahi,2020,11,26,22.85,24.35,25.05,21.6
Rajshahi,2020,11,27,22.75,23.7,23.55,21.25
Rajshahi,2020,11,28,23.7,24.2,24.85,21.6
Rajshahi,2020,11,29,23.5,23.8,24.7,22.05
Rajshahi,2020,11,30,22.4,24,24.55,22.2
Rajshahi,2020,12,1,22.85,23.9,24.2,22.5
Rajshahi,2020,12,2,22.5,23.8,24.25,21.35
Rajshahi,2020,12,3,22.5,23.85,23.75,26.2
Rajshahi,2020,12,4,22.5,23.9,24.2,21
Rajshahi,2020,12,5,22,23.3,23.9,20.4
Rajshahi,2020,12,6,21.95,23.3,23.75,20.65
Rajshahi,2020,12,7,22.7,23.45,23.8,21.3
Rajshahi,2020,12,8,22.2,23.55,23.25,22.2
Rajshahi,2020,12,9,23,23.35,23.7,20.75
Rajshahi,2020,12,10,21.95,23.65,24,18
Rajshahi,2020,12,11,21.65,23,23.2,18.25
Rajshahi,2020,12,12,21.3,22.8,23.35,19.5
Rajshahi,2020,12,13,21.9,22.45,22.95,20.45
Rajshahi,2020,12,14,21.55,22.6,22.9,19.9
Rajshahi,2020,12,15,22.15,22.9,23.2,19.6
Rajshahi,2020,12,16,22.15,23.1,23.2,21.3
Rajshahi,2020,12,17,21.45,22.7,23.2,19.8
Rajshahi,2020,12,18,21,21.9,22.55,17.5
Rajshahi,2020,12,19,20.2,21.75,22.6,14.85
Rajshahi,2020,12,20,18.5,20.7,21.8,16.95
Rajshahi,2020,12,21,18.65,20.55,21.4,17.55
Rajshahi,2020,12,22,19,20.5,21.35,18.2
Rajshahi,2020,12,23,19.3,20.7,21.3,19.5
Rajshahi,2020,12,24,19.75,20.8,26.5,18.7
Rajshahi,2020,12,25,19.5,20.9,21.35,18.05
Rajshahi,2020,12,26,18.95,20.7,21.25,17.05
Rajshahi,2020,12,27,18.7,20.1,20.45,15.9
Rajshahi,2020,12,28,18.5,19.85,20.7,16.15
Rajshahi,2020,12,29,17.85,19.4,19.8,16.35
Rajshahi,2020,12,30,18.35,19.9,20.65,18.9
Rajshahi,2020,12,31,18.7,19.95,20.6,17.8
Rajshahi,2021,1,1,19.24,20.17,20.26,18.6
Rajshahi,2021,1,2,19.94,21.15,21.32,18
Rajshahi,2021,1,3,19.32,20.4,20.41,18.65
Rajshahi,2021,1,4,19.99,20.97,21.18,18.95
Rajshahi,2021,1,5,20.29,21.05,21.18,19.7
Rajshahi,2021,1,6,21.11,21.42,21.41,20.7
Rajshahi,2021,1,7,22.02,22.37,22.02,21.85
Rajshahi,2021,1,8,23.09,23.76,23.54,20.55
Rajshahi,2021,1,9,21.66,22.36,22.39,20.9
Rajshahi,2021,1,10,22.1,22.98,23.06,20.5
Rajshahi,2021,1,11,21.73,22.55,22.61,21.25
Rajshahi,2021,1,12,22.36,23.22,23.13,18.9
Rajshahi,2021,1,13,20.9,21.69,21.91,19.45
Rajshahi,2021,1,14,20.83,21,21.15,15.95
Rajshahi,2021,1,15,18.02,19.17,19.51,15.5
Rajshahi,2021,1,16,17.74,19.1,19.42,14.8
Rajshahi,2021,1,17,17.87,19.36,20.11,16.1
Rajshahi,2021,1,18,18.52,19.47,20.2,17.35
Rajshahi,2021,1,19,18.75,19.71,20.09,18.9
Rajshahi,2021,1,20,20.1,21.16,21.45,18.85
Rajshahi,2021,1,21,20.79,21.54,21.8,17
Rajshahi,2021,1,22,18.82,19.81,20.39,14.55
Rajshahi,2021,1,23,17.79,19.36,19.92,14.65
Rajshahi,2021,1,24,17.64,19.18,19.82,17.1
Rajshahi,2021,1,25,18.74,19.77,20.27,16.85
Rajshahi,2021,1,26,18.95,19.97,20.47,17.1
Rajshahi,2021,1,27,18.58,19.55,20.03,16.35
Rajshahi,2021,1,28,18.32,19.45,20.1,16
Rajshahi,2021,1,29,17.98,19.03,19.5,16.45
Rajshahi,2021,1,30,18.48,19.5,19.99,16.35
Rajshahi,2021,1,31,18.16,19.27,19.88,16.3
Rajshahi,2021,2,1,18.46,19.87,20.35,14.5
Rajshahi,2021,2,2,16.87,18.39,18.89,15.75
Rajshahi,2021,2,3,17.85,18.83,19.13,16.5
Rajshahi,2021,2,4,18.17,18.91,19.25,18.6
Rajshahi,2021,2,5,19.8,20.38,20.47,19.65
Rajshahi,2021,2,6,20.81,20.59,20.45,19.35
Rajshahi,2021,2,7,20.19,21.07,21.21,19.6
Rajshahi,2021,2,8,20.31,21.24,21.52,19.35
Rajshahi,2021,2,9,20.78,21.44,21.63,18.2
Rajshahi,2021,2,10,19.75,20.43,20.53,19.15
Rajshahi,2021,2,11,20.17,20.91,21.15,20.15
Rajshahi,2021,2,12,21.38,22.01,21.69,19.8
Rajshahi,2021,2,13,20.69,21.44,21.38,21.4
Rajshahi,2021,2,14,22.63,22.98,22.3,21.1
Rajshahi,2021,2,15,22.22,23,22.76,21.2
Rajshahi,2021,2,16,22.18,22.69,22.28,21
Rajshahi,2021,2,17,22.16,22.48,21.99,21.7
Rajshahi,2021,2,18,22.8,23.22,22.74,21.85
Rajshahi,2021,2,19,22.99,23.71,23.32,23.1
Rajshahi,2021,2,20,24.18,24.26,24.16,23.2
Rajshahi,2021,2,21,24.12,24.37,24.28,22.05
Rajshahi,2021,2,22,23.54,23.63,22.97,22.2
Rajshahi,2021,2,23,23.79,23.79,23.12,22.5
Rajshahi,2021,2,24,23.82,23.8,23.53,22.9
Rajshahi,2021,2,25,24.64,24.33,24.03,25.05
Rajshahi,2021,2,26,26.24,26,25.55,25.3
Rajshahi,2021,2,27,26.47,26.18,25.58,25.35
Rajshahi,2021,2,28,26.53,26.29,25.89,26.65
Rajshahi,2021,3,1,27.54,27.04,26.31,26.1
Rajshahi,2021,3,2,27.51,27.21,26.64,24.6
Rajshahi,2021,3,3,26.07,25.83,25.23,24.75
Rajshahi,2021,3,4,26.21,26.31,25.96,23.35
Rajshahi,2021,3,5,24.49,24.65,24.3,25
Rajshahi,2021,3,6,25.96,26.01,25.42,25.7
Rajshahi,2021,3,7,27.36,27.04,26.22,25.05
Rajshahi,2021,3,8,26.27,25.72,25.08,25.5
Rajshahi,2021,3,9,27.52,25.93,25.89,27.85
Rajshahi,2021,3,10,30.1,29.82,29.27,26.7
Rajshahi,2021,3,11,28.5,28.76,28.58,26.2
Rajshahi,2021,3,12,27.87,26.87,26.01,28
Rajshahi,2021,3,13,30.08,29.69,28.99,26.5
Rajshahi,2021,3,14,28.97,29.28,29.08,23.5
Rajshahi,2021,3,15,24.47,24.59,24.08,25.65
Rajshahi,2021,3,16,27.28,26.92,26.12,26.35
Rajshahi,2021,3,17,27.83,26.98,26.27,26.2
Rajshahi,2021,3,18,27.54,27.03,26.43,26.5
Rajshahi,2021,3,19,27.49,26.93,25.95,27.3
Rajshahi,2021,3,20,28.34,27.87,27.04,27.75
Rajshahi,2021,3,21,29.19,28.78,27.59,28.8
Rajshahi,2021,3,22,30.54,29.76,28.67,28.75
Rajshahi,2021,3,23,30.4,29.58,28.45,28.4
Rajshahi,2021,3,24,30.1,29.25,28.16,30.5
Rajshahi,2021,3,25,32.01,31.56,30.58,28.05
Rajshahi,2021,3,26,30.01,29.09,27.93,28.15
Rajshahi,2021,3,27,29.99,29.18,28.24,27.3
Rajshahi,2021,3,28,28.74,28.15,27.29,28.3
Rajshahi,2021,3,29,29.79,29.14,28.02,28.55
Rajshahi,2021,3,30,30.04,29.74,28.99,30.95
Rajshahi,2021,3,31,32.15,32.01,31.22,28.4
Rajshahi,2021,4,1,30.29,30.2,29.82,30.9
Rajshahi,2021,4,2,31.98,31.64,30.33,30.1
Rajshahi,2021,4,3,31.25,30.52,29.16,30.2
Rajshahi,2021,4,4,31.74,31.19,29.93,30
Rajshahi,2021,4,5,32.03,31.23,30.14,25.9
Rajshahi,2021,4,6,27.8,27.12,26.11,27.4
Rajshahi,2021,4,7,28.52,27.88,26.87,28.9
Rajshahi,2021,4,8,30.66,30.55,29.85,29.8
Rajshahi,2021,4,9,31.35,31.67,31.15,28.9
Rajshahi,2021,4,10,31.03,30.81,30.25,29.4
Rajshahi,2021,4,11,30.89,30.32,28.99,31
Rajshahi,2021,4,12,32.27,31.96,31.02,29.1
Rajshahi,2021,4,13,30.48,30.24,29.2,31.55
Rajshahi,2021,4,14,33.12,32.45,31.04,31.65
Rajshahi,2021,4,15,33.07,32.28,30.89,31.15
Rajshahi,2021,4,16,31.89,32.12,31.06,30.25
Rajshahi,2021,4,17,31.99,31.63,30.75,28.65
Rajshahi,2021,4,18,29.93,29.54,29.05,28.8
Rajshahi,2021,4,19,30.45,30.29,29.65,31.25
Rajshahi,2021,4,20,33.41,32.28,30.86,31.65
Rajshahi,2021,4,21,33.07,32.1,31.04,32.75
Rajshahi,2021,4,22,34.15,33.97,32.89,27.7
Rajshahi,2021,4,23,29.65,29.41,28.76,29.3
Rajshahi,2021,4,24,30.7,30.21,29.25,30.65
Rajshahi,2021,4,25,31.65,31.42,30.13,31.45
Rajshahi,2021,4,26,32.7,31.81,30.95,32.15
Rajshahi,2021,4,27,33.43,33.12,32.03,32.3
Rajshahi,2021,4,28,33.78,33.28,32.34,33.1
Rajshahi,2021,4,29,34.56,33.72,32.82,30.75
Rajshahi,2021,4,30,32.6,32.08,30.96,29.45
Rajshahi,2021,5,1,31.45,30.87,30.33,28.1
Rajshahi,2021,5,2,30.08,29.76,29.07,29.6
Rajshahi,2021,5,3,31.32,31.14,30.43,29.6
Rajshahi,2021,5,4,31.53,31.47,30.81,27
Rajshahi,2021,5,5,29.05,29.02,28.53,28.5
Rajshahi,2021,5,6,30.87,30.82,30.34,27.75
Rajshahi,2021,5,7,29.81,29.45,28.76,28.9
Rajshahi,2021,5,8,31.38,31.15,30.57,27.35
Rajshahi,2021,5,9,30.05,30.06,29.75,27.3
Rajshahi,2021,5,10,30.25,30.4,30.07,28.85
Rajshahi,2021,5,11,31.18,31.06,30.55,27
Rajshahi,2021,5,12,29.92,30.14,29.72,26.9
Rajshahi,2021,5,13,29.36,29.39,29.09,27.2
Rajshahi,2021,5,14,29.46,29.36,28.84,29.4
Rajshahi,2021,5,15,31.47,31.27,30.53,30.9
Rajshahi,2021,5,16,32.39,32.21,31.47,30.25
Rajshahi,2021,5,17,31.8,31.66,30.78,31.75
Rajshahi,2021,5,18,33.36,32.91,31.69,31.4
Rajshahi,2021,5,19,32.76,32.44,31.58,31.1
Rajshahi,2021,5,20,32.52,32.32,31.51,31.3
Rajshahi,2021,5,21,32.45,32.38,31.66,30.45
Rajshahi,2021,5,22,32.09,32.1,31.46,31.4
Rajshahi,2021,5,23,32.94,32.5,31.68,33.15
Rajshahi,2021,5,24,34.6,34.32,32.96,33.2
Rajshahi,2021,5,25,34.32,34.28,33.08,28.15
Rajshahi,2021,5,26,31.29,31.14,30.75,28.3
Rajshahi,2021,5,27,30.84,31.1,30.74,28.5
Rajshahi,2021,5,28,31.24,31.17,30.72,31.2
Rajshahi,2021,5,29,32.22,32.24,31.58,30.55
Rajshahi,2021,5,30,31.85,31.93,31.11,30.45
Rajshahi,2021,5,31,31.77,32.02,31.5,29.35
Rajshahi,2021,6,1,31.6,31.4,31.04,30.55
Rajshahi,2021,6,2,31.7,32.01,31.54,29.4
Rajshahi,2021,6,3,31.29,31.35,30.75,31.8
Rajshahi,2021,6,4,32.77,32.59,31.83,31.9
Rajshahi,2021,6,5,32.75,33.16,32.34,30.85
Rajshahi,2021,6,6,32.65,32.18,31.21,30.8
Rajshahi,2021,6,7,32.4,32.27,31.38,31.35
Rajshahi,2021,6,8,33.01,32.54,31.59,30.65
Rajshahi,2021,6,9,32.08,32.1,31.26,30.95
Rajshahi,2021,6,10,32.34,32.26,31.66,31.65
Rajshahi,2021,6,11,32.81,32.56,31.81,29.7
Rajshahi,2021,6,12,32.03,31.78,31.35,30.1
Rajshahi,2021,6,13,32.05,32.03,31.44,30
Rajshahi,2021,6,14,32.22,31.94,31.39,30.3
Rajshahi,2021,6,15,32.25,31.85,31.53,30.6
Rajshahi,2021,6,16,32.06,32.04,31.45,27.5
Rajshahi,2021,6,17,30.47,30.57,30.02,27.7
Rajshahi,2021,6,18,30.98,31.11,30.68,27.9
Rajshahi,2021,6,19,30.78,30.99,30.55,25.8
Rajshahi,2021,6,20,29.28,29.42,29.34,28.3
Rajshahi,2021,6,21,30.91,31.08,30.66,29.4
Rajshahi,2021,6,22,31.62,31.49,30.82,30.45
Rajshahi,2021,6,23,32.22,31.9,31.53,30.75
Rajshahi,2021,6,24,32.52,32.28,31.62,31.15
Rajshahi,2021,6,25,32.42,32.28,31.63,31
Rajshahi,2021,6,26,32.23,32.26,31.79,31.3
Rajshahi,2021,6,27,32.33,32.26,31.71,31.5
Rajshahi,2021,6,28,32.35,32.41,31.77,31
Rajshahi,2021,6,29,32.18,32.19,31.62,28.75
Rajshahi,2021,6,30,30.83,31.14,30.93,29.3
Rajshahi,2021,7,1,31.87,31.55,31.19,26.2
Rajshahi,2021,7,2,29.71,29.62,29.83,28.3
Rajshahi,2021,7,3,31.15,31.14,30.71,30.75
Rajshahi,2021,7,4,32.06,32.2,31.54,30.55
Rajshahi,2021,7,5,32.19,32.14,31.4,31.1
Rajshahi,2021,7,6,32.21,32.17,31.51,31.5
Rajshahi,2021,7,7,32.48,32.48,31.84,29.35
Rajshahi,2021,7,8,31.72,31.6,31.25,29.4
Rajshahi,2021,7,9,31.86,31.71,31.35,31
Rajshahi,2021,7,10,32.34,32.23,31.69,31.1
Rajshahi,2021,7,11,32.23,32.28,31.71,31
Rajshahi,2021,7,12,32.13,32.18,31.61,31.15
Rajshahi,2021,7,13,31.99,32.14,31.52,31.35
Rajshahi,2021,7,14,32.48,32.39,31.69,31.25
Rajshahi,2021,7,15,32.49,32.38,31.71,31
Rajshahi,2021,7,16,32.14,32.27,31.71,31.65
Rajshahi,2021,7,17,32.57,32.54,31.85,31.25
Rajshahi,2021,7,18,31.84,32.1,31.62,30.7
Rajshahi,2021,7,19,32.16,32.1,31.34,30.4
Rajshahi,2021,7,20,32.22,32.14,31.56,27.25
Rajshahi,2021,7,21,30.81,30.78,30.53,29.8
Rajshahi,2021,7,22,31.82,31.87,31.15,31.5
Rajshahi,2021,7,23,32.36,32.41,31.74,30.25
Rajshahi,2021,7,24,32.06,32.06,31.62,30.1
Rajshahi,2021,7,25,32.02,32.05,31.55,30.9
Rajshahi,2021,7,26,32.19,32.12,31.51,32.15
Rajshahi,2021,7,27,33.6,33.26,32.56,31.3
Rajshahi,2021,7,28,32.2,32.18,31.66,30.75
Rajshahi,2021,7,29,32.17,32.1,31.5,29.35
Rajshahi,2021,7,30,31.46,31.51,31.28,29.2
Rajshahi,2021,7,31,31.29,31.39,31.06,29.4
Rajshahi,2021,8,1,31.59,31.67,31.05,30.7
Rajshahi,2021,8,2,31.86,32.09,31.53,29.8
Rajshahi,2021,8,3,31.46,31.71,31.36,30.15
Rajshahi,2021,8,4,31.92,31.97,31.42,29.9
Rajshahi,2021,8,5,31.68,31.85,31.39,30.9
Rajshahi,2021,8,6,32.11,32.06,31.32,30.2
Rajshahi,2021,8,7,31.47,31.82,31.52,30.55
Rajshahi,2021,8,8,31.85,32.07,31.48,30.6
Rajshahi,2021,8,9,32.1,32.12,31.55,31.2
Rajshahi,2021,8,10,32.05,32.19,31.61,30.15
Rajshahi,2021,8,11,31.56,31.91,31.31,29.6
Rajshahi,2021,8,12,31,31.72,31.19,29.7
Rajshahi,2021,8,13,31.34,31.63,31.33,27.85
Rajshahi,2021,8,14,30.87,31.22,30.94,30.6
Rajshahi,2021,8,15,32,32.02,31.44,31.4
Rajshahi,2021,8,16,32.27,32.3,31.73,29.6
Rajshahi,2021,8,17,31.8,31.8,31.43,30
Rajshahi,2021,8,18,31.8,31.77,31.41,30.4
Rajshahi,2021,8,19,32.06,32.04,31.46,30.5
Rajshahi,2021,8,20,32.11,32.05,31.42,30.65
Rajshahi,2021,8,21,32.03,32.11,31.53,30.05
Rajshahi,2021,8,22,31.81,31.94,31.41,30.45
Rajshahi,2021,8,23,31.95,31.94,31.3,30.3
Rajshahi,2021,8,24,32.02,31.98,31.42,30.6
Rajshahi,2021,8,25,32.01,32.05,31.41,31.2
Rajshahi,2021,8,26,32.17,32.12,31.61,29.3
Rajshahi,2021,8,27,31.22,31.22,31.14,29.65
Rajshahi,2021,8,28,31.81,31.66,31.28,30.9
Rajshahi,2021,8,29,32.17,32.27,31.65,30.25
Rajshahi,2021,8,30,32.03,32.04,31.52,30
Rajshahi,2021,8,31,31.82,31.89,31.41,31.1
Rajshahi,2021,9,1,32.11,32.13,31.51,30.8
Rajshahi,2021,9,2,32.13,32.17,31.58,30.4
Rajshahi,2021,9,3,32,32.03,31.53,30.5
Rajshahi,2021,9,4,32.05,32.12,31.5,31.95
Rajshahi,2021,9,5,33.18,33.12,32.26,31.05
Rajshahi,2021,9,6,31.67,32.02,31.56,29.75
Rajshahi,2021,9,7,31.75,31.73,31.24,29.65
Rajshahi,2021,9,8,31.78,31.79,31.44,30.3
Rajshahi,2021,9,9,31.94,32,31.23,30.6
Rajshahi,2021,9,10,32.06,32.1,31.44,31.4
Rajshahi,2021,9,11,32.34,32.34,31.64,30.3
Rajshahi,2021,9,12,32.17,31.99,31.36,31.5
Rajshahi,2021,9,13,32.13,32.36,31.69,30.5
Rajshahi,2021,9,14,31.89,32.08,31.54,27.6
Rajshahi,2021,9,15,30.5,30.94,30.69,29.35
Rajshahi,2021,9,16,31.4,31.39,31.03,30.3
Rajshahi,2021,9,17,32,31.96,31.35,30.65
Rajshahi,2021,9,18,32.08,32,31.35,29.95
Rajshahi,2021,9,19,31.81,31.82,31.38,30.45
Rajshahi,2021,9,20,32.04,32.02,31.45,30
Rajshahi,2021,9,21,32.04,31.98,31.42,29.8
Rajshahi,2021,9,22,31.56,31.79,31.36,28.7
Rajshahi,2021,9,23,31.1,31.2,30.81,30.15
Rajshahi,2021,9,24,32.12,31.91,31.32,31.15
Rajshahi,2021,9,25,32.15,32.1,31.42,31.4
Rajshahi,2021,9,26,32.28,32.3,31.68,31.65
Rajshahi,2021,9,27,32.38,32.44,31.66,30.85
Rajshahi,2021,9,28,32.16,32.06,31.44,28
Rajshahi,2021,9,29,30.73,30.84,30.31,27.8
Rajshahi,2021,9,30,30.73,30.9,30.46,29.75
Rajshahi,2021,10,1,31.47,31.67,31.08,30.7
Rajshahi,2021,10,2,32.1,32.05,31.42,30.5
Rajshahi,2021,10,3,32,32,31.31,30.55
Rajshahi,2021,10,4,31.87,32.03,31.51,29.4
Rajshahi,2021,10,5,31.53,31.6,31.11,29.75
Rajshahi,2021,10,6,31.63,31.68,31.14,30.25
Rajshahi,2021,10,7,32.04,32,31.4,30.75
Rajshahi,2021,10,8,32.13,32.01,31.35,30.7
Rajshahi,2021,10,9,32.06,32.02,31.38,30.6
Rajshahi,2021,10,10,32.06,32.05,31.43,30.5
Rajshahi,2021,10,11,32.02,32.09,31.44,29.85
Rajshahi,2021,10,12,31.63,31.75,31.15,29.55
Rajshahi,2021,10,13,31.37,31.39,30.78,30.8
Rajshahi,2021,10,14,32.09,32.17,31.53,30.45
Rajshahi,2021,10,15,31.54,31.86,31.46,30.35
Rajshahi,2021,10,16,31.93,31.96,31.23,30.4
Rajshahi,2021,10,17,31.78,31.95,31.23,30.5
Rajshahi,2021,10,18,32.05,32.03,31.38,27.85
Rajshahi,2021,10,19,30.95,30.93,30.56,27.8
Rajshahi,2021,10,20,30.7,30.93,30.58,27.6
Rajshahi,2021,10,21,30.45,30.92,30.69,28
Rajshahi,2021,10,22,30.64,30.68,30.21,27.05
Rajshahi,2021,10,23,29,29.07,28.7,27.8
Rajshahi,2021,10,24,30.29,30.1,29.75,27.05
Rajshahi,2021,10,25,29.15,29.43,29.2,26.6
Rajshahi,2021,10,26,28.29,28.95,28.71,27
Rajshahi,2021,10,27,29.11,29.24,28.86,27.15
Rajshahi,2021,10,28,29.52,29.88,29.42,27.15
Rajshahi,2021,10,29,29.4,29.56,29.3,27
Rajshahi,2021,10,30,29.2,29.33,29,26.15
Rajshahi,2021,10,31,28.3,28.89,28.67,26.15
Rajshahi,2021,11,1,28.3,28.77,28.68,25.1
Rajshahi,2021,11,2,26.78,27.29,27.06,24.4
Rajshahi,2021,11,3,26.16,26.91,26.68,25.1
Rajshahi,2021,11,4,26.79,27.33,27.18,23.45
Rajshahi,2021,11,5,24.71,25.57,25.61,23.85
Rajshahi,2021,11,6,25.5,26.01,25.96,23.1
Rajshahi,2021,11,7,24.25,24.86,24.82,24.2
Rajshahi,2021,11,8,25.99,26.32,26.25,24.2
Rajshahi,2021,11,9,26.07,26.46,26.37,24.75
Rajshahi,2021,11,10,26.48,27.04,26.76,24.7
Rajshahi,2021,11,11,26.48,26.73,26.64,24.5
Rajshahi,2021,11,12,26.19,26.6,26.47,24.8
Rajshahi,2021,11,13,26.67,27.18,26.87,23.5
Rajshahi,2021,11,14,25.45,26.38,26.84,22.45
Rajshahi,2021,11,15,24.98,25.88,25.96,24.75
Rajshahi,2021,11,16,27.11,27.35,27.22,23.3
Rajshahi,2021,11,17,24.74,25.63,25.85,22.75
Rajshahi,2021,11,18,23.82,24.4,24.15,23.7
Rajshahi,2021,11,19,25.36,25.84,25.9,23.05
Rajshahi,2021,11,20,24.36,24.98,25.1,22.55
Rajshahi,2021,11,21,23.66,23.79,23.66,23.2
Rajshahi,2021,11,22,24.6,25.46,25.61,23.7
Rajshahi,2021,11,23,25.24,25.53,25.54,24.05
Rajshahi,2021,11,24,25.89,26.29,26.19,22.55
Rajshahi,2021,11,25,23.74,24.02,24.17,20.8
Rajshahi,2021,11,26,21.77,23.2,23.28,20.75
Rajshahi,2021,11,27,22,22.98,23.21,21.5
Rajshahi,2021,11,28,22.75,23.48,23.56,22.15
Rajshahi,2021,11,29,23.3,24.17,24.12,22.3
Rajshahi,2021,11,30,23.59,24.41,24.46,22.55
Rajshahi,2021,12,1,23.85,24.48,24.65,23
Rajshahi,2021,12,2,24.31,24.91,24.94,23
Rajshahi,2021,12,3,24.23,24.85,24.85,22.5
Rajshahi,2021,12,4,23.63,24.02,23.82,21.95
Rajshahi,2021,12,5,24.34,25.14,24.54,23.25
Rajshahi,2021,12,6,25.34,26.26,26.52,22.6
Rajshahi,2021,12,7,24.76,25.77,25.85,23.6
Rajshahi,2021,12,8,25.22,25.93,25.88,23.1
Rajshahi,2021,12,9,24.68,25.47,25.73,22.55
Rajshahi,2021,12,10,23.84,24.42,24.58,22
Rajshahi,2021,12,11,23.07,23.93,23.86,20.75
Rajshahi,2021,12,12,21.82,22.74,22.88,20.6
Rajshahi,2021,12,13,21.77,22.67,22.68,19.6
Rajshahi,2021,12,14,20.41,21.47,21.93,20.15
Rajshahi,2021,12,15,21.57,22.2,22.29,19.1
Rajshahi,2021,12,16,20.31,21.33,21.57,19.45
Rajshahi,2021,12,17,20.25,21.39,21.81,18.9
Rajshahi,2021,12,18,20.03,21.19,21.34,18.9
Rajshahi,2021,12,19,20.07,21.16,21.33,18.15
Rajshahi,2021,12,20,19.61,20.91,21.38,16.4
Rajshahi,2021,12,21,18.42,19.67,20.22,18.6
Rajshahi,2021,12,22,19.98,21.25,21.45,19.75
Rajshahi,2021,12,23,20.39,21.58,21.97,18.65
Rajshahi,2021,12,24,19.94,21.08,21.34,18.55
Rajshahi,2021,12,25,20.05,21.13,21.35,19.1
Rajshahi,2021,12,26,20.17,21.16,21.37,18.75
Rajshahi,2021,12,27,19.91,21.14,21.33,19.05
Rajshahi,2021,12,28,20.49,21.25,21.49,18.85
Rajshahi,2021,12,29,20.08,21.25,21.56,19.35
Rajshahi,2021,12,30,20.76,21.49,21.69,19.9
Rajshahi,2021,12,31,20.81,21.77,21.87,18.95
Rajshahi,2022,1,1,19.7,20.7,21.25,18.1
Rajshahi,2022,1,2,19.7,21,21.55,17.35
Rajshahi,2022,1,3,19.4,17.2,20.45,16.95
Rajshahi,2022,1,4,18.55,19.5,20.05,16.5
Rajshahi,2022,1,5,18.3,20,21,15.85
Rajshahi,2022,1,6,18.7,19.5,20.65,17.85
Rajshahi,2022,1,7,19.15,16.85,20.75,18.85
Rajshahi,2022,1,8,19.8,20.45,20.95,20.5
Rajshahi,2022,1,9,20.1,20.9,21,19.9
Rajshahi,2022,1,10,20,21,20.75,20.35
Rajshahi,2022,1,11,21.15,21.45,21.55,20.4
Rajshahi,2022,1,12,20.7,21.75,21.65,20.3
Rajshahi,2022,1,13,19.4,21.4,21.9,19.75
Rajshahi,2022,1,14,19.8,20.6,20.8,17.15
Rajshahi,2022,1,15,19.8,20.9,21.3,19.1
Rajshahi,2022,1,16,21.4,20.05,21,17.5
Rajshahi,2022,1,17,19.45,20.35,21.05,17.9
Rajshahi,2022,1,18,18.95,19.2,16.9,16.7
Rajshahi,2022,1,19,19.1,20.15,20.9,15.95
Rajshahi,2022,1,20,18.65,19.55,20.75,15.7
Rajshahi,2022,1,21,19.05,20,20.5,17.4
Rajshahi,2022,1,22,19.2,20.2,20.5,18.15
Rajshahi,2022,1,23,18.65,20.1,20.6,16.55
Rajshahi,2022,1,24,20.45,20.3,20.65,20.2
Rajshahi,2022,1,25,20.3,20.65,20.9,19.25
Rajshahi,2022,1,26,20.2,20.8,21,18.2
Rajshahi,2022,1,27,19.95,20.6,21,18.05
Rajshahi,2022,1,28,18.55,20.1,20.7,14.3
Rajshahi,2022,1,29,18.1,19.45,20.3,15.25
Rajshahi,2022,1,30,18.15,19.35,20.1,15.6
Rajshahi,2022,1,31,18.5,19.55,20,16.7
Rajshahi,2022,2,1,18.75,19.1,19.5,18.15
Rajshahi,2022,2,2,19.25,19.85,20.1,17.5
Rajshahi,2022,2,3,20.35,20.3,20.4,20.05
Rajshahi,2022,2,4,18.3,19.85,20.3,16.8
Rajshahi,2022,2,5,18.5,19.5,20.1,16.8
Rajshahi,2022,2,6,17.4,18.9,19.9,16.15
Rajshahi,2022,2,7,17.4,18.9,19.8,16.1
Rajshahi,2022,2,8,18.5,19.6,19.8,17
Rajshahi,2022,2,9,19,19.85,20.3,18.9
Rajshahi,2022,2,10,17.9,19.5,19.75,17.8
Rajshahi,2022,2,11,19,19.45,19.85,20.3
Rajshahi,2022,2,12,19.9,20.3,20.1,17.4
Rajshahi,2022,2,13,20,20.35,20.1,17.45
Rajshahi,2022,2,14,20.1,20.1,20.3,19.2
Rajshahi,2022,2,15,20.45,20.3,20.6,19.05
Rajshahi,2022,2,16,20.65,19.7,19.9,18.4
Rajshahi,2022,2,17,21,20.4,19.9,19.2
Rajshahi,2022,2,18,21.4,21.25,21.1,19.45
Rajshahi,2022,2,19,21.15,21.4,21.1,19.25
Rajshahi,2022,2,20,21.9,21.7,21.35,20.5
Rajshahi,2022,2,21,22.15,21.4,21.5,21
Rajshahi,2022,2,22,22.15,21.8,21.55,20.8
Rajshahi,2022,2,23,22.85,22.2,21.85,21.5
Rajshahi,2022,2,24,23.2,22.7,21.95,22.75
Rajshahi,2022,2,25,21.7,22.4,22,22.55
Rajshahi,2022,2,26,23.55,23.3,23.25,23.2
Rajshahi,2022,2,27,23.6,24.3,23.35,21.7
Rajshahi,2022,2,28,23.5,22.7,22.35,22.5
Rajshahi,2022,3,1,23.75,23.3,22.8,22.2
Rajshahi,2022,3,2,24.4,23.65,23,23.15
Rajshahi,2022,3,3,24.7,24,23.3,23
Rajshahi,2022,3,4,25.1,24.1,23.5,23
Rajshahi,2022,3,5,25.3,24.6,23.8,24.15
Rajshahi,2022,3,6,25.6,24.85,24,23.75
Rajshahi,2022,3,7,25.85,25.05,24.25,25.2
Rajshahi,2022,3,8,26.3,25.2,24.05,24.75
Rajshahi,2022,3,9,26.4,25.75,24.75,24.15
Rajshahi,2022,3,10,26.3,25.4,25,24.35
Rajshahi,2022,3,11,26.7,25.95,25,24.5
Rajshahi,2022,3,12,27.05,26.1,25,25
Rajshahi,2022,3,13,27.1,26.45,25.3,24.9
Rajshahi,2022,3,14,28.1,26.6,25.5,26.3
Rajshahi,2022,3,15,28.35,26.95,25.85,26.3
Rajshahi,2022,3,16,28.7,27.35,26,28.8
Rajshahi,2022,3,17,28.95,27.8,26.5,28.55
Rajshahi,2022,3,18,30.15,28.1,26.85,29.6
Rajshahi,2022,3,19,30.2,28.5,27.05,29.8
Rajshahi,2022,3,20,30.2,29,27.2,29.55
Rajshahi,2022,3,21,30.05,28.9,27.6,28.9
Rajshahi,2022,3,22,31.15,29.2,27.9,30.35
Rajshahi,2022,3,23,31.4,29.7,28.15,30.35
Rajshahi,2022,3,24,31.7,30.1,28.25,31.05
Rajshahi,2022,3,25,31.9,30.2,28.25,31.3
Rajshahi,2022,3,26,32.3,30.6,29,32.15
Rajshahi,2022,3,27,32.1,31.05,29.3,31.45
Rajshahi,2022,3,28,32.7,31.1,29.55,31.65
Rajshahi,2022,3,29,31.8,30.9,29.8,29.3
Rajshahi,2022,3,30,31.5,30.85,29.75,29.6
Rajshahi,2022,3,31,32.3,30.8,29.75,30.6
Rajshahi,2022,4,1,32.8,31.4,30,31.8
Rajshahi,2022,4,2,31.9,31.3,30.15,30
Rajshahi,2022,4,3,31.25,30.9,30,30.1
Rajshahi,2022,4,4,32.65,31.2,30,31.4
Rajshahi,2022,4,5,32.95,31.6,30.45,31.15
Rajshahi,2022,4,6,33.3,31.85,30.2,31.8
Rajshahi,2022,4,7,32.8,31.9,30.75,30.35
Rajshahi,2022,4,8,32.3,31.9,30.25,30.65
Rajshahi,2022,4,9,32.7,31.9,30.85,29.95
Rajshahi,2022,4,10,32.95,31.9,30.8,31
Rajshahi,2022,4,11,33.2,32.1,30.5,31.15
Rajshahi,2022,4,12,33.3,32.1,31,31.6
Rajshahi,2022,4,13,33.55,32.4,31,31.75
Rajshahi,2022,4,14,33.4,32.7,31.15,31.85
Rajshahi,2022,4,15,34,32.6,31.2,33.45
Rajshahi,2022,4,16,34.5,33.15,31.65,32.65
Rajshahi,2022,4,17,34.6,33.25,32,31.85
Rajshahi,2022,4,18,34.85,33.25,32,31.85
Rajshahi,2022,4,19,34.7,33.15,32,31.4
Rajshahi,2022,4,20,30.35,32.55,31.9,25.0605
Rajshahi,2022,4,21,29.5,30.4,30.65,27.65
Rajshahi,2022,4,22,30.2,30.7,30.4,29.7
Rajshahi,2022,4,23,32.2,30.7,30.25,31.05
Rajshahi,2022,4,24,34.6,32.5,30.9,33.1
Rajshahi,2022,4,25,34.45,32.9,31.3,25.1
Rajshahi,2022,4,26,35.1,33.55,32,33.35
Rajshahi,2022,4,27,36.5,34.2,32.35,33.45
Rajshahi,2022,4,28,35.65,34.25,32.7,32.15
Rajshahi,2022,4,29,35.4,34.3,32.75,32.2
Rajshahi,2022,4,30,34.05,33.5,32.05,29.75
Rajshahi,2022,5,1,34.25,33.45,32.25,29.4
Rajshahi,2022,5,2,31.8,32.85,32.1,28.1
Rajshahi,2022,5,3,28.35,30.6,31.1,23.25
Rajshahi,2022,5,4,29.25,29.3,30,27.35
Rajshahi,2022,5,5,30.45,29.75,30,29.5
Rajshahi,2022,5,6,30.5,30.7,30.1,29.35
Rajshahi,2022,5,7,30.95,29.75,30.2,29.8
Rajshahi,2022,5,8,32,31.15,30.6,29.6
Rajshahi,2022,5,9,32.4,31.75,30.9,30.6
Rajshahi,2022,5,10,30.2,31.6,31,28.45
Rajshahi,2022,5,11,30.9,30.95,30.85,29.2
Rajshahi,2022,5,12,31.55,31.2,30.75,30.7
Rajshahi,2022,5,13,31.25,31.5,31,31.5
Rajshahi,2022,5,14,31,30.95,30.8,29.25
Rajshahi,2022,5,15,31.8,31.6,31,30.3
Rajshahi,2022,5,16,32.65,32,31.1,31.25
Rajshahi,2022,5,17,32.3,31.95,31.25,23.9
Rajshahi,2022,5,18,32.7,32.2,31.25,31.6
Rajshahi,2022,5,19,33.65,32.7,31.65,26.9
Rajshahi,2022,5,20,31.3,32.05,31.7,29
Rajshahi,2022,5,21,30.8,31.55,31.2,26.9
Rajshahi,2022,5,22,30.4,31.1,30.9,28.3
Rajshahi,2022,5,23,31.6,31.15,30.95,30.55
Rajshahi,2022,5,24,32.05,31.65,31,30.05
Rajshahi,2022,5,25,32.65,32.25,31.3,30.4
Rajshahi,2022,5,26,32.95,32.3,31.45,29.85
Rajshahi,2022,5,27,32.4,32.3,31.8,29.2
Rajshahi,2022,5,28,32.05,32.2,31.35,30.15
Rajshahi,2022,5,29,31.55,31.8,30.35,28.85
Rajshahi,2022,5,30,32.15,31.9,31.3,30.9
Rajshahi,2022,5,31,32.6,32.25,31.6,31.25
Rajshahi,2022,6,1,32.35,32.5,31.75,31.1
Rajshahi,2022,6,2,33.1,32.85,32,31.6
Rajshahi,2022,6,3,33.35,32.7,32,31.15
Rajshahi,2022,6,4,33.15,33,32.1,31.85
Rajshahi,2022,6,5,33.05,32.7,32,31.4
Rajshahi,2022,6,6,33.05,33,32.15,31.2
Rajshahi,2022,6,7,32.65,32.7,32.1,31.15
Rajshahi,2022,6,8,33.15,32.85,32,31.4
Rajshahi,2022,6,9,32.25,32,32.1,26.9
Rajshahi,2022,6,10,31.7,31.75,31.55,29.2
Rajshahi,2022,6,11,32.25,32,31.65,31
Rajshahi,2022,6,12,32.8,32.35,31.8,32.1
Rajshahi,2022,6,13,33.05,32.7,32,32.35
Rajshahi,2022,6,14,32.6,32.65,32,30.35
Rajshahi,2022,6,15,31.8,32.4,32,30
Rajshahi,2022,6,16,32.2,32.45,32,30.75
Rajshahi,2022,6,17,30.5,31.9,31.85,28.6
Rajshahi,2022,6,18,30.7,31.1,31.25,28.4
Rajshahi,2022,6,19,31.6,31.5,31.05,30.05
Rajshahi,2022,6,20,31.7,31.6,31.35,29.5
Rajshahi,2022,6,21,31.6,31.9,31.4,30.65
Rajshahi,2022,6,22,31.25,31.8,31.45,29.05
Rajshahi,2022,6,23,31.9,31.55,31.1,30.95
Rajshahi,2022,6,24,32.65,32.25,31.4,31.5
Rajshahi,2022,6,25,31.7,32.15,31.6,30.8
Rajshahi,2022,6,26,32.65,32.3,31.75,31.1
Rajshahi,2022,6,27,32.65,32.4,32,31.45
Rajshahi,2022,6,28,32.45,32.6,32,30.6
Rajshahi,2022,6,29,32.45,32.55,32,31.15
Rajshahi,2022,6,30,32.65,32.4,32.1,31.2
Rajshahi,2022,7,1,32.3,32.55,32,31.9
Rajshahi,2022,7,2,33.05,33,32.2,32.05
Rajshahi,2022,7,3,32.45,32.75,32.15,31
Rajshahi,2022,7,4,33.05,32.85,32.2,31.85
Rajshahi,2022,7,5,32.85,33.1,32.5,32.4
Rajshahi,2022,7,6,33.65,33.05,32.2,31.65
Rajshahi,2022,7,7,35.15,33.6,32.65,32.4
Rajshahi,2022,7,8,34.1,33.9,32.8,32.2
Rajshahi,2022,7,9,34.25,34.25,33.1,32.3
Rajshahi,2022,7,10,34.2,34.2,33.4,32.2
Rajshahi,2022,7,11,35.55,34.6,33.6,31.75
Rajshahi,2022,7,12,35.95,35,33.85,32.1
Rajshahi,2022,7,13,36.5,35,33.8,32.85
Rajshahi,2022,7,14,37.25,35.7,34,33.5
Rajshahi,2022,7,15,36.6,35.5,34.25,32.1
Rajshahi,2022,7,16,35.2,35.05,34,31.9
Rajshahi,2022,7,17,34.8,34.8,33.9,31.95
Rajshahi,2022,7,18,35.9,34.7,34.05,32.35
Rajshahi,2022,7,19,35.7,35.2,34,32.65
Rajshahi,2022,7,20,35.4,35,34.05,32.25
Rajshahi,2022,7,21,35,34.65,33.9,32.75
Rajshahi,2022,7,22,34.75,34.35,33.85,32
Rajshahi,2022,7,23,34.05,34.3,33.7,32
Rajshahi,2022,7,24,33.6,34,33.35,30.2
Rajshahi,2022,7,25,31.25,32.9,32.45,29.8
Rajshahi,2022,7,26,31.1,31.9,32.15,29.4
Rajshahi,2022,7,27,32.1,32.05,32,31.1
Rajshahi,2022,7,28,31.05,32.2,32,30.25
Rajshahi,2022,7,29,30.6,31.5,31.9,30.35
Rajshahi,2022,7,30,31.8,31.8,31.6,31.15
Rajshahi,2022,7,31,30.55,31.95,31.8,30.4
Rajshahi,2022,8,1,28.95,30.5,31.1,26.8
Rajshahi,2022,8,2,30.45,30.3,30.35,29.95
Rajshahi,2022,8,3,30.4,31.05,30.85,30.85
Rajshahi,2022,8,4,30.8,30.3,29.9,29.8
Rajshahi,2022,8,5,32.3,31.25,30.85,31.95
Rajshahi,2022,8,6,31.9,31.9,31.1,30.8
Rajshahi,2022,8,7,32.1,31.75,31.3,31.4
Rajshahi,2022,8,8,31.6,31.75,31.35,31.4
Rajshahi,2022,8,9,31.85,32,31.75,30.7
Rajshahi,2022,8,10,30.85,31.6,31.35,29.5
Rajshahi,2022,8,11,31.2,31.45,31.3,29.9
Rajshahi,2022,8,12,32,31.5,31,30.95
Rajshahi,2022,8,13,32.4,32.15,31.45,31.1
Rajshahi,2022,8,14,30.6,31.9,31.65,29.75
Rajshahi,2022,8,15,30.35,31.25,31.2,29.7
Rajshahi,2022,8,16,31.65,31.25,31.05,30.95
Rajshahi,2022,8,17,32.7,32,31.55,32
Rajshahi,2022,8,18,33.15,32.7,31.9,32.4
Rajshahi,2022,8,19,30.8,31.9,31.85,29.05
Rajshahi,2022,8,20,30.1,31.4,31.35,30.45
Rajshahi,2022,8,21,31.5,31.2,31.2,30.9
Rajshahi,2022,8,22,32.6,31.95,31.45,31.85
Rajshahi,2022,8,23,32.25,32.3,31.8,29.5
Rajshahi,2022,8,24,31.55,31.9,31.5,30.15
Rajshahi,2022,8,25,32.2,31.9,31.55,30.75
Rajshahi,2022,8,26,32.65,32.25,31.8,31.3
Rajshahi,2022,8,27,32.8,32.5,32,32.25
Rajshahi,2022,8,28,32.3,32.7,32.2,31.6
Rajshahi,2022,8,29,32.25,32.4,32.05,31.8
Rajshahi,2022,8,30,32.25,32.65,32,30.45
Rajshahi,2022,8,31,30.3,31.4,31.6,32.2
Rajshahi,2022,9,1,30.25,31.1,31.2,29.6
Rajshahi,2022,9,2,30.5,31.55,31.45,29.8
Rajshahi,2022,9,3,31.9,31.6,31.45,30.5
Rajshahi,2022,9,4,31.5,32,31.55,30.05
Rajshahi,2022,9,5,32.05,32.15,31.8,30.85
Rajshahi,2022,9,6,30.6,31.8,31.7,28.6
Rajshahi,2022,9,7,30.8,31.45,31.5,30.25
Rajshahi,2022,9,8,31.6,31.6,31.3,31.05
Rajshahi,2022,9,9,32.4,32.2,31.7,31.5
Rajshahi,2022,9,10,32.2,32.35,31.9,31.55
Rajshahi,2022,9,11,31.45,32.1,31.95,30.25
Rajshahi,2022,9,12,30.45,31.55,31.75,28.1
Rajshahi,2022,9,13,28.65,30.45,31.05,26.8
Rajshahi,2022,9,14,27.75,30.05,30.65,26.9
Rajshahi,2022,9,15,27.85,30,30.6,29.75
Rajshahi,2022,9,16,28.45,29.7,30.35,27.85
Rajshahi,2022,9,17,30.85,29.9,30.1,30.85
Rajshahi,2022,9,18,31.25,31.15,30.7,30.1
Rajshahi,2022,9,19,31.85,31.65,30.9,31.4
Rajshahi,2022,9,20,31.5,31.6,31.15,30.6
Rajshahi,2022,9,21,31.4,31.8,31.2,31.05
Rajshahi,2022,9,22,32,31.85,31.2,30.85
Rajshahi,2022,9,23,31.55,32,31.25,30.55
Rajshahi,2022,9,24,31.55,32,31.5,29.7
Rajshahi,2022,9,25,31.65,32,31.55,30.85
Rajshahi,2022,9,26,31.9,31.95,31.5,31.4
Rajshahi,2022,9,27,31.5,31.95,31.45,30.8
Rajshahi,2022,9,28,31.95,32.2,31.8,30.5
Rajshahi,2022,9,29,31.6,32.1,31.85,29.85
Rajshahi,2022,9,30,31.6,32,31.55,30.35
Rajshahi,2022,10,1,32.4,31.95,31.6,31.2
Rajshahi,2022,10,2,31.15,32.05,31.75,28.95
Rajshahi,2022,10,3,30.5,31.45,31.45,29.25
Rajshahi,2022,10,4,30.6,31.1,31.05,29.55
Rajshahi,2022,10,5,31.4,31.45,31.1,30.7
Rajshahi,2022,10,6,30.75,31.75,31.3,29.4
Rajshahi,2022,10,7,31.25,31.45,31.1,30.05
Rajshahi,2022,10,8,31.85,31.85,31.35,31
Rajshahi,2022,10,9,31.75,31.95,31.45,31.05
Rajshahi,2022,10,10,31.95,32,31.1,30.85
Rajshahi,2022,10,11,30.25,32,31.5,30.45
Rajshahi,2022,10,12,29.65,31.45,31.45,29.1
Rajshahi,2022,10,13,30.95,31.5,31.1,29.05
Rajshahi,2022,10,14,31,31.4,31.1,29.1
Rajshahi,2022,10,15,30.4,31.2,31.1,28.75
Rajshahi,2022,10,16,30.25,30.9,30.95,28.4
Rajshahi,2022,10,17,30.2,30.7,30.9,28.05
Rajshahi,2022,10,18,29.5,30.55,30.7,27.85
Rajshahi,2022,10,19,29.7,30.4,30.65,27.9
Rajshahi,2022,10,20,29.2,29.9,30.05,27.6
Rajshahi,2022,10,21,28.8,30,30.1,27.65
Rajshahi,2022,10,22,29.05,30,30,28.05
Rajshahi,2022,10,23,29.15,30,30,28.55
Rajshahi,2022,10,24,27.9,29.65,30,26.1
Rajshahi,2022,10,25,27.75,28.9,29.35,25.9
Rajshahi,2022,10,26,28.05,29,29.15,26.9
Rajshahi,2022,10,27,28.25,29.05,29,26.65
Rajshahi,2022,10,28,28.05,28.45,29,25.45
Rajshahi,2022,10,29,28.5,29,29,26.65
Rajshahi,2022,10,30,28.9,29.1,28.8,26.7
Rajshahi,2022,10,31,28.65,28.45,28.65,25.6
Rajshahi,2022,11,1,28.2,28.85,29.1,25.85
Rajshahi,2022,11,2,28.25,29.1,28.55,26.8
Rajshahi,2022,11,3,28.2,28.45,28.55,25.2
Rajshahi,2022,11,4,27.7,28.35,28.3,25.25
Rajshahi,2022,11,5,27.8,28.35,28.25,25.9
Rajshahi,2022,11,6,27.8,28.3,28.25,25.65
Rajshahi,2022,11,7,27.65,28.1,28.05,25.7
Rajshahi,2022,11,8,27.25,27.9,28.3,24.65
Rajshahi,2022,11,9,26.85,27.45,28,25.4
Rajshahi,2022,11,10,26.6,26.95,26.9,24.95
Rajshahi,2022,11,11,26.8,27.5,27.5,24.55
Rajshahi,2022,11,12,26.3,27.2,27.4,24.25
Rajshahi,2022,11,13,25.4,26.7,27.1,22.45
Rajshahi,2022,11,14,24.45,26.1,26.7,22
Rajshahi,2022,11,15,24.95,26,26.4,23.75
Rajshahi,2022,11,16,24.9,26.9,26.25,22.4
Rajshahi,2022,11,17,24,24.7,25.5,22.6
Rajshahi,2022,11,18,24.35,25.35,25.9,22.75
Rajshahi,2022,11,19,24.05,25.25,25.9,23.6
Rajshahi,2022,11,20,23.9,24.95,25.6,23.2
Rajshahi,2022,11,21,23.75,24.9,25.25,22.8
Rajshahi,2022,11,22,23.4,24.85,25.4,21.35
Rajshahi,2022,11,23,22.55,24,24.65,21.65
Rajshahi,2022,11,24,22.75,24.2,24.65,21.45
Rajshahi,2022,11,25,22.9,24.25,24.75,23.6
Rajshahi,2022,11,26,22.75,23.9,24.5,23
Rajshahi,2022,11,27,23.05,24.15,24.4,22
Rajshahi,2022,11,28,23.2,24.1,24.5,22.65
Rajshahi,2022,11,29,22.65,23.75,24.35,22.45
Rajshahi,2022,11,30,23.15,24.05,24.25,23.3
Rajshahi,2022,12,1,23.15,24.05,24.35,22.65
Rajshahi,2022,12,2,23.05,24,24.5,22.5
Rajshahi,2022,12,3,22.45,23.65,24.1,21.2
Rajshahi,2022,12,4,22.2,23.45,23.95,21.15
Rajshahi,2022,12,5,22.35,23.3,23.85,22
Rajshahi,2022,12,6,22.7,23.5,24,22.3
Rajshahi,2022,12,7,22.45,23.1,23.7,21.9
Rajshahi,2022,12,8,22.05,23.1,23.6,21.75
Rajshahi,2022,12,9,21.9,23,23.45,21.3
Rajshahi,2022,12,10,17.15,23.05,23.4,21.35
Rajshahi,2022,12,11,21.95,23,23.35,20.65
Rajshahi,2022,12,12,21.8,23,23.25,20.3
Rajshahi,2022,12,13,21.75,22.9,23.15,20.75
Rajshahi,2022,12,14,21.75,22.9,23.05,19.95
Rajshahi,2022,12,15,20.9,22.25,23,18.75
Rajshahi,2022,12,16,20.05,21.9,22.7,17.5
Rajshahi,2022,12,17,19.6,21.55,22.55,17.5
Rajshahi,2022,12,18,19.95,21.55,22.2,20.6
Rajshahi,2022,12,19,21,22,22.15,22.05
Rajshahi,2022,12,20,21.3,21.9,22.1,20.65
Rajshahi,2022,12,21,21.35,22.05,22.25,21
Rajshahi,2022,12,22,20.85,22,22.5,19.8
Rajshahi,2022,12,23,20.6,22,22.1,18.25
Rajshahi,2022,12,24,19.85,21.45,22,18.65
Rajshahi,2022,12,25,20.45,21.25,21.95,20
Rajshahi,2022,12,26,21,21.55,22,20.65
Rajshahi,2022,12,27,20.75,21,20.6,20.65
Rajshahi,2022,12,28,20.2,21.65,22,18.55
Rajshahi,2022,12,29,18.9,21.05,21.8,16.4
Rajshahi,2022,12,30,19.05,20.45,21.3,17.35
Rajshahi,2022,12,31,19.4,20.55,21.15,17
